direction,model_family,lambda_value,lambda_token,metric,metric_value,numerical_status,reference_origin,raw_reference_value,natural_delta_vs_raw,oriented_delta_vs_raw,zscore_reference_value,natural_delta_vs_zscore,oriented_delta_vs_zscore,canonical_reference_value,natural_delta_vs_canonical,oriented_delta_vs_canonical,contrast,bootstrap_point_estimate,bootstrap_lower,bootstrap_upper,valid_replicates,invalid_replicates,support_token
bejis_2022_to_mugla_2021,baseline,0.0,lambda_0,roc_auc,0.5701742566592274,pass,persisted_step10_metric,0.5922389997163681,-0.02206474305714068,-0.02206474305714068,0.5649705351959404,0.005203721463286959,0.005203721463286959,0.5701682656206,5.9910386274175664e-06,5.9910386274175664e-06,candidate_vs_raw,-0.0220647430571406,-0.039327142407906183,-0.005245673451307227,1000,0,bootstrap_supported_negative
bejis_2022_to_mugla_2021,baseline,0.0,lambda_0,roc_auc,0.5701742566592274,pass,persisted_step10_metric,0.5922389997163681,-0.02206474305714068,-0.02206474305714068,0.5649705351959404,0.005203721463286959,0.005203721463286959,0.5701682656206,5.9910386274175664e-06,5.9910386274175664e-06,candidate_vs_zscore,0.0052037214632869,-0.0011782696936482593,0.011633448195485197,1000,0,interval_includes_zero
bejis_2022_to_mugla_2021,baseline,0.0,lambda_0,roc_auc,0.5701742566592274,pass,persisted_step10_metric,0.5922389997163681,-0.02206474305714068,-0.02206474305714068,0.5649705351959404,0.005203721463286959,0.005203721463286959,0.5701682656206,5.9910386274175664e-06,5.9910386274175664e-06,candidate_vs_canonical,5.9910386274175664e-06,-6.923218472039694e-05,7.635181231734895e-05,1000,0,interval_includes_zero
bejis_2022_to_mugla_2021,baseline,0.0,lambda_0,pr_auc,0.08355504703019692,pass,persisted_step10_metric,0.0936314654400828,-0.010076418409885879,-0.010076418409885879,0.0819456319784706,0.0016094150517263206,0.0016094150517263206,0.0835876596838193,-3.261265362237975e-05,-3.261265362237975e-05,candidate_vs_raw,-0.0100764184098858,-0.017880189365731363,-0.0032240968338674114,1000,0,bootstrap_supported_negative
bejis_2022_to_mugla_2021,baseline,0.0,lambda_0,pr_auc,0.08355504703019692,pass,persisted_step10_metric,0.0936314654400828,-0.010076418409885879,-0.010076418409885879,0.0819456319784706,0.0016094150517263206,0.0016094150517263206,0.0835876596838193,-3.261265362237975e-05,-3.261265362237975e-05,candidate_vs_zscore,0.0016094150517263,-0.0009982044926505791,0.004687575713139178,1000,0,interval_includes_zero
bejis_2022_to_mugla_2021,baseline,0.0,lambda_0,pr_auc,0.08355504703019692,pass,persisted_step10_metric,0.0936314654400828,-0.010076418409885879,-0.010076418409885879,0.0819456319784706,0.0016094150517263206,0.0016094150517263206,0.0835876596838193,-3.261265362237975e-05,-3.261265362237975e-05,candidate_vs_canonical,-3.261265362237975e-05,-0.00011854511343309011,2.2781421565804676e-05,1000,0,interval_includes_zero
bejis_2022_to_mugla_2021,baseline,0.0,lambda_0,brier_score,0.10276954009034424,pass,recomputed_from_persisted_probabilities,0.08987774657814872,0.01289179351219552,-0.01289179351219552,0.10713095471898121,-0.00436141462863697,0.00436141462863697,0.10277477245618555,-5.232365841309483e-06,5.232365841309483e-06,candidate_vs_raw,-0.0128917935121955,-0.015378656675809704,-0.010755927411185206,1000,0,bootstrap_supported_negative
bejis_2022_to_mugla_2021,baseline,0.0,lambda_0,brier_score,0.10276954009034424,pass,recomputed_from_persisted_probabilities,0.08987774657814872,0.01289179351219552,-0.01289179351219552,0.10713095471898121,-0.00436141462863697,0.00436141462863697,0.10277477245618555,-5.232365841309483e-06,5.232365841309483e-06,candidate_vs_zscore,0.0043614146286369,0.0034148229133514705,0.005329281752770741,1000,0,bootstrap_supported_positive
bejis_2022_to_mugla_2021,baseline,0.0,lambda_0,brier_score,0.10276954009034424,pass,recomputed_from_persisted_probabilities,0.08987774657814872,0.01289179351219552,-0.01289179351219552,0.10713095471898121,-0.00436141462863697,0.00436141462863697,0.10277477245618555,-5.232365841309483e-06,5.232365841309483e-06,candidate_vs_canonical,5.232365841309483e-06,-2.2078896523496093e-06,1.3039045904664896e-05,1000,0,interval_includes_zero
bejis_2022_to_mugla_2021,baseline,1e-08,lambda_1e_m8,roc_auc,0.570174243385139,pass,persisted_step10_metric,0.5922389997163681,-0.022064756331229063,-0.022064756331229063,0.5649705351959404,0.005203708189198575,0.005203708189198575,0.5701682656206,5.9777645390335366e-06,5.9777645390335366e-06,candidate_vs_raw,-0.022064756331229,-0.0393271512392618,-0.005245682374329065,1000,0,bootstrap_supported_negative
bejis_2022_to_mugla_2021,baseline,1e-08,lambda_1e_m8,roc_auc,0.570174243385139,pass,persisted_step10_metric,0.5922389997163681,-0.022064756331229063,-0.022064756331229063,0.5649705351959404,0.005203708189198575,0.005203708189198575,0.5701682656206,5.9777645390335366e-06,5.9777645390335366e-06,candidate_vs_zscore,0.0052037081891985,-0.0011782786347011157,0.011633447647027064,1000,0,interval_includes_zero
bejis_2022_to_mugla_2021,baseline,1e-08,lambda_1e_m8,roc_auc,0.570174243385139,pass,persisted_step10_metric,0.5922389997163681,-0.022064756331229063,-0.022064756331229063,0.5649705351959404,0.005203708189198575,0.005203708189198575,0.5701682656206,5.9777645390335366e-06,5.9777645390335366e-06,candidate_vs_canonical,5.9777645390335366e-06,-6.92451763059737e-05,7.634697586163249e-05,1000,0,interval_includes_zero
bejis_2022_to_mugla_2021,baseline,1e-08,lambda_1e_m8,pr_auc,0.08355504495784596,pass,persisted_step10_metric,0.0936314654400828,-0.010076420482236836,-0.010076420482236836,0.0819456319784706,0.001609412979375363,0.001609412979375363,0.0835876596838193,-3.2614725973337255e-05,-3.2614725973337255e-05,candidate_vs_raw,-0.0100764204822368,-0.01788019533880558,-0.0032241028833027807,1000,0,bootstrap_supported_negative
bejis_2022_to_mugla_2021,baseline,1e-08,lambda_1e_m8,pr_auc,0.08355504495784596,pass,persisted_step10_metric,0.0936314654400828,-0.010076420482236836,-0.010076420482236836,0.0819456319784706,0.001609412979375363,0.001609412979375363,0.0835876596838193,-3.2614725973337255e-05,-3.2614725973337255e-05,candidate_vs_zscore,0.0016094129793753,-0.0009982044926505791,0.004687569700326699,1000,0,interval_includes_zero
bejis_2022_to_mugla_2021,baseline,1e-08,lambda_1e_m8,pr_auc,0.08355504495784596,pass,persisted_step10_metric,0.0936314654400828,-0.010076420482236836,-0.010076420482236836,0.0819456319784706,0.001609412979375363,0.001609412979375363,0.0835876596838193,-3.2614725973337255e-05,-3.2614725973337255e-05,candidate_vs_canonical,-3.2614725973337255e-05,-0.00011854968819560857,2.2781421565804676e-05,1000,0,interval_includes_zero
bejis_2022_to_mugla_2021,baseline,1e-08,lambda_1e_m8,brier_score,0.10276954009034424,pass,recomputed_from_persisted_probabilities,0.08987774657814872,0.01289179351219552,-0.01289179351219552,0.10713095471898121,-0.00436141462863697,0.00436141462863697,0.10277477245618555,-5.232365841309483e-06,5.232365841309483e-06,candidate_vs_raw,-0.0128917935121955,-0.015378656675809704,-0.010755927411185206,1000,0,bootstrap_supported_negative
bejis_2022_to_mugla_2021,baseline,1e-08,lambda_1e_m8,brier_score,0.10276954009034424,pass,recomputed_from_persisted_probabilities,0.08987774657814872,0.01289179351219552,-0.01289179351219552,0.10713095471898121,-0.00436141462863697,0.00436141462863697,0.10277477245618555,-5.232365841309483e-06,5.232365841309483e-06,candidate_vs_zscore,0.0043614146286369,0.0034148229133514705,0.005329281752770741,1000,0,bootstrap_supported_positive
bejis_2022_to_mugla_2021,baseline,1e-08,lambda_1e_m8,brier_score,0.10276954009034424,pass,recomputed_from_persisted_probabilities,0.08987774657814872,0.01289179351219552,-0.01289179351219552,0.10713095471898121,-0.00436141462863697,0.00436141462863697,0.10277477245618555,-5.232365841309483e-06,5.232365841309483e-06,candidate_vs_canonical,5.232365841309483e-06,-2.207889652376671e-06,1.3039045904664896e-05,1000,0,interval_includes_zero
bejis_2022_to_mugla_2021,baseline,1e-07,lambda_1e_m7,roc_auc,0.5701742522345313,pass,persisted_step10_metric,0.5922389997163681,-0.022064747481836733,-0.022064747481836733,0.5649705351959404,0.005203717038590905,0.005203717038590905,0.5701682656206,5.986613931363571e-06,5.986613931363571e-06,candidate_vs_raw,-0.0220647474818367,-0.039327142636448084,-0.005245673451307227,1000,0,bootstrap_supported_negative
bejis_2022_to_mugla_2021,baseline,1e-07,lambda_1e_m7,roc_auc,0.5701742522345313,pass,persisted_step10_metric,0.5922389997163681,-0.022064747481836733,-0.022064747481836733,0.5649705351959404,0.005203717038590905,0.005203717038590905,0.5701682656206,5.986613931363571e-06,5.986613931363571e-06,candidate_vs_zscore,0.0052037170385909,-0.0011782786347012241,0.011633448195485197,1000,0,interval_includes_zero
bejis_2022_to_mugla_2021,baseline,1e-07,lambda_1e_m7,roc_auc,0.5701742522345313,pass,persisted_step10_metric,0.5922389997163681,-0.022064747481836733,-0.022064747481836733,0.5649705351959404,0.005203717038590905,0.005203717038590905,0.5701682656206,5.986613931363571e-06,5.986613931363571e-06,candidate_vs_canonical,5.986613931363571e-06,-6.92451763059737e-05,7.634730942920327e-05,1000,0,interval_includes_zero
bejis_2022_to_mugla_2021,baseline,1e-07,lambda_1e_m7,pr_auc,0.08355504703019691,pass,persisted_step10_metric,0.0936314654400828,-0.010076418409885893,-0.010076418409885893,0.0819456319784706,0.0016094150517263067,0.0016094150517263067,0.0835876596838193,-3.261265362239363e-05,-3.261265362239363e-05,candidate_vs_raw,-0.0100764184098858,-0.017880189365731377,-0.0032240968338674114,1000,0,bootstrap_supported_negative
bejis_2022_to_mugla_2021,baseline,1e-07,lambda_1e_m7,pr_auc,0.08355504703019691,pass,persisted_step10_metric,0.0936314654400828,-0.010076418409885893,-0.010076418409885893,0.0819456319784706,0.0016094150517263067,0.0016094150517263067,0.0835876596838193,-3.261265362239363e-05,-3.261265362239363e-05,candidate_vs_zscore,0.0016094150517263,-0.0009982044926505791,0.004687575713139178,1000,0,interval_includes_zero
bejis_2022_to_mugla_2021,baseline,1e-07,lambda_1e_m7,pr_auc,0.08355504703019691,pass,persisted_step10_metric,0.0936314654400828,-0.010076418409885893,-0.010076418409885893,0.0819456319784706,0.0016094150517263067,0.0016094150517263067,0.0835876596838193,-3.261265362239363e-05,-3.261265362239363e-05,candidate_vs_canonical,-3.261265362239363e-05,-0.00011854511343309011,2.2781421565804676e-05,1000,0,interval_includes_zero
bejis_2022_to_mugla_2021,baseline,1e-07,lambda_1e_m7,brier_score,0.10276954009034424,pass,recomputed_from_persisted_probabilities,0.08987774657814872,0.01289179351219552,-0.01289179351219552,0.10713095471898121,-0.00436141462863697,0.00436141462863697,0.10277477245618555,-5.232365841309483e-06,5.232365841309483e-06,candidate_vs_raw,-0.0128917935121955,-0.015378656675809704,-0.010755927411185206,1000,0,bootstrap_supported_negative
bejis_2022_to_mugla_2021,baseline,1e-07,lambda_1e_m7,brier_score,0.10276954009034424,pass,recomputed_from_persisted_probabilities,0.08987774657814872,0.01289179351219552,-0.01289179351219552,0.10713095471898121,-0.00436141462863697,0.00436141462863697,0.10277477245618555,-5.232365841309483e-06,5.232365841309483e-06,candidate_vs_zscore,0.0043614146286369,0.0034148229133514705,0.005329281752770741,1000,0,bootstrap_supported_positive
bejis_2022_to_mugla_2021,baseline,1e-07,lambda_1e_m7,brier_score,0.10276954009034424,pass,recomputed_from_persisted_probabilities,0.08987774657814872,0.01289179351219552,-0.01289179351219552,0.10713095471898121,-0.00436141462863697,0.00436141462863697,0.10277477245618555,-5.232365841309483e-06,5.232365841309483e-06,candidate_vs_canonical,5.232365841309483e-06,-2.207889652376671e-06,1.3039045904664896e-05,1000,0,interval_includes_zero
bejis_2022_to_mugla_2021,baseline,1e-06,lambda_1e_m6,roc_auc,0.5701738628612676,pass,persisted_step10_metric,0.5922389997163681,-0.022065136855100476,-0.022065136855100476,0.5649705351959404,0.005203327665327162,0.005203327665327162,0.5701682656206,5.597240667620795e-06,5.597240667620795e-06,candidate_vs_raw,-0.0220651368551004,-0.03932743421794823,-0.005246755216709605,1000,0,bootstrap_supported_negative
bejis_2022_to_mugla_2021,baseline,1e-06,lambda_1e_m6,roc_auc,0.5701738628612676,pass,persisted_step10_metric,0.5922389997163681,-0.022065136855100476,-0.022065136855100476,0.5649705351959404,0.005203327665327162,0.005203327665327162,0.5701682656206,5.597240667620795e-06,5.597240667620795e-06,candidate_vs_zscore,0.0052033276653271,-0.001179222727769441,0.011632887332335891,1000,0,interval_includes_zero
bejis_2022_to_mugla_2021,baseline,1e-06,lambda_1e_m6,roc_auc,0.5701738628612676,pass,persisted_step10_metric,0.5922389997163681,-0.022065136855100476,-0.022065136855100476,0.5649705351959404,0.005203327665327162,0.005203327665327162,0.5701682656206,5.597240667620795e-06,5.597240667620795e-06,candidate_vs_canonical,5.597240667620795e-06,-6.98168060718346e-05,7.623779410737549e-05,1000,0,interval_includes_zero
bejis_2022_to_mugla_2021,baseline,1e-06,lambda_1e_m6,pr_auc,0.08355470758887676,pass,persisted_step10_metric,0.0936314654400828,-0.010076757851206042,-0.010076757851206042,0.0819456319784706,0.0016090756104061577,0.0016090756104061577,0.0835876596838193,-3.29520949425427e-05,-3.29520949425427e-05,candidate_vs_raw,-0.010076757851206,-0.017880521511502018,-0.0032242671036443555,1000,0,bootstrap_supported_negative
bejis_2022_to_mugla_2021,baseline,1e-06,lambda_1e_m6,pr_auc,0.08355470758887676,pass,persisted_step10_metric,0.0936314654400828,-0.010076757851206042,-0.010076757851206042,0.0819456319784706,0.0016090756104061577,0.0016090756104061577,0.0835876596838193,-3.29520949425427e-05,-3.29520949425427e-05,candidate_vs_zscore,0.0016090756104061,-0.000999810042986307,0.004687007213472393,1000,0,interval_includes_zero
bejis_2022_to_mugla_2021,baseline,1e-06,lambda_1e_m6,pr_auc,0.08355470758887676,pass,persisted_step10_metric,0.0936314654400828,-0.010076757851206042,-0.010076757851206042,0.0819456319784706,0.0016090756104061577,0.0016090756104061577,0.0835876596838193,-3.29520949425427e-05,-3.29520949425427e-05,candidate_vs_canonical,-3.29520949425427e-05,-0.00011907123831221936,2.2349101701169685e-05,1000,0,interval_includes_zero
bejis_2022_to_mugla_2021,baseline,1e-06,lambda_1e_m6,brier_score,0.1027696602441431,pass,recomputed_from_persisted_probabilities,0.08987774657814872,0.012891913665994376,-0.012891913665994376,0.10713095471898121,-0.004361294474838115,0.004361294474838115,0.10277477245618555,-5.1122120424546e-06,5.1122120424546e-06,candidate_vs_raw,-0.0128919136659943,-0.015378855216827959,-0.010756010184886344,1000,0,bootstrap_supported_negative
bejis_2022_to_mugla_2021,baseline,1e-06,lambda_1e_m6,brier_score,0.1027696602441431,pass,recomputed_from_persisted_probabilities,0.08987774657814872,0.012891913665994376,-0.012891913665994376,0.10713095471898121,-0.004361294474838115,0.004361294474838115,0.10277477245618555,-5.1122120424546e-06,5.1122120424546e-06,candidate_vs_zscore,0.0043612944748381,0.0034147947527049657,0.005329146936495248,1000,0,bootstrap_supported_positive
bejis_2022_to_mugla_2021,baseline,1e-06,lambda_1e_m6,brier_score,0.1027696602441431,pass,recomputed_from_persisted_probabilities,0.08987774657814872,0.012891913665994376,-0.012891913665994376,0.10713095471898121,-0.004361294474838115,0.004361294474838115,0.10277477245618555,-5.1122120424546e-06,5.1122120424546e-06,candidate_vs_canonical,5.1122120424546e-06,-2.372062955102727e-06,1.2875852402451786e-05,1000,0,interval_includes_zero
bejis_2022_to_mugla_2021,baseline,1e-05,lambda_1e_m5,roc_auc,0.5701682567712076,pass,persisted_step10_metric,0.5922389997163681,-0.022070742945160426,-0.022070742945160426,0.5649705351959404,0.005197721575267211,0.005197721575267211,0.5701682656206,-8.849392330034789e-09,-8.849392330034789e-09,candidate_vs_raw,-0.0220707429451604,-0.039259849517845676,-0.005295359710788678,1000,0,bootstrap_supported_negative
bejis_2022_to_mugla_2021,baseline,1e-05,lambda_1e_m5,roc_auc,0.5701682567712076,pass,persisted_step10_metric,0.5922389997163681,-0.022070742945160426,-0.022070742945160426,0.5649705351959404,0.005197721575267211,0.005197721575267211,0.5701682656206,-8.849392330034789e-09,-8.849392330034789e-09,candidate_vs_zscore,0.0051977215752672,-0.0011882013781253696,0.011665556204625624,1000,0,interval_includes_zero
bejis_2022_to_mugla_2021,baseline,1e-05,lambda_1e_m5,roc_auc,0.5701682567712076,pass,persisted_step10_metric,0.5922389997163681,-0.022070742945160426,-0.022070742945160426,0.5649705351959404,0.005197721575267211,0.005197721575267211,0.5701682656206,-8.849392330034789e-09,-8.849392330034789e-09,candidate_vs_canonical,-8.849392330034789e-09,-4.442166149087878e-08,1.1102230246251565e-16,1000,0,interval_includes_zero
bejis_2022_to_mugla_2021,baseline,1e-05,lambda_1e_m5,pr_auc,0.0835876596838193,pass,persisted_step10_metric,0.0936314654400828,-0.0100438057562635,-0.0100438057562635,0.0819456319784706,0.0016420277053487004,0.0016420277053487004,0.0835876596838193,0.0,0.0,candidate_vs_raw,-0.0100438057562635,-0.017858115153245934,-0.0031010575315435387,1000,0,bootstrap_supported_negative
bejis_2022_to_mugla_2021,baseline,1e-05,lambda_1e_m5,pr_auc,0.0835876596838193,pass,persisted_step10_metric,0.0936314654400828,-0.0100438057562635,-0.0100438057562635,0.0819456319784706,0.0016420277053487004,0.0016420277053487004,0.0835876596838193,0.0,0.0,candidate_vs_zscore,0.0016420277053487,-0.0009926758369129495,0.004745202780470551,1000,0,interval_includes_zero
bejis_2022_to_mugla_2021,baseline,1e-05,lambda_1e_m5,pr_auc,0.0835876596838193,pass,persisted_step10_metric,0.0936314654400828,-0.0100438057562635,-0.0100438057562635,0.0819456319784706,0.0016420277053487004,0.0016420277053487004,0.0835876596838193,0.0,0.0,candidate_vs_canonical,0.0,-1.3877787807814457e-17,1.3877787807814457e-17,1000,0,interval_includes_zero
bejis_2022_to_mugla_2021,baseline,1e-05,lambda_1e_m5,brier_score,0.10277477245618555,pass,recomputed_from_persisted_probabilities,0.08987774657814872,0.01289702587803683,-0.01289702587803683,0.10713095471898121,-0.00435618226279566,0.00435618226279566,0.10277477245618555,0.0,0.0,candidate_vs_raw,-0.0128970258780368,-0.01538303876787223,-0.010760913029916,1000,0,bootstrap_supported_negative
bejis_2022_to_mugla_2021,baseline,1e-05,lambda_1e_m5,brier_score,0.10277477245618555,pass,recomputed_from_persisted_probabilities,0.08987774657814872,0.01289702587803683,-0.01289702587803683,0.10713095471898121,-0.00435618226279566,0.00435618226279566,0.10277477245618555,0.0,0.0,candidate_vs_zscore,0.0043561822627956,0.003409668645573802,0.005323615709547817,1000,0,bootstrap_supported_positive
bejis_2022_to_mugla_2021,baseline,1e-05,lambda_1e_m5,brier_score,0.10277477245618555,pass,recomputed_from_persisted_probabilities,0.08987774657814872,0.01289702587803683,-0.01289702587803683,0.10713095471898121,-0.00435618226279566,0.00435618226279566,0.10277477245618555,0.0,0.0,candidate_vs_canonical,0.0,-2.7755575615628914e-17,1.3877787807814457e-17,1000,0,interval_includes_zero
bejis_2022_to_mugla_2021,baseline,0.0001,lambda_1e_m4,roc_auc,0.569442655269381,pass,persisted_step10_metric,0.5922389997163681,-0.022796344446987082,-0.022796344446987082,0.5649705351959404,0.004472120073440555,0.004472120073440555,0.5701682656206,-0.000725610351218986,-0.000725610351218986,candidate_vs_raw,-0.022796344446987,-0.04002803322890638,-0.006189113732655559,1000,0,bootstrap_supported_negative
bejis_2022_to_mugla_2021,baseline,0.0001,lambda_1e_m4,roc_auc,0.569442655269381,pass,persisted_step10_metric,0.5922389997163681,-0.022796344446987082,-0.022796344446987082,0.5649705351959404,0.004472120073440555,0.004472120073440555,0.5701682656206,-0.000725610351218986,-0.000725610351218986,candidate_vs_zscore,0.0044721200734405,-0.0019361188415924961,0.010867676291781878,1000,0,interval_includes_zero
bejis_2022_to_mugla_2021,baseline,0.0001,lambda_1e_m4,roc_auc,0.569442655269381,pass,persisted_step10_metric,0.5922389997163681,-0.022796344446987082,-0.022796344446987082,0.5649705351959404,0.004472120073440555,0.004472120073440555,0.5701682656206,-0.000725610351218986,-0.000725610351218986,candidate_vs_canonical,-0.0007256103512189,-0.0011584957916677852,-0.0002980767168873107,1000,0,bootstrap_supported_negative
bejis_2022_to_mugla_2021,baseline,0.0001,lambda_1e_m4,pr_auc,0.0835301856737684,pass,persisted_step10_metric,0.0936314654400828,-0.010101279766314405,-0.010101279766314405,0.0819456319784706,0.001584553695297794,0.001584553695297794,0.0835876596838193,-5.7474010050906355e-05,-5.7474010050906355e-05,candidate_vs_raw,-0.0101012797663144,-0.01789137973966792,-0.0031865372672296977,1000,0,bootstrap_supported_negative
bejis_2022_to_mugla_2021,baseline,0.0001,lambda_1e_m4,pr_auc,0.0835301856737684,pass,persisted_step10_metric,0.0936314654400828,-0.010101279766314405,-0.010101279766314405,0.0819456319784706,0.001584553695297794,0.001584553695297794,0.0835876596838193,-5.7474010050906355e-05,-5.7474010050906355e-05,candidate_vs_zscore,0.0015845536952977,-0.0010637066144414766,0.0046461477815484325,1000,0,interval_includes_zero
bejis_2022_to_mugla_2021,baseline,0.0001,lambda_1e_m4,pr_auc,0.0835301856737684,pass,persisted_step10_metric,0.0936314654400828,-0.010101279766314405,-0.010101279766314405,0.0819456319784706,0.001584553695297794,0.001584553695297794,0.0835876596838193,-5.7474010050906355e-05,-5.7474010050906355e-05,candidate_vs_canonical,-5.747401005090636e-05,-0.00022088535980375432,0.00011566966442748403,1000,0,interval_includes_zero
bejis_2022_to_mugla_2021,baseline,0.0001,lambda_1e_m4,brier_score,0.10279551882753654,pass,recomputed_from_persisted_probabilities,0.08987774657814872,0.012917772249387824,-0.012917772249387824,0.10713095471898121,-0.004335435891444667,0.004335435891444667,0.10277477245618555,2.0746371350993664e-05,-2.0746371350993664e-05,candidate_vs_raw,-0.0129177722493878,-0.015403779842098418,-0.01078862995214184,1000,0,bootstrap_supported_negative
bejis_2022_to_mugla_2021,baseline,0.0001,lambda_1e_m4,brier_score,0.10279551882753654,pass,recomputed_from_persisted_probabilities,0.08987774657814872,0.012917772249387824,-0.012917772249387824,0.10713095471898121,-0.004335435891444667,0.004335435891444667,0.10277477245618555,2.0746371350993664e-05,-2.0746371350993664e-05,candidate_vs_zscore,0.0043354358914446,0.0033913412038649978,0.005314829761154073,1000,0,bootstrap_supported_positive
bejis_2022_to_mugla_2021,baseline,0.0001,lambda_1e_m4,brier_score,0.10279551882753654,pass,recomputed_from_persisted_probabilities,0.08987774657814872,0.012917772249387824,-0.012917772249387824,0.10713095471898121,-0.004335435891444667,0.004335435891444667,0.10277477245618555,2.0746371350993664e-05,-2.0746371350993664e-05,candidate_vs_canonical,-2.0746371350993664e-05,-5.05625342118135e-05,9.451107818843683e-06,1000,0,interval_includes_zero
bejis_2022_to_mugla_2021,baseline,0.001,lambda_1e_m3,roc_auc,0.5697416054420719,pass,persisted_step10_metric,0.5922389997163681,-0.0224973942742962,-0.0224973942742962,0.5649705351959404,0.004771070246131437,0.004771070246131437,0.5701682656206,-0.00042666017852810434,-0.00042666017852810434,candidate_vs_raw,-0.0224973942742962,-0.039880269059465866,-0.006069876594186107,1000,0,bootstrap_supported_negative
bejis_2022_to_mugla_2021,baseline,0.001,lambda_1e_m3,roc_auc,0.5697416054420719,pass,persisted_step10_metric,0.5922389997163681,-0.0224973942742962,-0.0224973942742962,0.5649705351959404,0.004771070246131437,0.004771070246131437,0.5701682656206,-0.00042666017852810434,-0.00042666017852810434,candidate_vs_zscore,0.0047710702461314,-0.0015187697731235434,0.011378783355961774,1000,0,interval_includes_zero
bejis_2022_to_mugla_2021,baseline,0.001,lambda_1e_m3,roc_auc,0.5697416054420719,pass,persisted_step10_metric,0.5922389997163681,-0.0224973942742962,-0.0224973942742962,0.5649705351959404,0.004771070246131437,0.004771070246131437,0.5701682656206,-0.00042666017852810434,-0.00042666017852810434,candidate_vs_canonical,-0.0004266601785281,-0.0017100883837474407,0.0009765513383287287,1000,0,interval_includes_zero
bejis_2022_to_mugla_2021,baseline,0.001,lambda_1e_m3,pr_auc,0.08314562827222363,pass,persisted_step10_metric,0.0936314654400828,-0.010485837167859169,-0.010485837167859169,0.0819456319784706,0.0011999962937530306,0.0011999962937530306,0.0835876596838193,-0.0004420314115956697,-0.0004420314115956697,candidate_vs_raw,-0.0104858371678591,-0.01833204519177843,-0.0037841524841711557,1000,0,bootstrap_supported_negative
bejis_2022_to_mugla_2021,baseline,0.001,lambda_1e_m3,pr_auc,0.08314562827222363,pass,persisted_step10_metric,0.0936314654400828,-0.010485837167859169,-0.010485837167859169,0.0819456319784706,0.0011999962937530306,0.0011999962937530306,0.0835876596838193,-0.0004420314115956697,-0.0004420314115956697,candidate_vs_zscore,0.001199996293753,-0.0013993666467341562,0.004307825534669091,1000,0,interval_includes_zero
bejis_2022_to_mugla_2021,baseline,0.001,lambda_1e_m3,pr_auc,0.08314562827222363,pass,persisted_step10_metric,0.0936314654400828,-0.010485837167859169,-0.010485837167859169,0.0819456319784706,0.0011999962937530306,0.0011999962937530306,0.0835876596838193,-0.0004420314115956697,-0.0004420314115956697,candidate_vs_canonical,-0.0004420314115956,-0.000999350109992602,2.538271288383694e-05,1000,0,interval_includes_zero
bejis_2022_to_mugla_2021,baseline,0.001,lambda_1e_m3,brier_score,0.10261452013336242,pass,recomputed_from_persisted_probabilities,0.08987774657814872,0.012736773555213701,-0.012736773555213701,0.10713095471898121,-0.004516434585618789,0.004516434585618789,0.10277477245618555,-0.00016025232282312896,0.00016025232282312896,candidate_vs_raw,-0.0127367735552137,-0.015135936566011688,-0.010576415491912518,1000,0,bootstrap_supported_negative
bejis_2022_to_mugla_2021,baseline,0.001,lambda_1e_m3,brier_score,0.10261452013336242,pass,recomputed_from_persisted_probabilities,0.08987774657814872,0.012736773555213701,-0.012736773555213701,0.10713095471898121,-0.004516434585618789,0.004516434585618789,0.10277477245618555,-0.00016025232282312896,0.00016025232282312896,candidate_vs_zscore,0.0045164345856187,0.0035585888330898156,0.005492694457635722,1000,0,bootstrap_supported_positive
bejis_2022_to_mugla_2021,baseline,0.001,lambda_1e_m3,brier_score,0.10261452013336242,pass,recomputed_from_persisted_probabilities,0.08987774657814872,0.012736773555213701,-0.012736773555213701,0.10713095471898121,-0.004516434585618789,0.004516434585618789,0.10277477245618555,-0.00016025232282312896,0.00016025232282312896,candidate_vs_canonical,0.0001602523228231,5.1795312979091565e-05,0.00027713209223717106,1000,0,bootstrap_supported_positive
bejis_2022_to_mugla_2021,baseline,0.01,lambda_1e_m2,roc_auc,0.5737165843515363,pass,persisted_step10_metric,0.5922389997163681,-0.01852241536483179,-0.01852241536483179,0.5649705351959404,0.008746049155595848,0.008746049155595848,0.5701682656206,0.0035483187309363062,0.0035483187309363062,candidate_vs_raw,-0.0185224153648317,-0.03567835535178877,-0.0015446231037979188,1000,0,bootstrap_supported_negative
bejis_2022_to_mugla_2021,baseline,0.01,lambda_1e_m2,roc_auc,0.5737165843515363,pass,persisted_step10_metric,0.5922389997163681,-0.01852241536483179,-0.01852241536483179,0.5649705351959404,0.008746049155595848,0.008746049155595848,0.5701682656206,0.0035483187309363062,0.0035483187309363062,candidate_vs_zscore,0.0087460491555958,0.0025208755992100125,0.014774666846456976,1000,0,bootstrap_supported_positive
bejis_2022_to_mugla_2021,baseline,0.01,lambda_1e_m2,roc_auc,0.5737165843515363,pass,persisted_step10_metric,0.5922389997163681,-0.01852241536483179,-0.01852241536483179,0.5649705351959404,0.008746049155595848,0.008746049155595848,0.5701682656206,0.0035483187309363062,0.0035483187309363062,candidate_vs_canonical,0.0035483187309363,0.0017975652182809665,0.005254319475190246,1000,0,bootstrap_supported_positive
bejis_2022_to_mugla_2021,baseline,0.01,lambda_1e_m2,pr_auc,0.0834627018715452,pass,persisted_step10_metric,0.0936314654400828,-0.010168763568537603,-0.010168763568537603,0.0819456319784706,0.0015170698930745963,0.0015170698930745963,0.0835876596838193,-0.00012495781227410407,-0.00012495781227410407,candidate_vs_raw,-0.0101687635685376,-0.018150546517292355,-0.003353095961961496,1000,0,bootstrap_supported_negative
bejis_2022_to_mugla_2021,baseline,0.01,lambda_1e_m2,pr_auc,0.0834627018715452,pass,persisted_step10_metric,0.0936314654400828,-0.010168763568537603,-0.010168763568537603,0.0819456319784706,0.0015170698930745963,0.0015170698930745963,0.0835876596838193,-0.00012495781227410407,-0.00012495781227410407,candidate_vs_zscore,0.0015170698930745,-0.0010528171738865845,0.0043277575836209205,1000,0,interval_includes_zero
bejis_2022_to_mugla_2021,baseline,0.01,lambda_1e_m2,pr_auc,0.0834627018715452,pass,persisted_step10_metric,0.0936314654400828,-0.010168763568537603,-0.010168763568537603,0.0819456319784706,0.0015170698930745963,0.0015170698930745963,0.0835876596838193,-0.00012495781227410407,-0.00012495781227410407,candidate_vs_canonical,-0.0001249578122741,-0.0008285193562085304,0.0003866271428013809,1000,0,interval_includes_zero
bejis_2022_to_mugla_2021,baseline,0.01,lambda_1e_m2,brier_score,0.10228080583338343,pass,recomputed_from_persisted_probabilities,0.08987774657814872,0.012403059255234716,-0.012403059255234716,0.10713095471898121,-0.004850148885597774,0.004850148885597774,0.10277477245618555,-0.0004939666228021139,0.0004939666228021139,candidate_vs_raw,-0.0124030592552347,-0.0148163832212382,-0.010261191088282568,1000,0,bootstrap_supported_negative
bejis_2022_to_mugla_2021,baseline,0.01,lambda_1e_m2,brier_score,0.10228080583338343,pass,recomputed_from_persisted_probabilities,0.08987774657814872,0.012403059255234716,-0.012403059255234716,0.10713095471898121,-0.004850148885597774,0.004850148885597774,0.10277477245618555,-0.0004939666228021139,0.0004939666228021139,candidate_vs_zscore,0.0048501488855977,0.003908369531353943,0.005785880834874225,1000,0,bootstrap_supported_positive
bejis_2022_to_mugla_2021,baseline,0.01,lambda_1e_m2,brier_score,0.10228080583338343,pass,recomputed_from_persisted_probabilities,0.08987774657814872,0.012403059255234716,-0.012403059255234716,0.10713095471898121,-0.004850148885597774,0.004850148885597774,0.10277477245618555,-0.0004939666228021139,0.0004939666228021139,candidate_vs_canonical,0.0004939666228021,0.0003234514989899965,0.0006485523496024901,1000,0,bootstrap_supported_positive
bejis_2022_to_mugla_2021,baseline,0.1,lambda_1e_m1,roc_auc,0.5636362238159645,pass,persisted_step10_metric,0.5922389997163681,-0.02860277590040361,-0.02860277590040361,0.5649705351959404,-0.001334311379975972,-0.001334311379975972,0.5701682656206,-0.006532041804635513,-0.006532041804635513,candidate_vs_raw,-0.0286027759004036,-0.04697040714075752,-0.011364105959695999,1000,0,bootstrap_supported_negative
bejis_2022_to_mugla_2021,baseline,0.1,lambda_1e_m1,roc_auc,0.5636362238159645,pass,persisted_step10_metric,0.5922389997163681,-0.02860277590040361,-0.02860277590040361,0.5649705351959404,-0.001334311379975972,-0.001334311379975972,0.5701682656206,-0.006532041804635513,-0.006532041804635513,candidate_vs_zscore,-0.0013343113799759,-0.0071885283281908074,0.004220435143041481,1000,0,interval_includes_zero
bejis_2022_to_mugla_2021,baseline,0.1,lambda_1e_m1,roc_auc,0.5636362238159645,pass,persisted_step10_metric,0.5922389997163681,-0.02860277590040361,-0.02860277590040361,0.5649705351959404,-0.001334311379975972,-0.001334311379975972,0.5701682656206,-0.006532041804635513,-0.006532041804635513,candidate_vs_canonical,-0.0065320418046355,-0.00941859714728264,-0.00372262150429526,1000,0,bootstrap_supported_negative
bejis_2022_to_mugla_2021,baseline,0.1,lambda_1e_m1,pr_auc,0.08231608937545817,pass,persisted_step10_metric,0.0936314654400828,-0.011315376064624627,-0.011315376064624627,0.0819456319784706,0.0003704573969875724,0.0003704573969875724,0.0835876596838193,-0.001271570308361128,-0.001271570308361128,candidate_vs_raw,-0.0113153760646246,-0.01926358779413267,-0.004231559380889939,1000,0,bootstrap_supported_negative
bejis_2022_to_mugla_2021,baseline,0.1,lambda_1e_m1,pr_auc,0.08231608937545817,pass,persisted_step10_metric,0.0936314654400828,-0.011315376064624627,-0.011315376064624627,0.0819456319784706,0.0003704573969875724,0.0003704573969875724,0.0835876596838193,-0.001271570308361128,-0.001271570308361128,candidate_vs_zscore,0.0003704573969875,-0.001986437074230639,0.0031302321830068,1000,0,interval_includes_zero
bejis_2022_to_mugla_2021,baseline,0.1,lambda_1e_m1,pr_auc,0.08231608937545817,pass,persisted_step10_metric,0.0936314654400828,-0.011315376064624627,-0.011315376064624627,0.0819456319784706,0.0003704573969875724,0.0003704573969875724,0.0835876596838193,-0.001271570308361128,-0.001271570308361128,candidate_vs_canonical,-0.0012715703083611,-0.002249776002864538,-0.00042220576257689317,1000,0,bootstrap_supported_negative
bejis_2022_to_mugla_2021,baseline,0.1,lambda_1e_m1,brier_score,0.10356518121776614,pass,recomputed_from_persisted_probabilities,0.08987774657814872,0.013687434639617427,-0.013687434639617427,0.10713095471898121,-0.0035657735012150638,0.0035657735012150638,0.10277477245618555,0.0007904087615805966,-0.0007904087615805966,candidate_vs_raw,-0.0136874346396174,-0.01608021642742489,-0.011473395199251876,1000,0,bootstrap_supported_negative
bejis_2022_to_mugla_2021,baseline,0.1,lambda_1e_m1,brier_score,0.10356518121776614,pass,recomputed_from_persisted_probabilities,0.08987774657814872,0.013687434639617427,-0.013687434639617427,0.10713095471898121,-0.0035657735012150638,0.0035657735012150638,0.10277477245618555,0.0007904087615805966,-0.0007904087615805966,candidate_vs_zscore,0.003565773501215,0.0026232933111364747,0.004527370216946279,1000,0,bootstrap_supported_positive
bejis_2022_to_mugla_2021,baseline,0.1,lambda_1e_m1,brier_score,0.10356518121776614,pass,recomputed_from_persisted_probabilities,0.08987774657814872,0.013687434639617427,-0.013687434639617427,0.10713095471898121,-0.0035657735012150638,0.0035657735012150638,0.10277477245618555,0.0007904087615805966,-0.0007904087615805966,candidate_vs_canonical,-0.0007904087615805,-0.001100712786052485,-0.00048615519285294466,1000,0,bootstrap_supported_negative
bejis_2022_to_mugla_2021,thermal,0.0,lambda_0,roc_auc,0.5061489604587821,pass,persisted_step10_metric,0.6184747489978262,-0.11232578853904407,-0.11232578853904407,0.5177332840752557,-0.011584323616473546,-0.011584323616473546,0.5066377964680288,-0.0004888360092466515,-0.0004888360092466515,candidate_vs_raw,-0.112325788539044,-0.13044059103547737,-0.09253189617027169,1000,0,bootstrap_supported_negative
bejis_2022_to_mugla_2021,thermal,0.0,lambda_0,roc_auc,0.5061489604587821,pass,persisted_step10_metric,0.6184747489978262,-0.11232578853904407,-0.11232578853904407,0.5177332840752557,-0.011584323616473546,-0.011584323616473546,0.5066377964680288,-0.0004888360092466515,-0.0004888360092466515,candidate_vs_zscore,-0.0115843236164735,-0.022569319726688526,0.00023324715639328147,1000,0,interval_includes_zero
bejis_2022_to_mugla_2021,thermal,0.0,lambda_0,roc_auc,0.5061489604587821,pass,persisted_step10_metric,0.6184747489978262,-0.11232578853904407,-0.11232578853904407,0.5177332840752557,-0.011584323616473546,-0.011584323616473546,0.5066377964680288,-0.0004888360092466515,-0.0004888360092466515,candidate_vs_canonical,-0.0004888360092466,-0.00152821529451702,0.0005492102232057204,1000,0,interval_includes_zero
bejis_2022_to_mugla_2021,thermal,0.0,lambda_0,pr_auc,0.06893082694962985,pass,persisted_step10_metric,0.0925385912286984,-0.02360776427906855,-0.02360776427906855,0.0688239034545231,0.00010692349510674215,0.00010692349510674215,0.0690723899914225,-0.00014156304179265,-0.00014156304179265,candidate_vs_raw,-0.0236077642790685,-0.029302000421548513,-0.01807880002199894,1000,0,bootstrap_supported_negative
bejis_2022_to_mugla_2021,thermal,0.0,lambda_0,pr_auc,0.06893082694962985,pass,persisted_step10_metric,0.0925385912286984,-0.02360776427906855,-0.02360776427906855,0.0688239034545231,0.00010692349510674215,0.00010692349510674215,0.0690723899914225,-0.00014156304179265,-0.00014156304179265,candidate_vs_zscore,0.0001069234951067,-0.0020898021011870023,0.002643916167039153,1000,0,interval_includes_zero
bejis_2022_to_mugla_2021,thermal,0.0,lambda_0,pr_auc,0.06893082694962985,pass,persisted_step10_metric,0.0925385912286984,-0.02360776427906855,-0.02360776427906855,0.0688239034545231,0.00010692349510674215,0.00010692349510674215,0.0690723899914225,-0.00014156304179265,-0.00014156304179265,candidate_vs_canonical,-0.0001415630417926,-0.00030313449719566175,2.4921589743347802e-05,1000,0,interval_includes_zero
bejis_2022_to_mugla_2021,thermal,0.0,lambda_0,brier_score,0.09443877636329172,pass,recomputed_from_persisted_probabilities,0.07892590354146907,0.015512872821822649,-0.015512872821822649,0.09542418779697041,-0.0009854114336786957,0.0009854114336786957,0.094293529261196,0.0001452471020957219,-0.0001452471020957219,candidate_vs_raw,-0.0155128728218226,-0.01721737235542767,-0.013813447468292028,1000,0,bootstrap_supported_negative
bejis_2022_to_mugla_2021,thermal,0.0,lambda_0,brier_score,0.09443877636329172,pass,recomputed_from_persisted_probabilities,0.07892590354146907,0.015512872821822649,-0.015512872821822649,0.09542418779697041,-0.0009854114336786957,0.0009854114336786957,0.094293529261196,0.0001452471020957219,-0.0001452471020957219,candidate_vs_zscore,0.0009854114336786,2.7180571299847667e-05,0.0020204348014756664,1000,0,bootstrap_supported_positive
bejis_2022_to_mugla_2021,thermal,0.0,lambda_0,brier_score,0.09443877636329172,pass,recomputed_from_persisted_probabilities,0.07892590354146907,0.015512872821822649,-0.015512872821822649,0.09542418779697041,-0.0009854114336786957,0.0009854114336786957,0.094293529261196,0.0001452471020957219,-0.0001452471020957219,candidate_vs_canonical,-0.0001452471020957,-0.00021783214406328986,-6.871989762704499e-05,1000,0,bootstrap_supported_negative
bejis_2022_to_mugla_2021,thermal,1e-08,lambda_1e_m8,roc_auc,0.5061489604587822,pass,persisted_step10_metric,0.6184747489978262,-0.11232578853904396,-0.11232578853904396,0.5177332840752557,-0.011584323616473435,-0.011584323616473435,0.5066377964680288,-0.0004888360092465405,-0.0004888360092465405,candidate_vs_raw,-0.1123257885390439,-0.13044059103547737,-0.09253189617027169,1000,0,bootstrap_supported_negative
bejis_2022_to_mugla_2021,thermal,1e-08,lambda_1e_m8,roc_auc,0.5061489604587822,pass,persisted_step10_metric,0.6184747489978262,-0.11232578853904396,-0.11232578853904396,0.5177332840752557,-0.011584323616473435,-0.011584323616473435,0.5066377964680288,-0.0004888360092465405,-0.0004888360092465405,candidate_vs_zscore,-0.0115843236164734,-0.022569319726688526,0.00023324715639328147,1000,0,interval_includes_zero
bejis_2022_to_mugla_2021,thermal,1e-08,lambda_1e_m8,roc_auc,0.5061489604587822,pass,persisted_step10_metric,0.6184747489978262,-0.11232578853904396,-0.11232578853904396,0.5177332840752557,-0.011584323616473435,-0.011584323616473435,0.5066377964680288,-0.0004888360092465405,-0.0004888360092465405,candidate_vs_canonical,-0.0004888360092465,-0.00152821529451702,0.0005492102232057204,1000,0,interval_includes_zero
bejis_2022_to_mugla_2021,thermal,1e-08,lambda_1e_m8,pr_auc,0.06893082694962985,pass,persisted_step10_metric,0.0925385912286984,-0.02360776427906855,-0.02360776427906855,0.0688239034545231,0.00010692349510674215,0.00010692349510674215,0.0690723899914225,-0.00014156304179265,-0.00014156304179265,candidate_vs_raw,-0.0236077642790685,-0.029302000421548513,-0.01807880002199894,1000,0,bootstrap_supported_negative
bejis_2022_to_mugla_2021,thermal,1e-08,lambda_1e_m8,pr_auc,0.06893082694962985,pass,persisted_step10_metric,0.0925385912286984,-0.02360776427906855,-0.02360776427906855,0.0688239034545231,0.00010692349510674215,0.00010692349510674215,0.0690723899914225,-0.00014156304179265,-0.00014156304179265,candidate_vs_zscore,0.0001069234951067,-0.0020898021011870023,0.002643916167039153,1000,0,interval_includes_zero
bejis_2022_to_mugla_2021,thermal,1e-08,lambda_1e_m8,pr_auc,0.06893082694962985,pass,persisted_step10_metric,0.0925385912286984,-0.02360776427906855,-0.02360776427906855,0.0688239034545231,0.00010692349510674215,0.00010692349510674215,0.0690723899914225,-0.00014156304179265,-0.00014156304179265,candidate_vs_canonical,-0.0001415630417926,-0.00030313449719566175,2.4921589743333924e-05,1000,0,interval_includes_zero
bejis_2022_to_mugla_2021,thermal,1e-08,lambda_1e_m8,brier_score,0.09443877636329172,pass,recomputed_from_persisted_probabilities,0.07892590354146907,0.015512872821822649,-0.015512872821822649,0.09542418779697041,-0.0009854114336786957,0.0009854114336786957,0.094293529261196,0.0001452471020957219,-0.0001452471020957219,candidate_vs_raw,-0.0155128728218226,-0.01721737235542767,-0.013813447468292028,1000,0,bootstrap_supported_negative
bejis_2022_to_mugla_2021,thermal,1e-08,lambda_1e_m8,brier_score,0.09443877636329172,pass,recomputed_from_persisted_probabilities,0.07892590354146907,0.015512872821822649,-0.015512872821822649,0.09542418779697041,-0.0009854114336786957,0.0009854114336786957,0.094293529261196,0.0001452471020957219,-0.0001452471020957219,candidate_vs_zscore,0.0009854114336786,2.7180571299847667e-05,0.0020204348014756664,1000,0,bootstrap_supported_positive
bejis_2022_to_mugla_2021,thermal,1e-08,lambda_1e_m8,brier_score,0.09443877636329172,pass,recomputed_from_persisted_probabilities,0.07892590354146907,0.015512872821822649,-0.015512872821822649,0.09542418779697041,-0.0009854114336786957,0.0009854114336786957,0.094293529261196,0.0001452471020957219,-0.0001452471020957219,candidate_vs_canonical,-0.0001452471020957,-0.00021783214406328986,-6.871989762704499e-05,1000,0,bootstrap_supported_negative
bejis_2022_to_mugla_2021,thermal,1e-07,lambda_1e_m7,roc_auc,0.5061454384006231,pass,persisted_step10_metric,0.6184747489978262,-0.11232931059720308,-0.11232931059720308,0.5177332840752557,-0.011587845674632558,-0.011587845674632558,0.5066377964680288,-0.0004923580674056627,-0.0004923580674056627,candidate_vs_raw,-0.112329310597203,-0.13030496749347678,-0.09271911734693758,1000,0,bootstrap_supported_negative
bejis_2022_to_mugla_2021,thermal,1e-07,lambda_1e_m7,roc_auc,0.5061454384006231,pass,persisted_step10_metric,0.6184747489978262,-0.11232931059720308,-0.11232931059720308,0.5177332840752557,-0.011587845674632558,-0.011587845674632558,0.5066377964680288,-0.0004923580674056627,-0.0004923580674056627,candidate_vs_zscore,-0.0115878456746325,-0.022702483367798412,0.00019393426578857663,1000,0,interval_includes_zero
bejis_2022_to_mugla_2021,thermal,1e-07,lambda_1e_m7,roc_auc,0.5061454384006231,pass,persisted_step10_metric,0.6184747489978262,-0.11232931059720308,-0.11232931059720308,0.5177332840752557,-0.011587845674632558,-0.011587845674632558,0.5066377964680288,-0.0004923580674056627,-0.0004923580674056627,candidate_vs_canonical,-0.0004923580674056,-0.0014316882498824012,0.0004723941511701384,1000,0,interval_includes_zero
bejis_2022_to_mugla_2021,thermal,1e-07,lambda_1e_m7,pr_auc,0.06894600050817368,pass,persisted_step10_metric,0.0925385912286984,-0.02359259072052472,-0.02359259072052472,0.0688239034545231,0.00012209705365057166,0.00012209705365057166,0.0690723899914225,-0.0001263894832488205,-0.0001263894832488205,candidate_vs_raw,-0.0235925907205247,-0.029280338145843396,-0.018049071335302286,1000,0,bootstrap_supported_negative
bejis_2022_to_mugla_2021,thermal,1e-07,lambda_1e_m7,pr_auc,0.06894600050817368,pass,persisted_step10_metric,0.0925385912286984,-0.02359259072052472,-0.02359259072052472,0.0688239034545231,0.00012209705365057166,0.00012209705365057166,0.0690723899914225,-0.0001263894832488205,-0.0001263894832488205,candidate_vs_zscore,0.0001220970536505,-0.0021005684547791255,0.00264992462040041,1000,0,interval_includes_zero
bejis_2022_to_mugla_2021,thermal,1e-07,lambda_1e_m7,pr_auc,0.06894600050817368,pass,persisted_step10_metric,0.0925385912286984,-0.02359259072052472,-0.02359259072052472,0.0688239034545231,0.00012209705365057166,0.00012209705365057166,0.0690723899914225,-0.0001263894832488205,-0.0001263894832488205,candidate_vs_canonical,-0.0001263894832488,-0.0002927597856977864,3.675144425880517e-05,1000,0,interval_includes_zero
bejis_2022_to_mugla_2021,thermal,1e-07,lambda_1e_m7,brier_score,0.09437840111457964,pass,recomputed_from_persisted_probabilities,0.07892590354146907,0.015452497573110568,-0.015452497573110568,0.09542418779697041,-0.0010457866823907758,0.0010457866823907758,0.094293529261196,8.487185338364178e-05,-8.487185338364178e-05,candidate_vs_raw,-0.0154524975731105,-0.017139462563623704,-0.013768267386442185,1000,0,bootstrap_supported_negative
bejis_2022_to_mugla_2021,thermal,1e-07,lambda_1e_m7,brier_score,0.09437840111457964,pass,recomputed_from_persisted_probabilities,0.07892590354146907,0.015452497573110568,-0.015452497573110568,0.09542418779697041,-0.0010457866823907758,0.0010457866823907758,0.094293529261196,8.487185338364178e-05,-8.487185338364178e-05,candidate_vs_zscore,0.0010457866823907,6.595319822706413e-05,0.00208230284604639,1000,0,bootstrap_supported_positive
bejis_2022_to_mugla_2021,thermal,1e-07,lambda_1e_m7,brier_score,0.09437840111457964,pass,recomputed_from_persisted_probabilities,0.07892590354146907,0.015452497573110568,-0.015452497573110568,0.09542418779697041,-0.0010457866823907758,0.0010457866823907758,0.094293529261196,8.487185338364178e-05,-8.487185338364178e-05,candidate_vs_canonical,-8.487185338364178e-05,-0.00015345012690062728,-1.0495981666546273e-05,1000,0,bootstrap_supported_negative
bejis_2022_to_mugla_2021,thermal,1e-06,lambda_1e_m6,roc_auc,0.5055957141472467,pass,persisted_step10_metric,0.6184747489978262,-0.11287903485057948,-0.11287903485057948,0.5177332840752557,-0.012137569928008962,-0.012137569928008962,0.5066377964680288,-0.0010420823207820673,-0.0010420823207820673,candidate_vs_raw,-0.1128790348505794,-0.1308523444918642,-0.09319716662840957,1000,0,bootstrap_supported_negative
bejis_2022_to_mugla_2021,thermal,1e-06,lambda_1e_m6,roc_auc,0.5055957141472467,pass,persisted_step10_metric,0.6184747489978262,-0.11287903485057948,-0.11287903485057948,0.5177332840752557,-0.012137569928008962,-0.012137569928008962,0.5066377964680288,-0.0010420823207820673,-0.0010420823207820673,candidate_vs_zscore,-0.0121375699280089,-0.02324718059797489,-0.0004730380596781036,1000,0,bootstrap_supported_negative
bejis_2022_to_mugla_2021,thermal,1e-06,lambda_1e_m6,roc_auc,0.5055957141472467,pass,persisted_step10_metric,0.6184747489978262,-0.11287903485057948,-0.11287903485057948,0.5177332840752557,-0.012137569928008962,-0.012137569928008962,0.5066377964680288,-0.0010420823207820673,-0.0010420823207820673,candidate_vs_canonical,-0.001042082320782,-0.0019175635721814133,-0.00017670591957831414,1000,0,bootstrap_supported_negative
bejis_2022_to_mugla_2021,thermal,1e-06,lambda_1e_m6,pr_auc,0.06884267584882711,pass,persisted_step10_metric,0.0925385912286984,-0.023695915379871285,-0.023695915379871285,0.0688239034545231,1.8772394304006346e-05,1.8772394304006346e-05,0.0690723899914225,-0.0002297141425953858,-0.0002297141425953858,candidate_vs_raw,-0.0236959153798712,-0.029405025955382833,-0.018132399257185176,1000,0,bootstrap_supported_negative
bejis_2022_to_mugla_2021,thermal,1e-06,lambda_1e_m6,pr_auc,0.06884267584882711,pass,persisted_step10_metric,0.0925385912286984,-0.023695915379871285,-0.023695915379871285,0.0688239034545231,1.8772394304006346e-05,1.8772394304006346e-05,0.0690723899914225,-0.0002297141425953858,-0.0002297141425953858,candidate_vs_zscore,1.8772394304006346e-05,-0.002204041068677558,0.002554989879906544,1000,0,interval_includes_zero
bejis_2022_to_mugla_2021,thermal,1e-06,lambda_1e_m6,pr_auc,0.06884267584882711,pass,persisted_step10_metric,0.0925385912286984,-0.023695915379871285,-0.023695915379871285,0.0688239034545231,1.8772394304006346e-05,1.8772394304006346e-05,0.0690723899914225,-0.0002297141425953858,-0.0002297141425953858,candidate_vs_canonical,-0.0002297141425953,-0.0003771138658645701,-8.519954872612396e-05,1000,0,bootstrap_supported_negative
bejis_2022_to_mugla_2021,thermal,1e-06,lambda_1e_m6,brier_score,0.09441058588446982,pass,recomputed_from_persisted_probabilities,0.07892590354146907,0.015484682343000752,-0.015484682343000752,0.09542418779697041,-0.0010136019125005918,0.0010136019125005918,0.094293529261196,0.00011705662327382571,-0.00011705662327382571,candidate_vs_raw,-0.0154846823430007,-0.017180873589504788,-0.013806689461110872,1000,0,bootstrap_supported_negative
bejis_2022_to_mugla_2021,thermal,1e-06,lambda_1e_m6,brier_score,0.09441058588446982,pass,recomputed_from_persisted_probabilities,0.07892590354146907,0.015484682343000752,-0.015484682343000752,0.09542418779697041,-0.0010136019125005918,0.0010136019125005918,0.094293529261196,0.00011705662327382571,-0.00011705662327382571,candidate_vs_zscore,0.0010136019125005,3.180499218524564e-05,0.0020514325476858075,1000,0,bootstrap_supported_positive
bejis_2022_to_mugla_2021,thermal,1e-06,lambda_1e_m6,brier_score,0.09441058588446982,pass,recomputed_from_persisted_probabilities,0.07892590354146907,0.015484682343000752,-0.015484682343000752,0.09542418779697041,-0.0010136019125005918,0.0010136019125005918,0.094293529261196,0.00011705662327382571,-0.00011705662327382571,candidate_vs_canonical,-0.0001170566232738,-0.00018125953862906664,-4.931905167020225e-05,1000,0,bootstrap_supported_negative
bejis_2022_to_mugla_2021,thermal,1e-05,lambda_1e_m5,roc_auc,0.5066377920433326,pass,persisted_step10_metric,0.6184747489978262,-0.11183695695449358,-0.11183695695449358,0.5177332840752557,-0.01109549203192306,-0.01109549203192306,0.5066377964680288,-4.424696165017394e-09,-4.424696165017394e-09,candidate_vs_raw,-0.1118369569544935,-0.12982511240091923,-0.09205540958640965,1000,0,bootstrap_supported_negative
bejis_2022_to_mugla_2021,thermal,1e-05,lambda_1e_m5,roc_auc,0.5066377920433326,pass,persisted_step10_metric,0.6184747489978262,-0.11183695695449358,-0.11183695695449358,0.5177332840752557,-0.01109549203192306,-0.01109549203192306,0.5066377964680288,-4.424696165017394e-09,-4.424696165017394e-09,candidate_vs_zscore,-0.011095492031923,-0.022044475705899246,0.0006475694917893889,1000,0,interval_includes_zero
bejis_2022_to_mugla_2021,thermal,1e-05,lambda_1e_m5,roc_auc,0.5066377920433326,pass,persisted_step10_metric,0.6184747489978262,-0.11183695695449358,-0.11183695695449358,0.5177332840752557,-0.01109549203192306,-0.01109549203192306,0.5066377964680288,-4.424696165017394e-09,-4.424696165017394e-09,candidate_vs_canonical,-4.424696165017394e-09,-2.6185142731893762e-08,0.0,1000,0,interval_includes_zero
bejis_2022_to_mugla_2021,thermal,1e-05,lambda_1e_m5,pr_auc,0.06907238927762946,pass,persisted_step10_metric,0.0925385912286984,-0.023466201951068938,-0.023466201951068938,0.0688239034545231,0.0002484858231063536,0.0002484858231063536,0.0690723899914225,-7.137930385647806e-10,-7.137930385647806e-10,candidate_vs_raw,-0.0234662019510689,-0.029110533163633344,-0.01794471936870943,1000,0,bootstrap_supported_negative
bejis_2022_to_mugla_2021,thermal,1e-05,lambda_1e_m5,pr_auc,0.06907238927762946,pass,persisted_step10_metric,0.0925385912286984,-0.023466201951068938,-0.023466201951068938,0.0688239034545231,0.0002484858231063536,0.0002484858231063536,0.0690723899914225,-7.137930385647806e-10,-7.137930385647806e-10,candidate_vs_zscore,0.0002484858231063,-0.001970853303274306,0.0027868119715497544,1000,0,interval_includes_zero
bejis_2022_to_mugla_2021,thermal,1e-05,lambda_1e_m5,pr_auc,0.06907238927762946,pass,persisted_step10_metric,0.0925385912286984,-0.023466201951068938,-0.023466201951068938,0.0688239034545231,0.0002484858231063536,0.0002484858231063536,0.0690723899914225,-7.137930385647806e-10,-7.137930385647806e-10,candidate_vs_canonical,-7.137930385647805e-10,-4.260789831372902e-09,0.0,1000,0,interval_includes_zero
bejis_2022_to_mugla_2021,thermal,1e-05,lambda_1e_m5,brier_score,0.094293529261196,pass,recomputed_from_persisted_probabilities,0.07892590354146907,0.015367625719726927,-0.015367625719726927,0.09542418779697041,-0.0011306585357744176,0.0011306585357744176,0.094293529261196,0.0,0.0,candidate_vs_raw,-0.0153676257197269,-0.017047367678696496,-0.013706777306090445,1000,0,bootstrap_supported_negative
bejis_2022_to_mugla_2021,thermal,1e-05,lambda_1e_m5,brier_score,0.094293529261196,pass,recomputed_from_persisted_probabilities,0.07892590354146907,0.015367625719726927,-0.015367625719726927,0.09542418779697041,-0.0011306585357744176,0.0011306585357744176,0.094293529261196,0.0,0.0,candidate_vs_zscore,0.0011306585357744,0.00017285738463755954,0.0021722194175354623,1000,0,bootstrap_supported_positive
bejis_2022_to_mugla_2021,thermal,1e-05,lambda_1e_m5,brier_score,0.094293529261196,pass,recomputed_from_persisted_probabilities,0.07892590354146907,0.015367625719726927,-0.015367625719726927,0.09542418779697041,-0.0011306585357744176,0.0011306585357744176,0.094293529261196,0.0,0.0,candidate_vs_canonical,0.0,-1.3877787807814457e-17,1.3877787807814457e-17,1000,0,interval_includes_zero
bejis_2022_to_mugla_2021,thermal,0.0001,lambda_1e_m4,roc_auc,0.5062878162742963,pass,persisted_step10_metric,0.6184747489978262,-0.11218693272352986,-0.11218693272352986,0.5177332840752557,-0.011445467800959341,-0.011445467800959341,0.5066377964680288,-0.0003499801937324465,-0.0003499801937324465,candidate_vs_raw,-0.1121869327235298,-0.12999996957029614,-0.09287350051085559,1000,0,bootstrap_supported_negative
bejis_2022_to_mugla_2021,thermal,0.0001,lambda_1e_m4,roc_auc,0.5062878162742963,pass,persisted_step10_metric,0.6184747489978262,-0.11218693272352986,-0.11218693272352986,0.5177332840752557,-0.011445467800959341,-0.011445467800959341,0.5066377964680288,-0.0003499801937324465,-0.0003499801937324465,candidate_vs_zscore,-0.0114454678009593,-0.02251112755788768,0.0002738720980315602,1000,0,interval_includes_zero
bejis_2022_to_mugla_2021,thermal,0.0001,lambda_1e_m4,roc_auc,0.5062878162742963,pass,persisted_step10_metric,0.6184747489978262,-0.11218693272352986,-0.11218693272352986,0.5177332840752557,-0.011445467800959341,-0.011445467800959341,0.5066377964680288,-0.0003499801937324465,-0.0003499801937324465,candidate_vs_canonical,-0.0003499801937324,-0.0025445668801719556,0.0017348150425114278,1000,0,interval_includes_zero
bejis_2022_to_mugla_2021,thermal,0.0001,lambda_1e_m4,pr_auc,0.06893647877426932,pass,persisted_step10_metric,0.0925385912286984,-0.023602112454429072,-0.023602112454429072,0.0688239034545231,0.00011257531974621926,0.00011257531974621926,0.0690723899914225,-0.0001359112171531729,-0.0001359112171531729,candidate_vs_raw,-0.023602112454429,-0.02950990511972253,-0.017908210768795174,1000,0,bootstrap_supported_negative
bejis_2022_to_mugla_2021,thermal,0.0001,lambda_1e_m4,pr_auc,0.06893647877426932,pass,persisted_step10_metric,0.0925385912286984,-0.023602112454429072,-0.023602112454429072,0.0688239034545231,0.00011257531974621926,0.00011257531974621926,0.0690723899914225,-0.0001359112171531729,-0.0001359112171531729,candidate_vs_zscore,0.0001125753197462,-0.002077467539515016,0.002711623331662471,1000,0,interval_includes_zero
bejis_2022_to_mugla_2021,thermal,0.0001,lambda_1e_m4,pr_auc,0.06893647877426932,pass,persisted_step10_metric,0.0925385912286984,-0.023602112454429072,-0.023602112454429072,0.0688239034545231,0.00011257531974621926,0.00011257531974621926,0.0690723899914225,-0.0001359112171531729,-0.0001359112171531729,candidate_vs_canonical,-0.0001359112171531,-0.0004801733280558277,0.0002041771110933909,1000,0,interval_includes_zero
bejis_2022_to_mugla_2021,thermal,0.0001,lambda_1e_m4,brier_score,0.09448788433408582,pass,recomputed_from_persisted_probabilities,0.07892590354146907,0.015561980792616753,-0.015561980792616753,0.09542418779697041,-0.0009363034628845912,0.0009363034628845912,0.094293529261196,0.00019435507288982634,-0.00019435507288982634,candidate_vs_raw,-0.0155619807926167,-0.017273917283160245,-0.013894633349884509,1000,0,bootstrap_supported_negative
bejis_2022_to_mugla_2021,thermal,0.0001,lambda_1e_m4,brier_score,0.09448788433408582,pass,recomputed_from_persisted_probabilities,0.07892590354146907,0.015561980792616753,-0.015561980792616753,0.09542418779697041,-0.0009363034628845912,0.0009363034628845912,0.094293529261196,0.00019435507288982634,-0.00019435507288982634,candidate_vs_zscore,0.0009363034628845,-2.1861630143000696e-05,0.0019650081396973655,1000,0,interval_includes_zero
bejis_2022_to_mugla_2021,thermal,0.0001,lambda_1e_m4,brier_score,0.09448788433408582,pass,recomputed_from_persisted_probabilities,0.07892590354146907,0.015561980792616753,-0.015561980792616753,0.09542418779697041,-0.0009363034628845912,0.0009363034628845912,0.094293529261196,0.00019435507288982634,-0.00019435507288982634,candidate_vs_canonical,-0.0001943550728898,-0.00034555857106886997,-4.7586643406577136e-05,1000,0,bootstrap_supported_negative
bejis_2022_to_mugla_2021,thermal,0.001,lambda_1e_m3,roc_auc,0.5081922541817339,pass,persisted_step10_metric,0.6184747489978262,-0.11028249481609231,-0.11028249481609231,0.5177332840752557,-0.00954102989352179,-0.00954102989352179,0.5066377964680288,0.001554457713705104,0.001554457713705104,candidate_vs_raw,-0.1102824948160923,-0.12817500441073396,-0.09101570950095836,1000,0,bootstrap_supported_negative
bejis_2022_to_mugla_2021,thermal,0.001,lambda_1e_m3,roc_auc,0.5081922541817339,pass,persisted_step10_metric,0.6184747489978262,-0.11028249481609231,-0.11028249481609231,0.5177332840752557,-0.00954102989352179,-0.00954102989352179,0.5066377964680288,0.001554457713705104,0.001554457713705104,candidate_vs_zscore,-0.0095410298935217,-0.020783210848882797,0.002100132718183904,1000,0,interval_includes_zero
bejis_2022_to_mugla_2021,thermal,0.001,lambda_1e_m3,roc_auc,0.5081922541817339,pass,persisted_step10_metric,0.6184747489978262,-0.11028249481609231,-0.11028249481609231,0.5177332840752557,-0.00954102989352179,-0.00954102989352179,0.5066377964680288,0.001554457713705104,0.001554457713705104,candidate_vs_canonical,0.0015544577137051,-0.0008346458858450839,0.003960874917566194,1000,0,interval_includes_zero
bejis_2022_to_mugla_2021,thermal,0.001,lambda_1e_m3,pr_auc,0.06926691070479127,pass,persisted_step10_metric,0.0925385912286984,-0.02327168052390713,-0.02327168052390713,0.0688239034545231,0.00044300725026816257,0.00044300725026816257,0.0690723899914225,0.00019452071336877041,0.00019452071336877041,candidate_vs_raw,-0.0232716805239071,-0.02901867565252622,-0.017683572648884878,1000,0,bootstrap_supported_negative
bejis_2022_to_mugla_2021,thermal,0.001,lambda_1e_m3,pr_auc,0.06926691070479127,pass,persisted_step10_metric,0.0925385912286984,-0.02327168052390713,-0.02327168052390713,0.0688239034545231,0.00044300725026816257,0.00044300725026816257,0.0690723899914225,0.00019452071336877041,0.00019452071336877041,candidate_vs_zscore,0.0004430072502681,-0.001842248725473631,0.003099421891431293,1000,0,interval_includes_zero
bejis_2022_to_mugla_2021,thermal,0.001,lambda_1e_m3,pr_auc,0.06926691070479127,pass,persisted_step10_metric,0.0925385912286984,-0.02327168052390713,-0.02327168052390713,0.0688239034545231,0.00044300725026816257,0.00044300725026816257,0.0690723899914225,0.00019452071336877041,0.00019452071336877041,candidate_vs_canonical,0.0001945207133687,-0.0001888265734315636,0.0005720983388028885,1000,0,interval_includes_zero
bejis_2022_to_mugla_2021,thermal,0.001,lambda_1e_m3,brier_score,0.09487423211861769,pass,recomputed_from_persisted_probabilities,0.07892590354146907,0.01594832857714862,-0.01594832857714862,0.09542418779697041,-0.000549955678352726,0.000549955678352726,0.094293529261196,0.0005807028574216916,-0.0005807028574216916,candidate_vs_raw,-0.0159483285771486,-0.01768576905359855,-0.014288845913757568,1000,0,bootstrap_supported_negative
bejis_2022_to_mugla_2021,thermal,0.001,lambda_1e_m3,brier_score,0.09487423211861769,pass,recomputed_from_persisted_probabilities,0.07892590354146907,0.01594832857714862,-0.01594832857714862,0.09542418779697041,-0.000549955678352726,0.000549955678352726,0.094293529261196,0.0005807028574216916,-0.0005807028574216916,candidate_vs_zscore,0.0005499556783527,-0.0004612451499330993,0.001618806765383223,1000,0,interval_includes_zero
bejis_2022_to_mugla_2021,thermal,0.001,lambda_1e_m3,brier_score,0.09487423211861769,pass,recomputed_from_persisted_probabilities,0.07892590354146907,0.01594832857714862,-0.01594832857714862,0.09542418779697041,-0.000549955678352726,0.000549955678352726,0.094293529261196,0.0005807028574216916,-0.0005807028574216916,candidate_vs_canonical,-0.0005807028574216,-0.0007525502715513572,-0.0004001159627595022,1000,0,bootstrap_supported_negative
bejis_2022_to_mugla_2021,thermal,0.01,lambda_1e_m2,roc_auc,0.5051172496258455,pass,persisted_step10_metric,0.6184747489978262,-0.1133574993719807,-0.1133574993719807,0.5177332840752557,-0.012616034449410174,-0.012616034449410174,0.5066377964680288,-0.001520546842183279,-0.001520546842183279,candidate_vs_raw,-0.1133574993719807,-0.13109601209474692,-0.09355985232055662,1000,0,bootstrap_supported_negative
bejis_2022_to_mugla_2021,thermal,0.01,lambda_1e_m2,roc_auc,0.5051172496258455,pass,persisted_step10_metric,0.6184747489978262,-0.1133574993719807,-0.1133574993719807,0.5177332840752557,-0.012616034449410174,-0.012616034449410174,0.5066377964680288,-0.001520546842183279,-0.001520546842183279,candidate_vs_zscore,-0.0126160344494101,-0.023803260134011423,-0.00020786733951460608,1000,0,bootstrap_supported_negative
bejis_2022_to_mugla_2021,thermal,0.01,lambda_1e_m2,roc_auc,0.5051172496258455,pass,persisted_step10_metric,0.6184747489978262,-0.1133574993719807,-0.1133574993719807,0.5177332840752557,-0.012616034449410174,-0.012616034449410174,0.5066377964680288,-0.001520546842183279,-0.001520546842183279,candidate_vs_canonical,-0.0015205468421832,-0.004177760028227796,0.0012444255504091282,1000,0,interval_includes_zero
bejis_2022_to_mugla_2021,thermal,0.01,lambda_1e_m2,pr_auc,0.06884658898865383,pass,persisted_step10_metric,0.0925385912286984,-0.02369200224004457,-0.02369200224004457,0.0688239034545231,2.2685534130720275e-05,2.2685534130720275e-05,0.0690723899914225,-0.00022580100276867188,-0.00022580100276867188,candidate_vs_raw,-0.0236920022400445,-0.02945618536518747,-0.01800497032251241,1000,0,bootstrap_supported_negative
bejis_2022_to_mugla_2021,thermal,0.01,lambda_1e_m2,pr_auc,0.06884658898865383,pass,persisted_step10_metric,0.0925385912286984,-0.02369200224004457,-0.02369200224004457,0.0688239034545231,2.2685534130720275e-05,2.2685534130720275e-05,0.0690723899914225,-0.00022580100276867188,-0.00022580100276867188,candidate_vs_zscore,2.2685534130720275e-05,-0.0021707296862386164,0.0027478818676538283,1000,0,interval_includes_zero
bejis_2022_to_mugla_2021,thermal,0.01,lambda_1e_m2,pr_auc,0.06884658898865383,pass,persisted_step10_metric,0.0925385912286984,-0.02369200224004457,-0.02369200224004457,0.0688239034545231,2.2685534130720275e-05,2.2685534130720275e-05,0.0690723899914225,-0.00022580100276867188,-0.00022580100276867188,candidate_vs_canonical,-0.0002258010027686,-0.0007007306614077956,0.0002561558595263174,1000,0,interval_includes_zero
bejis_2022_to_mugla_2021,thermal,0.01,lambda_1e_m2,brier_score,0.09414743279234009,pass,recomputed_from_persisted_probabilities,0.07892590354146907,0.015221529250871016,-0.015221529250871016,0.09542418779697041,-0.0012767550046303283,0.0012767550046303283,0.094293529261196,-0.00014609646885591077,0.00014609646885591077,candidate_vs_raw,-0.015221529250871,-0.016908685131957535,-0.013520693054846735,1000,0,bootstrap_supported_negative
bejis_2022_to_mugla_2021,thermal,0.01,lambda_1e_m2,brier_score,0.09414743279234009,pass,recomputed_from_persisted_probabilities,0.07892590354146907,0.015221529250871016,-0.015221529250871016,0.09542418779697041,-0.0012767550046303283,0.0012767550046303283,0.094293529261196,-0.00014609646885591077,0.00014609646885591077,candidate_vs_zscore,0.0012767550046303,0.0002877396758753023,0.0023003537803521256,1000,0,bootstrap_supported_positive
bejis_2022_to_mugla_2021,thermal,0.01,lambda_1e_m2,brier_score,0.09414743279234009,pass,recomputed_from_persisted_probabilities,0.07892590354146907,0.015221529250871016,-0.015221529250871016,0.09542418779697041,-0.0012767550046303283,0.0012767550046303283,0.094293529261196,-0.00014609646885591077,0.00014609646885591077,candidate_vs_canonical,0.0001460964688559,-6.945221874713955e-05,0.00033545009649847164,1000,0,interval_includes_zero
bejis_2022_to_mugla_2021,thermal,0.1,lambda_1e_m1,roc_auc,0.507907432063945,pass,persisted_step10_metric,0.6184747489978262,-0.11056731693388122,-0.11056731693388122,0.5177332840752557,-0.009825852011310698,-0.009825852011310698,0.5066377964680288,0.0012696355959161965,0.0012696355959161965,candidate_vs_raw,-0.1105673169338812,-0.12818866445360838,-0.09057497384565201,1000,0,bootstrap_supported_negative
bejis_2022_to_mugla_2021,thermal,0.1,lambda_1e_m1,roc_auc,0.507907432063945,pass,persisted_step10_metric,0.6184747489978262,-0.11056731693388122,-0.11056731693388122,0.5177332840752557,-0.009825852011310698,-0.009825852011310698,0.5066377964680288,0.0012696355959161965,0.0012696355959161965,candidate_vs_zscore,-0.0098258520113106,-0.020404212120757787,0.0016954846818472476,1000,0,interval_includes_zero
bejis_2022_to_mugla_2021,thermal,0.1,lambda_1e_m1,roc_auc,0.507907432063945,pass,persisted_step10_metric,0.6184747489978262,-0.11056731693388122,-0.11056731693388122,0.5177332840752557,-0.009825852011310698,-0.009825852011310698,0.5066377964680288,0.0012696355959161965,0.0012696355959161965,candidate_vs_canonical,0.0012696355959161,-0.002795156920711167,0.004919527154278188,1000,0,interval_includes_zero
bejis_2022_to_mugla_2021,thermal,0.1,lambda_1e_m1,pr_auc,0.06887049434304557,pass,persisted_step10_metric,0.0925385912286984,-0.02366809688565283,-0.02366809688565283,0.0688239034545231,4.659088852246307e-05,4.659088852246307e-05,0.0690723899914225,-0.00020189564837692908,-0.00020189564837692908,candidate_vs_raw,-0.0236680968856528,-0.029462812072319922,-0.017968530332190927,1000,0,bootstrap_supported_negative
bejis_2022_to_mugla_2021,thermal,0.1,lambda_1e_m1,pr_auc,0.06887049434304557,pass,persisted_step10_metric,0.0925385912286984,-0.02366809688565283,-0.02366809688565283,0.0688239034545231,4.659088852246307e-05,4.659088852246307e-05,0.0690723899914225,-0.00020189564837692908,-0.00020189564837692908,candidate_vs_zscore,4.659088852246307e-05,-0.0021002227639107317,0.0025518643416688456,1000,0,interval_includes_zero
bejis_2022_to_mugla_2021,thermal,0.1,lambda_1e_m1,pr_auc,0.06887049434304557,pass,persisted_step10_metric,0.0925385912286984,-0.02366809688565283,-0.02366809688565283,0.0688239034545231,4.659088852246307e-05,4.659088852246307e-05,0.0690723899914225,-0.00020189564837692908,-0.00020189564837692908,candidate_vs_canonical,-0.0002018956483769,-0.0010140322546015042,0.0005761904383793706,1000,0,interval_includes_zero
bejis_2022_to_mugla_2021,thermal,0.1,lambda_1e_m1,brier_score,0.09387838302753496,pass,recomputed_from_persisted_probabilities,0.07892590354146907,0.014952479486065887,-0.014952479486065887,0.09542418779697041,-0.0015458047694354576,0.0015458047694354576,0.094293529261196,-0.0004151462336610401,0.0004151462336610401,candidate_vs_raw,-0.0149524794860658,-0.01660880093347928,-0.013285900542310288,1000,0,bootstrap_supported_negative
bejis_2022_to_mugla_2021,thermal,0.1,lambda_1e_m1,brier_score,0.09387838302753496,pass,recomputed_from_persisted_probabilities,0.07892590354146907,0.014952479486065887,-0.014952479486065887,0.09542418779697041,-0.0015458047694354576,0.0015458047694354576,0.094293529261196,-0.0004151462336610401,0.0004151462336610401,candidate_vs_zscore,0.0015458047694354,0.0006454999022579517,0.002541548992536431,1000,0,bootstrap_supported_positive
bejis_2022_to_mugla_2021,thermal,0.1,lambda_1e_m1,brier_score,0.09387838302753496,pass,recomputed_from_persisted_probabilities,0.07892590354146907,0.014952479486065887,-0.014952479486065887,0.09542418779697041,-0.0015458047694354576,0.0015458047694354576,0.094293529261196,-0.0004151462336610401,0.0004151462336610401,candidate_vs_canonical,0.000415146233661,0.00010639212515358016,0.000728468476895722,1000,0,bootstrap_supported_positive
mugla_2021_to_bejis_2022,baseline,0.0,lambda_0,roc_auc,0.6094959029614814,pass,persisted_step10_metric,0.4507383379572875,0.15875756500419386,0.15875756500419386,0.573885605522937,0.03561029743854438,0.03561029743854438,0.6087499838699271,0.0007459190915543035,0.0007459190915543035,candidate_vs_raw,0.1587575650041938,0.1247895589683319,0.19287117709500845,1000,0,bootstrap_supported_positive
mugla_2021_to_bejis_2022,baseline,0.0,lambda_0,roc_auc,0.6094959029614814,pass,persisted_step10_metric,0.4507383379572875,0.15875756500419386,0.15875756500419386,0.573885605522937,0.03561029743854438,0.03561029743854438,0.6087499838699271,0.0007459190915543035,0.0007459190915543035,candidate_vs_zscore,0.0356102974385443,0.023885777264088838,0.04762983541904503,1000,0,bootstrap_supported_positive
mugla_2021_to_bejis_2022,baseline,0.0,lambda_0,roc_auc,0.6094959029614814,pass,persisted_step10_metric,0.4507383379572875,0.15875756500419386,0.15875756500419386,0.573885605522937,0.03561029743854438,0.03561029743854438,0.6087499838699271,0.0007459190915543035,0.0007459190915543035,candidate_vs_canonical,0.0007459190915543,0.00010188503985366085,0.0013598232072373235,1000,0,bootstrap_supported_positive
mugla_2021_to_bejis_2022,baseline,0.0,lambda_0,pr_auc,0.09571498202615683,pass,persisted_step10_metric,0.0641658658878618,0.03154911613829503,0.03154911613829503,0.0852407424254424,0.010474239600714433,0.010474239600714433,0.0956030273675055,0.00011195465865132537,0.00011195465865132537,candidate_vs_raw,0.031549116138295,0.020935386107871067,0.04293296725761448,1000,0,bootstrap_supported_positive
mugla_2021_to_bejis_2022,baseline,0.0,lambda_0,pr_auc,0.09571498202615683,pass,persisted_step10_metric,0.0641658658878618,0.03154911613829503,0.03154911613829503,0.0852407424254424,0.010474239600714433,0.010474239600714433,0.0956030273675055,0.00011195465865132537,0.00011195465865132537,candidate_vs_zscore,0.0104742396007144,0.006321340479544694,0.015326873915236773,1000,0,bootstrap_supported_positive
mugla_2021_to_bejis_2022,baseline,0.0,lambda_0,pr_auc,0.09571498202615683,pass,persisted_step10_metric,0.0641658658878618,0.03154911613829503,0.03154911613829503,0.0852407424254424,0.010474239600714433,0.010474239600714433,0.0956030273675055,0.00011195465865132537,0.00011195465865132537,candidate_vs_canonical,0.0001119546586513,-9.123333499768023e-05,0.00035711871213221715,1000,0,interval_includes_zero
mugla_2021_to_bejis_2022,baseline,0.0,lambda_0,brier_score,0.1446355544819257,pass,recomputed_from_persisted_probabilities,0.13096665141263947,0.013668903069286226,-0.013668903069286226,0.1445953002618234,4.0254220102287075e-05,-4.0254220102287075e-05,0.14481377953246488,-0.00017822505053918802,0.00017822505053918802,candidate_vs_raw,-0.0136689030692862,-0.018617334294180013,-0.008826550970327394,1000,0,bootstrap_supported_negative
mugla_2021_to_bejis_2022,baseline,0.0,lambda_0,brier_score,0.1446355544819257,pass,recomputed_from_persisted_probabilities,0.13096665141263947,0.013668903069286226,-0.013668903069286226,0.1445953002618234,4.0254220102287075e-05,-4.0254220102287075e-05,0.14481377953246488,-0.00017822505053918802,0.00017822505053918802,candidate_vs_zscore,-4.025422010228708e-05,-0.0020871910166390937,0.002163604093738486,1000,0,interval_includes_zero
mugla_2021_to_bejis_2022,baseline,0.0,lambda_0,brier_score,0.1446355544819257,pass,recomputed_from_persisted_probabilities,0.13096665141263947,0.013668903069286226,-0.013668903069286226,0.1445953002618234,4.0254220102287075e-05,-4.0254220102287075e-05,0.14481377953246488,-0.00017822505053918802,0.00017822505053918802,candidate_vs_canonical,0.0001782250505391,8.041486894063907e-05,0.0002745765072502945,1000,0,bootstrap_supported_positive
mugla_2021_to_bejis_2022,baseline,1e-08,lambda_1e_m8,roc_auc,0.6094959029614814,pass,persisted_step10_metric,0.4507383379572875,0.15875756500419386,0.15875756500419386,0.573885605522937,0.03561029743854438,0.03561029743854438,0.6087499838699271,0.0007459190915543035,0.0007459190915543035,candidate_vs_raw,0.1587575650041938,0.1247895589683319,0.19287117709500845,1000,0,bootstrap_supported_positive
mugla_2021_to_bejis_2022,baseline,1e-08,lambda_1e_m8,roc_auc,0.6094959029614814,pass,persisted_step10_metric,0.4507383379572875,0.15875756500419386,0.15875756500419386,0.573885605522937,0.03561029743854438,0.03561029743854438,0.6087499838699271,0.0007459190915543035,0.0007459190915543035,candidate_vs_zscore,0.0356102974385443,0.023885777264088838,0.04762983541904503,1000,0,bootstrap_supported_positive
mugla_2021_to_bejis_2022,baseline,1e-08,lambda_1e_m8,roc_auc,0.6094959029614814,pass,persisted_step10_metric,0.4507383379572875,0.15875756500419386,0.15875756500419386,0.573885605522937,0.03561029743854438,0.03561029743854438,0.6087499838699271,0.0007459190915543035,0.0007459190915543035,candidate_vs_canonical,0.0007459190915543,0.00010188503985366085,0.0013598232072373235,1000,0,bootstrap_supported_positive
mugla_2021_to_bejis_2022,baseline,1e-08,lambda_1e_m8,pr_auc,0.09571498202615683,pass,persisted_step10_metric,0.0641658658878618,0.03154911613829503,0.03154911613829503,0.0852407424254424,0.010474239600714433,0.010474239600714433,0.0956030273675055,0.00011195465865132537,0.00011195465865132537,candidate_vs_raw,0.031549116138295,0.020935386107871067,0.04293296725761448,1000,0,bootstrap_supported_positive
mugla_2021_to_bejis_2022,baseline,1e-08,lambda_1e_m8,pr_auc,0.09571498202615683,pass,persisted_step10_metric,0.0641658658878618,0.03154911613829503,0.03154911613829503,0.0852407424254424,0.010474239600714433,0.010474239600714433,0.0956030273675055,0.00011195465865132537,0.00011195465865132537,candidate_vs_zscore,0.0104742396007144,0.006321340479544694,0.015326873915236773,1000,0,bootstrap_supported_positive
mugla_2021_to_bejis_2022,baseline,1e-08,lambda_1e_m8,pr_auc,0.09571498202615683,pass,persisted_step10_metric,0.0641658658878618,0.03154911613829503,0.03154911613829503,0.0852407424254424,0.010474239600714433,0.010474239600714433,0.0956030273675055,0.00011195465865132537,0.00011195465865132537,candidate_vs_canonical,0.0001119546586513,-9.123333499768023e-05,0.00035711871213221715,1000,0,interval_includes_zero
mugla_2021_to_bejis_2022,baseline,1e-08,lambda_1e_m8,brier_score,0.1446355544819257,pass,recomputed_from_persisted_probabilities,0.13096665141263947,0.013668903069286226,-0.013668903069286226,0.1445953002618234,4.0254220102287075e-05,-4.0254220102287075e-05,0.14481377953246488,-0.00017822505053918802,0.00017822505053918802,candidate_vs_raw,-0.0136689030692862,-0.01861733429418004,-0.008826550970327394,1000,0,bootstrap_supported_negative
mugla_2021_to_bejis_2022,baseline,1e-08,lambda_1e_m8,brier_score,0.1446355544819257,pass,recomputed_from_persisted_probabilities,0.13096665141263947,0.013668903069286226,-0.013668903069286226,0.1445953002618234,4.0254220102287075e-05,-4.0254220102287075e-05,0.14481377953246488,-0.00017822505053918802,0.00017822505053918802,candidate_vs_zscore,-4.025422010228708e-05,-0.0020871910166390937,0.002163604093738486,1000,0,interval_includes_zero
mugla_2021_to_bejis_2022,baseline,1e-08,lambda_1e_m8,brier_score,0.1446355544819257,pass,recomputed_from_persisted_probabilities,0.13096665141263947,0.013668903069286226,-0.013668903069286226,0.1445953002618234,4.0254220102287075e-05,-4.0254220102287075e-05,0.14481377953246488,-0.00017822505053918802,0.00017822505053918802,candidate_vs_canonical,0.0001782250505391,8.041486894063907e-05,0.0002745765072502945,1000,0,bootstrap_supported_positive
mugla_2021_to_bejis_2022,baseline,1e-07,lambda_1e_m7,roc_auc,0.6094960320020646,pass,persisted_step10_metric,0.4507383379572875,0.15875769404477708,0.15875769404477708,0.573885605522937,0.0356104264791276,0.0356104264791276,0.6087499838699271,0.0007460481321375223,0.0007460481321375223,candidate_vs_raw,0.158757694044777,0.12478981286823443,0.1928712448664444,1000,0,bootstrap_supported_positive
mugla_2021_to_bejis_2022,baseline,1e-07,lambda_1e_m7,roc_auc,0.6094960320020646,pass,persisted_step10_metric,0.4507383379572875,0.15875769404477708,0.15875769404477708,0.573885605522937,0.0356104264791276,0.0356104264791276,0.6087499838699271,0.0007460481321375223,0.0007460481321375223,candidate_vs_zscore,0.0356104264791276,0.023885777264088838,0.047629838624497066,1000,0,bootstrap_supported_positive
mugla_2021_to_bejis_2022,baseline,1e-07,lambda_1e_m7,roc_auc,0.6094960320020646,pass,persisted_step10_metric,0.4507383379572875,0.15875769404477708,0.15875769404477708,0.573885605522937,0.0356104264791276,0.0356104264791276,0.6087499838699271,0.0007460481321375223,0.0007460481321375223,candidate_vs_canonical,0.0007460481321375,0.00010188503985366085,0.0013598232072373235,1000,0,bootstrap_supported_positive
mugla_2021_to_bejis_2022,baseline,1e-07,lambda_1e_m7,pr_auc,0.09571501723326323,pass,persisted_step10_metric,0.0641658658878618,0.03154915134540143,0.03154915134540143,0.0852407424254424,0.01047427480782083,0.01047427480782083,0.0956030273675055,0.0001119898657577223,0.0001119898657577223,candidate_vs_raw,0.0315491513454014,0.020935453711915412,0.04293296818539777,1000,0,bootstrap_supported_positive
mugla_2021_to_bejis_2022,baseline,1e-07,lambda_1e_m7,pr_auc,0.09571501723326323,pass,persisted_step10_metric,0.0641658658878618,0.03154915134540143,0.03154915134540143,0.0852407424254424,0.01047427480782083,0.01047427480782083,0.0956030273675055,0.0001119898657577223,0.0001119898657577223,candidate_vs_zscore,0.0104742748078208,0.006321373394467507,0.015326875236144332,1000,0,bootstrap_supported_positive
mugla_2021_to_bejis_2022,baseline,1e-07,lambda_1e_m7,pr_auc,0.09571501723326323,pass,persisted_step10_metric,0.0641658658878618,0.03154915134540143,0.03154915134540143,0.0852407424254424,0.01047427480782083,0.01047427480782083,0.0956030273675055,0.0001119898657577223,0.0001119898657577223,candidate_vs_canonical,0.0001119898657577,-9.118286385441063e-05,0.00035715019959630225,1000,0,interval_includes_zero
mugla_2021_to_bejis_2022,baseline,1e-07,lambda_1e_m7,brier_score,0.1446355016570184,pass,recomputed_from_persisted_probabilities,0.13096665141263947,0.013668850244378944,-0.013668850244378944,0.1445953002618234,4.020139519500532e-05,-4.020139519500532e-05,0.14481377953246488,-0.00017827787544646978,0.00017827787544646978,candidate_vs_raw,-0.0136688502443789,-0.018617228477699185,-0.00882654702197576,1000,0,bootstrap_supported_negative
mugla_2021_to_bejis_2022,baseline,1e-07,lambda_1e_m7,brier_score,0.1446355016570184,pass,recomputed_from_persisted_probabilities,0.13096665141263947,0.013668850244378944,-0.013668850244378944,0.1445953002618234,4.020139519500532e-05,-4.020139519500532e-05,0.14481377953246488,-0.00017827787544646978,0.00017827787544646978,candidate_vs_zscore,-4.020139519500532e-05,-0.0020871896954075494,0.002163760200264988,1000,0,interval_includes_zero
mugla_2021_to_bejis_2022,baseline,1e-07,lambda_1e_m7,brier_score,0.1446355016570184,pass,recomputed_from_persisted_probabilities,0.13096665141263947,0.013668850244378944,-0.013668850244378944,0.1445953002618234,4.020139519500532e-05,-4.020139519500532e-05,0.14481377953246488,-0.00017827787544646978,0.00017827787544646978,candidate_vs_canonical,0.0001782778754464,8.046642073838845e-05,0.0002746319924495137,1000,0,bootstrap_supported_positive
mugla_2021_to_bejis_2022,baseline,1e-06,lambda_1e_m6,roc_auc,0.6101542034969998,pass,persisted_step10_metric,0.4507383379572875,0.15941586553971226,0.15941586553971226,0.573885605522937,0.03626859797406279,0.03626859797406279,0.6087499838699271,0.0014042196270727114,0.0014042196270727114,candidate_vs_raw,0.1594158655397122,0.1255703957439408,0.19353982184552615,1000,0,bootstrap_supported_positive
mugla_2021_to_bejis_2022,baseline,1e-06,lambda_1e_m6,roc_auc,0.6101542034969998,pass,persisted_step10_metric,0.4507383379572875,0.15941586553971226,0.15941586553971226,0.573885605522937,0.03626859797406279,0.03626859797406279,0.6087499838699271,0.0014042196270727114,0.0014042196270727114,candidate_vs_zscore,0.0362685979740627,0.024605942534122627,0.04820338837463608,1000,0,bootstrap_supported_positive
mugla_2021_to_bejis_2022,baseline,1e-06,lambda_1e_m6,roc_auc,0.6101542034969998,pass,persisted_step10_metric,0.4507383379572875,0.15941586553971226,0.15941586553971226,0.573885605522937,0.03626859797406279,0.03626859797406279,0.6087499838699271,0.0014042196270727114,0.0014042196270727114,candidate_vs_canonical,0.0014042196270727,0.0007541834340370563,0.0020095128274604107,1000,0,bootstrap_supported_positive
mugla_2021_to_bejis_2022,baseline,1e-06,lambda_1e_m6,pr_auc,0.09590104660164206,pass,persisted_step10_metric,0.0641658658878618,0.03173518071378026,0.03173518071378026,0.0852407424254424,0.010660304176199661,0.010660304176199661,0.0956030273675055,0.00029801923413655396,0.00029801923413655396,candidate_vs_raw,0.0317351807137802,0.021121356275745146,0.04321487318949109,1000,0,bootstrap_supported_positive
mugla_2021_to_bejis_2022,baseline,1e-06,lambda_1e_m6,pr_auc,0.09590104660164206,pass,persisted_step10_metric,0.0641658658878618,0.03173518071378026,0.03173518071378026,0.0852407424254424,0.010660304176199661,0.010660304176199661,0.0956030273675055,0.00029801923413655396,0.00029801923413655396,candidate_vs_zscore,0.0106603041761996,0.006481442518862638,0.015546555388129787,1000,0,bootstrap_supported_positive
mugla_2021_to_bejis_2022,baseline,1e-06,lambda_1e_m6,pr_auc,0.09590104660164206,pass,persisted_step10_metric,0.0641658658878618,0.03173518071378026,0.03173518071378026,0.0852407424254424,0.010660304176199661,0.010660304176199661,0.0956030273675055,0.00029801923413655396,0.00029801923413655396,candidate_vs_canonical,0.0002980192341365,0.00010737934604406161,0.0005322645149364635,1000,0,bootstrap_supported_positive
mugla_2021_to_bejis_2022,baseline,1e-06,lambda_1e_m6,brier_score,0.14447932748220366,pass,recomputed_from_persisted_probabilities,0.13096665141263947,0.013512676069564189,-0.013512676069564189,0.1445953002618234,-0.00011597277961974961,0.00011597277961974961,0.14481377953246488,-0.0003344520502612247,0.0003344520502612247,candidate_vs_raw,-0.0135126760695641,-0.01846784375999912,-0.008646461321782883,1000,0,bootstrap_supported_negative
mugla_2021_to_bejis_2022,baseline,1e-06,lambda_1e_m6,brier_score,0.14447932748220366,pass,recomputed_from_persisted_probabilities,0.13096665141263947,0.013512676069564189,-0.013512676069564189,0.1445953002618234,-0.00011597277961974961,0.00011597277961974961,0.14481377953246488,-0.0003344520502612247,0.0003344520502612247,candidate_vs_zscore,0.0001159727796197,-0.0019197287611222886,0.0023250763683740085,1000,0,interval_includes_zero
mugla_2021_to_bejis_2022,baseline,1e-06,lambda_1e_m6,brier_score,0.14447932748220366,pass,recomputed_from_persisted_probabilities,0.13096665141263947,0.013512676069564189,-0.013512676069564189,0.1445953002618234,-0.00011597277961974961,0.00011597277961974961,0.14481377953246488,-0.0003344520502612247,0.0003344520502612247,candidate_vs_canonical,0.0003344520502612,0.00024061118939244856,0.00042662002843203077,1000,0,bootstrap_supported_positive
mugla_2021_to_bejis_2022,baseline,1e-05,lambda_1e_m5,roc_auc,0.6087499838699271,pass,persisted_step10_metric,0.4507383379572875,0.15801164591263955,0.15801164591263955,0.573885605522937,0.03486437834699008,0.03486437834699008,0.6087499838699271,0.0,0.0,candidate_vs_raw,0.1580116459126395,0.12385395612788688,0.1923820512190342,1000,0,bootstrap_supported_positive
mugla_2021_to_bejis_2022,baseline,1e-05,lambda_1e_m5,roc_auc,0.6087499838699271,pass,persisted_step10_metric,0.4507383379572875,0.15801164591263955,0.15801164591263955,0.573885605522937,0.03486437834699008,0.03486437834699008,0.6087499838699271,0.0,0.0,candidate_vs_zscore,0.03486437834699,0.023378042542302448,0.046673188116191915,1000,0,bootstrap_supported_positive
mugla_2021_to_bejis_2022,baseline,1e-05,lambda_1e_m5,roc_auc,0.6087499838699271,pass,persisted_step10_metric,0.4507383379572875,0.15801164591263955,0.15801164591263955,0.573885605522937,0.03486437834699008,0.03486437834699008,0.6087499838699271,0.0,0.0,candidate_vs_canonical,0.0,0.0,0.0,1000,0,interval_includes_zero
mugla_2021_to_bejis_2022,baseline,1e-05,lambda_1e_m5,pr_auc,0.09560302736750559,pass,persisted_step10_metric,0.0641658658878618,0.03143716147964379,0.03143716147964379,0.0852407424254424,0.01036228494206319,0.01036228494206319,0.0956030273675055,8.326672684688674e-17,8.326672684688674e-17,candidate_vs_raw,0.0314371614796437,0.02083553093690531,0.04285053809296138,1000,0,bootstrap_supported_positive
mugla_2021_to_bejis_2022,baseline,1e-05,lambda_1e_m5,pr_auc,0.09560302736750559,pass,persisted_step10_metric,0.0641658658878618,0.03143716147964379,0.03143716147964379,0.0852407424254424,0.01036228494206319,0.01036228494206319,0.0956030273675055,8.326672684688674e-17,8.326672684688674e-17,candidate_vs_zscore,0.0103622849420631,0.006103129877249784,0.015262797532408433,1000,0,bootstrap_supported_positive
mugla_2021_to_bejis_2022,baseline,1e-05,lambda_1e_m5,pr_auc,0.09560302736750559,pass,persisted_step10_metric,0.0641658658878618,0.03143716147964379,0.03143716147964379,0.0852407424254424,0.01036228494206319,0.01036228494206319,0.0956030273675055,8.326672684688674e-17,8.326672684688674e-17,candidate_vs_canonical,8.326672684688674e-17,0.0,0.0,1000,0,interval_includes_zero
mugla_2021_to_bejis_2022,baseline,1e-05,lambda_1e_m5,brier_score,0.14481377953246488,pass,recomputed_from_persisted_probabilities,0.13096665141263947,0.013847128119825414,-0.013847128119825414,0.1445953002618234,0.0002184792706414751,-0.0002184792706414751,0.14481377953246488,0.0,0.0,candidate_vs_raw,-0.0138471281198254,-0.01869823733459802,-0.009013335533371584,1000,0,bootstrap_supported_negative
mugla_2021_to_bejis_2022,baseline,1e-05,lambda_1e_m5,brier_score,0.14481377953246488,pass,recomputed_from_persisted_probabilities,0.13096665141263947,0.013847128119825414,-0.013847128119825414,0.1445953002618234,0.0002184792706414751,-0.0002184792706414751,0.14481377953246488,0.0,0.0,candidate_vs_zscore,-0.0002184792706414,-0.002227822912098267,0.0019614452125936085,1000,0,interval_includes_zero
mugla_2021_to_bejis_2022,baseline,1e-05,lambda_1e_m5,brier_score,0.14481377953246488,pass,recomputed_from_persisted_probabilities,0.13096665141263947,0.013847128119825414,-0.013847128119825414,0.1445953002618234,0.0002184792706414751,-0.0002184792706414751,0.14481377953246488,0.0,0.0,candidate_vs_canonical,0.0,-2.7755575615628914e-17,2.7755575615628914e-17,1000,0,interval_includes_zero
mugla_2021_to_bejis_2022,baseline,0.0001,lambda_1e_m4,roc_auc,0.6088075682302083,pass,persisted_step10_metric,0.4507383379572875,0.1580692302729208,0.1580692302729208,0.573885605522937,0.034921962707271326,0.034921962707271326,0.6087499838699271,5.758436028124869e-05,5.758436028124869e-05,candidate_vs_raw,0.1580692302729208,0.12389524792894605,0.19254493182856122,1000,0,bootstrap_supported_positive
mugla_2021_to_bejis_2022,baseline,0.0001,lambda_1e_m4,roc_auc,0.6088075682302083,pass,persisted_step10_metric,0.4507383379572875,0.1580692302729208,0.1580692302729208,0.573885605522937,0.034921962707271326,0.034921962707271326,0.6087499838699271,5.758436028124869e-05,5.758436028124869e-05,candidate_vs_zscore,0.0349219627072713,0.02344027679390633,0.04674190239178468,1000,0,bootstrap_supported_positive
mugla_2021_to_bejis_2022,baseline,0.0001,lambda_1e_m4,roc_auc,0.6088075682302083,pass,persisted_step10_metric,0.4507383379572875,0.1580692302729208,0.1580692302729208,0.573885605522937,0.034921962707271326,0.034921962707271326,0.6087499838699271,5.758436028124869e-05,5.758436028124869e-05,candidate_vs_canonical,5.758436028124869e-05,-0.0010636314598953007,0.0012529204715134884,1000,0,interval_includes_zero
mugla_2021_to_bejis_2022,baseline,0.0001,lambda_1e_m4,pr_auc,0.09547824661904619,pass,persisted_step10_metric,0.0641658658878618,0.03131238073118439,0.03131238073118439,0.0852407424254424,0.010237504193603794,0.010237504193603794,0.0956030273675055,-0.0001247807484593133,-0.0001247807484593133,candidate_vs_raw,0.0313123807311843,0.02047597966977897,0.04276764361357078,1000,0,bootstrap_supported_positive
mugla_2021_to_bejis_2022,baseline,0.0001,lambda_1e_m4,pr_auc,0.09547824661904619,pass,persisted_step10_metric,0.0641658658878618,0.03131238073118439,0.03131238073118439,0.0852407424254424,0.010237504193603794,0.010237504193603794,0.0956030273675055,-0.0001247807484593133,-0.0001247807484593133,candidate_vs_zscore,0.0102375041936037,0.006043282728713796,0.01491459851156081,1000,0,bootstrap_supported_positive
mugla_2021_to_bejis_2022,baseline,0.0001,lambda_1e_m4,pr_auc,0.09547824661904619,pass,persisted_step10_metric,0.0641658658878618,0.03131238073118439,0.03131238073118439,0.0852407424254424,0.010237504193603794,0.010237504193603794,0.0956030273675055,-0.0001247807484593133,-0.0001247807484593133,candidate_vs_canonical,-0.0001247807484593,-0.0005435822744268477,0.0002869664247308404,1000,0,interval_includes_zero
mugla_2021_to_bejis_2022,baseline,0.0001,lambda_1e_m4,brier_score,0.14551060347656983,pass,recomputed_from_persisted_probabilities,0.13096665141263947,0.01454395206393036,-0.01454395206393036,0.1445953002618234,0.0009153032147464213,-0.0009153032147464213,0.14481377953246488,0.0006968239441049462,-0.0006968239441049462,candidate_vs_raw,-0.0145439520639303,-0.01950189595426809,-0.009721582264955233,1000,0,bootstrap_supported_negative
mugla_2021_to_bejis_2022,baseline,0.0001,lambda_1e_m4,brier_score,0.14551060347656983,pass,recomputed_from_persisted_probabilities,0.13096665141263947,0.01454395206393036,-0.01454395206393036,0.1445953002618234,0.0009153032147464213,-0.0009153032147464213,0.14481377953246488,0.0006968239441049462,-0.0006968239441049462,candidate_vs_zscore,-0.0009153032147464,-0.0029081934244915924,0.001279709250430195,1000,0,interval_includes_zero
mugla_2021_to_bejis_2022,baseline,0.0001,lambda_1e_m4,brier_score,0.14551060347656983,pass,recomputed_from_persisted_probabilities,0.13096665141263947,0.01454395206393036,-0.01454395206393036,0.1445953002618234,0.0009153032147464213,-0.0009153032147464213,0.14481377953246488,0.0006968239441049462,-0.0006968239441049462,candidate_vs_canonical,-0.0006968239441049,-0.0008994220758153267,-0.00048536805980904933,1000,0,bootstrap_supported_negative
mugla_2021_to_bejis_2022,baseline,0.001,lambda_1e_m3,roc_auc,0.6074968062455642,pass,persisted_step10_metric,0.4507383379572875,0.15675846828827672,0.15675846828827672,0.573885605522937,0.033611200722627244,0.033611200722627244,0.6087499838699271,-0.0012531776243628334,-0.0012531776243628334,candidate_vs_raw,0.1567584682882767,0.12295668018680694,0.19085548599183003,1000,0,bootstrap_supported_positive
mugla_2021_to_bejis_2022,baseline,0.001,lambda_1e_m3,roc_auc,0.6074968062455642,pass,persisted_step10_metric,0.4507383379572875,0.15675846828827672,0.15675846828827672,0.573885605522937,0.033611200722627244,0.033611200722627244,0.6087499838699271,-0.0012531776243628334,-0.0012531776243628334,candidate_vs_zscore,0.0336112007226272,0.0221545712498381,0.045628298682219154,1000,0,bootstrap_supported_positive
mugla_2021_to_bejis_2022,baseline,0.001,lambda_1e_m3,roc_auc,0.6074968062455642,pass,persisted_step10_metric,0.4507383379572875,0.15675846828827672,0.15675846828827672,0.573885605522937,0.033611200722627244,0.033611200722627244,0.6087499838699271,-0.0012531776243628334,-0.0012531776243628334,candidate_vs_canonical,-0.0012531776243628,-0.003164077790917047,0.000681295141048085,1000,0,interval_includes_zero
mugla_2021_to_bejis_2022,baseline,0.001,lambda_1e_m3,pr_auc,0.09591815165152494,pass,persisted_step10_metric,0.0641658658878618,0.03175228576366314,0.03175228576366314,0.0852407424254424,0.01067740922608254,0.01067740922608254,0.0956030273675055,0.00031512428401943293,0.00031512428401943293,candidate_vs_raw,0.0317522857636631,0.020824903318976098,0.04343733483665963,1000,0,bootstrap_supported_positive
mugla_2021_to_bejis_2022,baseline,0.001,lambda_1e_m3,pr_auc,0.09591815165152494,pass,persisted_step10_metric,0.0641658658878618,0.03175228576366314,0.03175228576366314,0.0852407424254424,0.01067740922608254,0.01067740922608254,0.0956030273675055,0.00031512428401943293,0.00031512428401943293,candidate_vs_zscore,0.0106774092260825,0.006403226897138086,0.015618379886058123,1000,0,bootstrap_supported_positive
mugla_2021_to_bejis_2022,baseline,0.001,lambda_1e_m3,pr_auc,0.09591815165152494,pass,persisted_step10_metric,0.0641658658878618,0.03175228576366314,0.03175228576366314,0.0852407424254424,0.01067740922608254,0.01067740922608254,0.0956030273675055,0.00031512428401943293,0.00031512428401943293,candidate_vs_canonical,0.0003151242840194,-0.0004067296343475732,0.0010761624058850646,1000,0,interval_includes_zero
mugla_2021_to_bejis_2022,baseline,0.001,lambda_1e_m3,brier_score,0.14388144238372658,pass,recomputed_from_persisted_probabilities,0.13096665141263947,0.012914790971087109,-0.012914790971087109,0.1445953002618234,-0.0007138578780968297,0.0007138578780968297,0.14481377953246488,-0.0009323371487383048,0.0009323371487383048,candidate_vs_raw,-0.0129147909710871,-0.017817530791415077,-0.008089899292692892,1000,0,bootstrap_supported_negative
mugla_2021_to_bejis_2022,baseline,0.001,lambda_1e_m3,brier_score,0.14388144238372658,pass,recomputed_from_persisted_probabilities,0.13096665141263947,0.012914790971087109,-0.012914790971087109,0.1445953002618234,-0.0007138578780968297,0.0007138578780968297,0.14481377953246488,-0.0009323371487383048,0.0009323371487383048,candidate_vs_zscore,0.0007138578780968,-0.0012769537686794675,0.0029000706283176425,1000,0,interval_includes_zero
mugla_2021_to_bejis_2022,baseline,0.001,lambda_1e_m3,brier_score,0.14388144238372658,pass,recomputed_from_persisted_probabilities,0.13096665141263947,0.012914790971087109,-0.012914790971087109,0.1445953002618234,-0.0007138578780968297,0.0007138578780968297,0.14481377953246488,-0.0009323371487383048,0.0009323371487383048,candidate_vs_canonical,0.0009323371487383,0.0006321011615264902,0.0012469134486600489,1000,0,bootstrap_supported_positive
mugla_2021_to_bejis_2022,baseline,0.01,lambda_1e_m2,roc_auc,0.6032084973224079,pass,persisted_step10_metric,0.4507383379572875,0.15247015936512037,0.15247015936512037,0.573885605522937,0.029322891799470896,0.029322891799470896,0.6087499838699271,-0.005541486547519181,-0.005541486547519181,candidate_vs_raw,0.1524701593651203,0.11844383381304502,0.1864173653389191,1000,0,bootstrap_supported_positive
mugla_2021_to_bejis_2022,baseline,0.01,lambda_1e_m2,roc_auc,0.6032084973224079,pass,persisted_step10_metric,0.4507383379572875,0.15247015936512037,0.15247015936512037,0.573885605522937,0.029322891799470896,0.029322891799470896,0.6087499838699271,-0.005541486547519181,-0.005541486547519181,candidate_vs_zscore,0.0293228917994708,0.018622343529378207,0.0408351328374699,1000,0,bootstrap_supported_positive
mugla_2021_to_bejis_2022,baseline,0.01,lambda_1e_m2,roc_auc,0.6032084973224079,pass,persisted_step10_metric,0.4507383379572875,0.15247015936512037,0.15247015936512037,0.573885605522937,0.029322891799470896,0.029322891799470896,0.6087499838699271,-0.005541486547519181,-0.005541486547519181,candidate_vs_canonical,-0.0055414865475191,-0.00793159671516008,-0.003028455579035361,1000,0,bootstrap_supported_negative
mugla_2021_to_bejis_2022,baseline,0.01,lambda_1e_m2,pr_auc,0.09406896869469833,pass,persisted_step10_metric,0.0641658658878618,0.02990310280683653,0.02990310280683653,0.0852407424254424,0.008828226269255932,0.008828226269255932,0.0956030273675055,-0.001534058672807176,-0.001534058672807176,candidate_vs_raw,0.0299031028068365,0.019309514531026625,0.04101695801992561,1000,0,bootstrap_supported_positive
mugla_2021_to_bejis_2022,baseline,0.01,lambda_1e_m2,pr_auc,0.09406896869469833,pass,persisted_step10_metric,0.0641658658878618,0.02990310280683653,0.02990310280683653,0.0852407424254424,0.008828226269255932,0.008828226269255932,0.0956030273675055,-0.001534058672807176,-0.001534058672807176,candidate_vs_zscore,0.0088282262692559,0.004853194132523038,0.013445427559178331,1000,0,bootstrap_supported_positive
mugla_2021_to_bejis_2022,baseline,0.01,lambda_1e_m2,pr_auc,0.09406896869469833,pass,persisted_step10_metric,0.0641658658878618,0.02990310280683653,0.02990310280683653,0.0852407424254424,0.008828226269255932,0.008828226269255932,0.0956030273675055,-0.001534058672807176,-0.001534058672807176,candidate_vs_canonical,-0.0015340586728071,-0.0025471980762209506,-0.0006387971982635231,1000,0,bootstrap_supported_negative
mugla_2021_to_bejis_2022,baseline,0.01,lambda_1e_m2,brier_score,0.14556047086922683,pass,recomputed_from_persisted_probabilities,0.13096665141263947,0.014593819456587359,-0.014593819456587359,0.1445953002618234,0.0009651706074034205,-0.0009651706074034205,0.14481377953246488,0.0007466913367619454,-0.0007466913367619454,candidate_vs_raw,-0.0145938194565873,-0.019532995266672567,-0.009850791455958489,1000,0,bootstrap_supported_negative
mugla_2021_to_bejis_2022,baseline,0.01,lambda_1e_m2,brier_score,0.14556047086922683,pass,recomputed_from_persisted_probabilities,0.13096665141263947,0.014593819456587359,-0.014593819456587359,0.1445953002618234,0.0009651706074034205,-0.0009651706074034205,0.14481377953246488,0.0007466913367619454,-0.0007466913367619454,candidate_vs_zscore,-0.0009651706074034,-0.002953182141948546,0.0011577912077881548,1000,0,interval_includes_zero
mugla_2021_to_bejis_2022,baseline,0.01,lambda_1e_m2,brier_score,0.14556047086922683,pass,recomputed_from_persisted_probabilities,0.13096665141263947,0.014593819456587359,-0.014593819456587359,0.1445953002618234,0.0009651706074034205,-0.0009651706074034205,0.14481377953246488,0.0007466913367619454,-0.0007466913367619454,candidate_vs_canonical,-0.0007466913367619,-0.0011351996258802427,-0.0003576138930058787,1000,0,bootstrap_supported_negative
mugla_2021_to_bejis_2022,baseline,0.1,lambda_1e_m1,roc_auc,0.5962815988128267,pass,persisted_step10_metric,0.4507383379572875,0.1455432608555392,0.1455432608555392,0.573885605522937,0.022395993289889726,0.022395993289889726,0.6087499838699271,-0.01246838505710035,-0.01246838505710035,candidate_vs_raw,0.1455432608555392,0.11110402203457827,0.1786070210182699,1000,0,bootstrap_supported_positive
mugla_2021_to_bejis_2022,baseline,0.1,lambda_1e_m1,roc_auc,0.5962815988128267,pass,persisted_step10_metric,0.4507383379572875,0.1455432608555392,0.1455432608555392,0.573885605522937,0.022395993289889726,0.022395993289889726,0.6087499838699271,-0.01246838505710035,-0.01246838505710035,candidate_vs_zscore,0.0223959932898897,0.01222059573176772,0.03314491433854675,1000,0,bootstrap_supported_positive
mugla_2021_to_bejis_2022,baseline,0.1,lambda_1e_m1,roc_auc,0.5962815988128267,pass,persisted_step10_metric,0.4507383379572875,0.1455432608555392,0.1455432608555392,0.573885605522937,0.022395993289889726,0.022395993289889726,0.6087499838699271,-0.01246838505710035,-0.01246838505710035,candidate_vs_canonical,-0.0124683850571003,-0.016645673873060797,-0.008456631614134647,1000,0,bootstrap_supported_negative
mugla_2021_to_bejis_2022,baseline,0.1,lambda_1e_m1,pr_auc,0.0909767735629945,pass,persisted_step10_metric,0.0641658658878618,0.026810907675132695,0.026810907675132695,0.0852407424254424,0.005736031137552097,0.005736031137552097,0.0956030273675055,-0.00462625380451101,-0.00462625380451101,candidate_vs_raw,0.0268109076751326,0.016839843100959102,0.03721620194907021,1000,0,bootstrap_supported_positive
mugla_2021_to_bejis_2022,baseline,0.1,lambda_1e_m1,pr_auc,0.0909767735629945,pass,persisted_step10_metric,0.0641658658878618,0.026810907675132695,0.026810907675132695,0.0852407424254424,0.005736031137552097,0.005736031137552097,0.0956030273675055,-0.00462625380451101,-0.00462625380451101,candidate_vs_zscore,0.005736031137552,0.0020175292972011505,0.009738506810541395,1000,0,bootstrap_supported_positive
mugla_2021_to_bejis_2022,baseline,0.1,lambda_1e_m1,pr_auc,0.0909767735629945,pass,persisted_step10_metric,0.0641658658878618,0.026810907675132695,0.026810907675132695,0.0852407424254424,0.005736031137552097,0.005736031137552097,0.0956030273675055,-0.00462625380451101,-0.00462625380451101,candidate_vs_canonical,-0.004626253804511,-0.006604883580628392,-0.003032085090971527,1000,0,bootstrap_supported_negative
mugla_2021_to_bejis_2022,baseline,0.1,lambda_1e_m1,brier_score,0.1446205279338057,pass,recomputed_from_persisted_probabilities,0.13096665141263947,0.01365387652116623,-0.01365387652116623,0.1445953002618234,2.522767198229192e-05,-2.522767198229192e-05,0.14481377953246488,-0.00019325159865918318,0.00019325159865918318,candidate_vs_raw,-0.0136538765211662,-0.01849906697930651,-0.008942979075877822,1000,0,bootstrap_supported_negative
mugla_2021_to_bejis_2022,baseline,0.1,lambda_1e_m1,brier_score,0.1446205279338057,pass,recomputed_from_persisted_probabilities,0.13096665141263947,0.01365387652116623,-0.01365387652116623,0.1445953002618234,2.522767198229192e-05,-2.522767198229192e-05,0.14481377953246488,-0.00019325159865918318,0.00019325159865918318,candidate_vs_zscore,-2.522767198229192e-05,-0.0019760860268193438,0.0018725319839985155,1000,0,interval_includes_zero
mugla_2021_to_bejis_2022,baseline,0.1,lambda_1e_m1,brier_score,0.1446205279338057,pass,recomputed_from_persisted_probabilities,0.13096665141263947,0.01365387652116623,-0.01365387652116623,0.1445953002618234,2.522767198229192e-05,-2.522767198229192e-05,0.14481377953246488,-0.00019325159865918318,0.00019325159865918318,candidate_vs_canonical,0.0001932515986591,-0.0006391914249151004,0.0008977615969937018,1000,0,interval_includes_zero
mugla_2021_to_bejis_2022,thermal,0.0,lambda_0,roc_auc,0.5603483773146655,pass,persisted_step10_metric,0.5831912381443964,-0.02284286082973097,-0.02284286082973097,0.5352625975869411,0.02508577972772441,0.02508577972772441,0.560332344022195,1.6033292470463145e-05,1.6033292470463145e-05,candidate_vs_raw,-0.0228428608297309,-0.05324249053471246,0.006660260392094857,1000,0,interval_includes_zero
mugla_2021_to_bejis_2022,thermal,0.0,lambda_0,roc_auc,0.5603483773146655,pass,persisted_step10_metric,0.5831912381443964,-0.02284286082973097,-0.02284286082973097,0.5352625975869411,0.02508577972772441,0.02508577972772441,0.560332344022195,1.6033292470463145e-05,1.6033292470463145e-05,candidate_vs_zscore,0.0250857797277244,0.01563825466904927,0.03538690153667617,1000,0,bootstrap_supported_positive
mugla_2021_to_bejis_2022,thermal,0.0,lambda_0,roc_auc,0.5603483773146655,pass,persisted_step10_metric,0.5831912381443964,-0.02284286082973097,-0.02284286082973097,0.5352625975869411,0.02508577972772441,0.02508577972772441,0.560332344022195,1.6033292470463145e-05,1.6033292470463145e-05,candidate_vs_canonical,1.6033292470463145e-05,-0.003000040619518518,0.003143030173646821,1000,0,interval_includes_zero
mugla_2021_to_bejis_2022,thermal,0.0,lambda_0,pr_auc,0.07841978431314495,pass,persisted_step10_metric,0.0882719168819328,-0.00985213256878785,-0.00985213256878785,0.0721847069129346,0.006235077400210343,0.006235077400210343,0.0779051864706781,0.0005145978424668518,0.0005145978424668518,candidate_vs_raw,-0.0098521325687878,-0.02065019025747763,-0.000977443159236615,1000,0,bootstrap_supported_negative
mugla_2021_to_bejis_2022,thermal,0.0,lambda_0,pr_auc,0.07841978431314495,pass,persisted_step10_metric,0.0882719168819328,-0.00985213256878785,-0.00985213256878785,0.0721847069129346,0.006235077400210343,0.006235077400210343,0.0779051864706781,0.0005145978424668518,0.0005145978424668518,candidate_vs_zscore,0.0062350774002103,0.004139927854948685,0.008831604651695519,1000,0,bootstrap_supported_positive
mugla_2021_to_bejis_2022,thermal,0.0,lambda_0,pr_auc,0.07841978431314495,pass,persisted_step10_metric,0.0882719168819328,-0.00985213256878785,-0.00985213256878785,0.0721847069129346,0.006235077400210343,0.006235077400210343,0.0779051864706781,0.0005145978424668518,0.0005145978424668518,candidate_vs_canonical,0.0005145978424668,-0.00010373469918087026,0.0011965448942327789,1000,0,interval_includes_zero
mugla_2021_to_bejis_2022,thermal,0.0,lambda_0,brier_score,0.1100961081559681,pass,recomputed_from_persisted_probabilities,0.11079303395449873,-0.0006969257985306315,0.0006969257985306315,0.10994130599913708,0.00015480215683101595,-0.00015480215683101595,0.10988088754051736,0.00021522061545073412,-0.00021522061545073412,candidate_vs_raw,0.0006969257985306,-0.0033948192931716145,0.004345607626850608,1000,0,interval_includes_zero
mugla_2021_to_bejis_2022,thermal,0.0,lambda_0,brier_score,0.1100961081559681,pass,recomputed_from_persisted_probabilities,0.11079303395449873,-0.0006969257985306315,0.0006969257985306315,0.10994130599913708,0.00015480215683101595,-0.00015480215683101595,0.10988088754051736,0.00021522061545073412,-0.00021522061545073412,candidate_vs_zscore,-0.000154802156831,-0.0016484946001118644,0.0014061878482763905,1000,0,interval_includes_zero
mugla_2021_to_bejis_2022,thermal,0.0,lambda_0,brier_score,0.1100961081559681,pass,recomputed_from_persisted_probabilities,0.11079303395449873,-0.0006969257985306315,0.0006969257985306315,0.10994130599913708,0.00015480215683101595,-0.00015480215683101595,0.10988088754051736,0.00021522061545073412,-0.00021522061545073412,candidate_vs_canonical,-0.0002152206154507,-0.0004746529642764008,1.78762366273041e-05,1000,0,interval_includes_zero
mugla_2021_to_bejis_2022,thermal,1e-08,lambda_1e_m8,roc_auc,0.5603483773146655,pass,persisted_step10_metric,0.5831912381443964,-0.02284286082973097,-0.02284286082973097,0.5352625975869411,0.02508577972772441,0.02508577972772441,0.560332344022195,1.6033292470463145e-05,1.6033292470463145e-05,candidate_vs_raw,-0.0228428608297309,-0.05324249053471246,0.006660260392094857,1000,0,interval_includes_zero
mugla_2021_to_bejis_2022,thermal,1e-08,lambda_1e_m8,roc_auc,0.5603483773146655,pass,persisted_step10_metric,0.5831912381443964,-0.02284286082973097,-0.02284286082973097,0.5352625975869411,0.02508577972772441,0.02508577972772441,0.560332344022195,1.6033292470463145e-05,1.6033292470463145e-05,candidate_vs_zscore,0.0250857797277244,0.01563825466904927,0.03538690153667617,1000,0,bootstrap_supported_positive
mugla_2021_to_bejis_2022,thermal,1e-08,lambda_1e_m8,roc_auc,0.5603483773146655,pass,persisted_step10_metric,0.5831912381443964,-0.02284286082973097,-0.02284286082973097,0.5352625975869411,0.02508577972772441,0.02508577972772441,0.560332344022195,1.6033292470463145e-05,1.6033292470463145e-05,candidate_vs_canonical,1.6033292470463145e-05,-0.003000040619518518,0.003143030173646821,1000,0,interval_includes_zero
mugla_2021_to_bejis_2022,thermal,1e-08,lambda_1e_m8,pr_auc,0.07841978431314495,pass,persisted_step10_metric,0.0882719168819328,-0.00985213256878785,-0.00985213256878785,0.0721847069129346,0.006235077400210343,0.006235077400210343,0.0779051864706781,0.0005145978424668518,0.0005145978424668518,candidate_vs_raw,-0.0098521325687878,-0.02065019025747763,-0.000977443159236615,1000,0,bootstrap_supported_negative
mugla_2021_to_bejis_2022,thermal,1e-08,lambda_1e_m8,pr_auc,0.07841978431314495,pass,persisted_step10_metric,0.0882719168819328,-0.00985213256878785,-0.00985213256878785,0.0721847069129346,0.006235077400210343,0.006235077400210343,0.0779051864706781,0.0005145978424668518,0.0005145978424668518,candidate_vs_zscore,0.0062350774002103,0.004139927854948685,0.008831604651695519,1000,0,bootstrap_supported_positive
mugla_2021_to_bejis_2022,thermal,1e-08,lambda_1e_m8,pr_auc,0.07841978431314495,pass,persisted_step10_metric,0.0882719168819328,-0.00985213256878785,-0.00985213256878785,0.0721847069129346,0.006235077400210343,0.006235077400210343,0.0779051864706781,0.0005145978424668518,0.0005145978424668518,candidate_vs_canonical,0.0005145978424668,-0.00010373469918087026,0.0011965448942327789,1000,0,interval_includes_zero
mugla_2021_to_bejis_2022,thermal,1e-08,lambda_1e_m8,brier_score,0.1100961081559681,pass,recomputed_from_persisted_probabilities,0.11079303395449873,-0.0006969257985306315,0.0006969257985306315,0.10994130599913708,0.00015480215683101595,-0.00015480215683101595,0.10988088754051736,0.00021522061545073412,-0.00021522061545073412,candidate_vs_raw,0.0006969257985306,-0.0033948192931716414,0.004345607626850608,1000,0,interval_includes_zero
mugla_2021_to_bejis_2022,thermal,1e-08,lambda_1e_m8,brier_score,0.1100961081559681,pass,recomputed_from_persisted_probabilities,0.11079303395449873,-0.0006969257985306315,0.0006969257985306315,0.10994130599913708,0.00015480215683101595,-0.00015480215683101595,0.10988088754051736,0.00021522061545073412,-0.00021522061545073412,candidate_vs_zscore,-0.000154802156831,-0.0016484946001118644,0.0014061878482763905,1000,0,interval_includes_zero
mugla_2021_to_bejis_2022,thermal,1e-08,lambda_1e_m8,brier_score,0.1100961081559681,pass,recomputed_from_persisted_probabilities,0.11079303395449873,-0.0006969257985306315,0.0006969257985306315,0.10994130599913708,0.00015480215683101595,-0.00015480215683101595,0.10988088754051736,0.00021522061545073412,-0.00021522061545073412,candidate_vs_canonical,-0.0002152206154507,-0.0004746529642764008,1.78762366273041e-05,1000,0,interval_includes_zero
mugla_2021_to_bejis_2022,thermal,1e-07,lambda_1e_m7,roc_auc,0.5601973998322473,pass,persisted_step10_metric,0.5831912381443964,-0.022993838312149184,-0.022993838312149184,0.5352625975869411,0.024934802245306198,0.024934802245306198,0.560332344022195,-0.00013494418994774993,-0.00013494418994774993,candidate_vs_raw,-0.0229938383121491,-0.05352333549994147,0.006432113106512236,1000,0,interval_includes_zero
mugla_2021_to_bejis_2022,thermal,1e-07,lambda_1e_m7,roc_auc,0.5601973998322473,pass,persisted_step10_metric,0.5831912381443964,-0.022993838312149184,-0.022993838312149184,0.5352625975869411,0.024934802245306198,0.024934802245306198,0.560332344022195,-0.00013494418994774993,-0.00013494418994774993,candidate_vs_zscore,0.0249348022453061,0.01548742889187929,0.0351572217814572,1000,0,bootstrap_supported_positive
mugla_2021_to_bejis_2022,thermal,1e-07,lambda_1e_m7,roc_auc,0.5601973998322473,pass,persisted_step10_metric,0.5831912381443964,-0.022993838312149184,-0.022993838312149184,0.5352625975869411,0.024934802245306198,0.024934802245306198,0.560332344022195,-0.00013494418994774993,-0.00013494418994774993,candidate_vs_canonical,-0.0001349441899477,-0.003175448102179143,0.003011401801253682,1000,0,interval_includes_zero
mugla_2021_to_bejis_2022,thermal,1e-07,lambda_1e_m7,pr_auc,0.07838998560691732,pass,persisted_step10_metric,0.0882719168819328,-0.00988193127501548,-0.00988193127501548,0.0721847069129346,0.006205278693982713,0.006205278693982713,0.0779051864706781,0.00048479913623922233,0.00048479913623922233,candidate_vs_raw,-0.0098819312750154,-0.020690526252925834,-0.001001424558965943,1000,0,bootstrap_supported_negative
mugla_2021_to_bejis_2022,thermal,1e-07,lambda_1e_m7,pr_auc,0.07838998560691732,pass,persisted_step10_metric,0.0882719168819328,-0.00988193127501548,-0.00988193127501548,0.0721847069129346,0.006205278693982713,0.006205278693982713,0.0779051864706781,0.00048479913623922233,0.00048479913623922233,candidate_vs_zscore,0.0062052786939827,0.0041134827613548575,0.008792270724343987,1000,0,bootstrap_supported_positive
mugla_2021_to_bejis_2022,thermal,1e-07,lambda_1e_m7,pr_auc,0.07838998560691732,pass,persisted_step10_metric,0.0882719168819328,-0.00988193127501548,-0.00988193127501548,0.0721847069129346,0.006205278693982713,0.006205278693982713,0.0779051864706781,0.00048479913623922233,0.00048479913623922233,candidate_vs_canonical,0.0004847991362392,-0.00013415557597434152,0.001160021769452766,1000,0,interval_includes_zero
mugla_2021_to_bejis_2022,thermal,1e-07,lambda_1e_m7,brier_score,0.1101050520511925,pass,recomputed_from_persisted_probabilities,0.11079303395449873,-0.0006879819033062257,0.0006879819033062257,0.10994130599913708,0.0001637460520554218,-0.0001637460520554218,0.10988088754051736,0.00022416451067513998,-0.00022416451067513998,candidate_vs_raw,0.0006879819033062,-0.0034147693649820123,0.004336488969677549,1000,0,interval_includes_zero
mugla_2021_to_bejis_2022,thermal,1e-07,lambda_1e_m7,brier_score,0.1101050520511925,pass,recomputed_from_persisted_probabilities,0.11079303395449873,-0.0006879819033062257,0.0006879819033062257,0.10994130599913708,0.0001637460520554218,-0.0001637460520554218,0.10988088754051736,0.00022416451067513998,-0.00022416451067513998,candidate_vs_zscore,-0.0001637460520554,-0.0016621197992240232,0.0014019121323901925,1000,0,interval_includes_zero
mugla_2021_to_bejis_2022,thermal,1e-07,lambda_1e_m7,brier_score,0.1101050520511925,pass,recomputed_from_persisted_probabilities,0.11079303395449873,-0.0006879819033062257,0.0006879819033062257,0.10994130599913708,0.0001637460520554218,-0.0001637460520554218,0.10988088754051736,0.00022416451067513998,-0.00022416451067513998,candidate_vs_canonical,-0.0002241645106751,-0.0004857310598901987,1.3875004506199476e-05,1000,0,interval_includes_zero
mugla_2021_to_bejis_2022,thermal,1e-06,lambda_1e_m6,roc_auc,0.559871056197174,pass,persisted_step10_metric,0.5831912381443964,-0.023320181947222407,-0.023320181947222407,0.5352625975869411,0.024608458610232975,0.024608458610232975,0.560332344022195,-0.0004612878250209729,-0.0004612878250209729,candidate_vs_raw,-0.0233201819472224,-0.05345043681949884,0.005952565659539167,1000,0,interval_includes_zero
mugla_2021_to_bejis_2022,thermal,1e-06,lambda_1e_m6,roc_auc,0.559871056197174,pass,persisted_step10_metric,0.5831912381443964,-0.023320181947222407,-0.023320181947222407,0.5352625975869411,0.024608458610232975,0.024608458610232975,0.560332344022195,-0.0004612878250209729,-0.0004612878250209729,candidate_vs_zscore,0.0246084586102329,0.015104855746036604,0.03503455761598518,1000,0,bootstrap_supported_positive
mugla_2021_to_bejis_2022,thermal,1e-06,lambda_1e_m6,roc_auc,0.559871056197174,pass,persisted_step10_metric,0.5831912381443964,-0.023320181947222407,-0.023320181947222407,0.5352625975869411,0.024608458610232975,0.024608458610232975,0.560332344022195,-0.0004612878250209729,-0.0004612878250209729,candidate_vs_canonical,-0.0004612878250209,-0.003345654454849667,0.0023522769521550487,1000,0,interval_includes_zero
mugla_2021_to_bejis_2022,thermal,1e-06,lambda_1e_m6,pr_auc,0.07832870492217141,pass,persisted_step10_metric,0.0882719168819328,-0.009943211959761389,-0.009943211959761389,0.0721847069129346,0.0061439980092368035,0.0061439980092368035,0.0779051864706781,0.0004235184514933127,0.0004235184514933127,candidate_vs_raw,-0.0099432119597613,-0.020860115444874098,-0.001120350940264644,1000,0,bootstrap_supported_negative
mugla_2021_to_bejis_2022,thermal,1e-06,lambda_1e_m6,pr_auc,0.07832870492217141,pass,persisted_step10_metric,0.0882719168819328,-0.009943211959761389,-0.009943211959761389,0.0721847069129346,0.0061439980092368035,0.0061439980092368035,0.0779051864706781,0.0004235184514933127,0.0004235184514933127,candidate_vs_zscore,0.0061439980092368,0.004048471277363826,0.008725344858054023,1000,0,bootstrap_supported_positive
mugla_2021_to_bejis_2022,thermal,1e-06,lambda_1e_m6,pr_auc,0.07832870492217141,pass,persisted_step10_metric,0.0882719168819328,-0.009943211959761389,-0.009943211959761389,0.0721847069129346,0.0061439980092368035,0.0061439980092368035,0.0779051864706781,0.0004235184514933127,0.0004235184514933127,candidate_vs_canonical,0.0004235184514933,-0.0001697584154563933,0.0010610448514718734,1000,0,interval_includes_zero
mugla_2021_to_bejis_2022,thermal,1e-06,lambda_1e_m6,brier_score,0.11018380157261745,pass,recomputed_from_persisted_probabilities,0.11079303395449873,-0.0006092323818812778,0.0006092323818812778,0.10994130599913708,0.00024249557348036965,-0.00024249557348036965,0.10988088754051736,0.0003029140321000878,-0.0003029140321000878,candidate_vs_raw,0.0006092323818812,-0.0034758770318874714,0.004264938453027116,1000,0,interval_includes_zero
mugla_2021_to_bejis_2022,thermal,1e-06,lambda_1e_m6,brier_score,0.11018380157261745,pass,recomputed_from_persisted_probabilities,0.11079303395449873,-0.0006092323818812778,0.0006092323818812778,0.10994130599913708,0.00024249557348036965,-0.00024249557348036965,0.10988088754051736,0.0003029140321000878,-0.0003029140321000878,candidate_vs_zscore,-0.0002424955734803,-0.0017118874590478638,0.0013020488109981197,1000,0,interval_includes_zero
mugla_2021_to_bejis_2022,thermal,1e-06,lambda_1e_m6,brier_score,0.11018380157261745,pass,recomputed_from_persisted_probabilities,0.11079303395449873,-0.0006092323818812778,0.0006092323818812778,0.10994130599913708,0.00024249557348036965,-0.00024249557348036965,0.10988088754051736,0.0003029140321000878,-0.0003029140321000878,candidate_vs_canonical,-0.0003029140321,-0.0005433196375939614,-8.003838202264592e-05,1000,0,bootstrap_supported_negative
mugla_2021_to_bejis_2022,thermal,1e-05,lambda_1e_m5,roc_auc,0.560332344022195,pass,persisted_step10_metric,0.5831912381443964,-0.022858894122201434,-0.022858894122201434,0.5352625975869411,0.025069746435253948,0.025069746435253948,0.560332344022195,0.0,0.0,candidate_vs_raw,-0.0228588941222014,-0.05309985685244361,0.006127687224480129,1000,0,interval_includes_zero
mugla_2021_to_bejis_2022,thermal,1e-05,lambda_1e_m5,roc_auc,0.560332344022195,pass,persisted_step10_metric,0.5831912381443964,-0.022858894122201434,-0.022858894122201434,0.5352625975869411,0.025069746435253948,0.025069746435253948,0.560332344022195,0.0,0.0,candidate_vs_zscore,0.0250697464352539,0.015993006844093185,0.035283273981197426,1000,0,bootstrap_supported_positive
mugla_2021_to_bejis_2022,thermal,1e-05,lambda_1e_m5,roc_auc,0.560332344022195,pass,persisted_step10_metric,0.5831912381443964,-0.022858894122201434,-0.022858894122201434,0.5352625975869411,0.025069746435253948,0.025069746435253948,0.560332344022195,0.0,0.0,candidate_vs_canonical,0.0,0.0,0.0,1000,0,interval_includes_zero
mugla_2021_to_bejis_2022,thermal,1e-05,lambda_1e_m5,pr_auc,0.0779051864706781,pass,persisted_step10_metric,0.0882719168819328,-0.010366730411254702,-0.010366730411254702,0.0721847069129346,0.005720479557743491,0.005720479557743491,0.0779051864706781,0.0,0.0,candidate_vs_raw,-0.0103667304112547,-0.021052698600842093,-0.0017348883996390467,1000,0,bootstrap_supported_negative
mugla_2021_to_bejis_2022,thermal,1e-05,lambda_1e_m5,pr_auc,0.0779051864706781,pass,persisted_step10_metric,0.0882719168819328,-0.010366730411254702,-0.010366730411254702,0.0721847069129346,0.005720479557743491,0.005720479557743491,0.0779051864706781,0.0,0.0,candidate_vs_zscore,0.0057204795577434,0.0037342562637640636,0.008215378272746071,1000,0,bootstrap_supported_positive
mugla_2021_to_bejis_2022,thermal,1e-05,lambda_1e_m5,pr_auc,0.0779051864706781,pass,persisted_step10_metric,0.0882719168819328,-0.010366730411254702,-0.010366730411254702,0.0721847069129346,0.005720479557743491,0.005720479557743491,0.0779051864706781,0.0,0.0,candidate_vs_canonical,0.0,0.0,0.0,1000,0,interval_includes_zero
mugla_2021_to_bejis_2022,thermal,1e-05,lambda_1e_m5,brier_score,0.10988088754051736,pass,recomputed_from_persisted_probabilities,0.11079303395449873,-0.0009121464139813656,0.0009121464139813656,0.10994130599913708,-6.0418458619718174e-05,6.0418458619718174e-05,0.10988088754051736,0.0,0.0,candidate_vs_raw,0.0009121464139813,-0.003172150780459236,0.0045886745786744764,1000,0,interval_includes_zero
mugla_2021_to_bejis_2022,thermal,1e-05,lambda_1e_m5,brier_score,0.10988088754051736,pass,recomputed_from_persisted_probabilities,0.11079303395449873,-0.0009121464139813656,0.0009121464139813656,0.10994130599913708,-6.0418458619718174e-05,6.0418458619718174e-05,0.10988088754051736,0.0,0.0,candidate_vs_zscore,6.0418458619718174e-05,-0.0014104986263246324,0.001636639177049367,1000,0,interval_includes_zero
mugla_2021_to_bejis_2022,thermal,1e-05,lambda_1e_m5,brier_score,0.10988088754051736,pass,recomputed_from_persisted_probabilities,0.11079303395449873,-0.0009121464139813656,0.0009121464139813656,0.10994130599913708,-6.0418458619718174e-05,6.0418458619718174e-05,0.10988088754051736,0.0,0.0,candidate_vs_canonical,0.0,-1.3877787807814457e-17,1.3877787807814457e-17,1000,0,interval_includes_zero
mugla_2021_to_bejis_2022,thermal,0.0001,lambda_1e_m4,roc_auc,0.5638382476288792,pass,persisted_step10_metric,0.5831912381443964,-0.0193529905155172,-0.0193529905155172,0.5352625975869411,0.028575650041938183,0.028575650041938183,0.560332344022195,0.0035059036066842353,0.0035059036066842353,candidate_vs_raw,-0.0193529905155172,-0.050635950604682886,0.01017244625813357,1000,0,interval_includes_zero
mugla_2021_to_bejis_2022,thermal,0.0001,lambda_1e_m4,roc_auc,0.5638382476288792,pass,persisted_step10_metric,0.5831912381443964,-0.0193529905155172,-0.0193529905155172,0.5352625975869411,0.028575650041938183,0.028575650041938183,0.560332344022195,0.0035059036066842353,0.0035059036066842353,candidate_vs_zscore,0.0285756500419381,0.01907905478641294,0.03849151996697208,1000,0,bootstrap_supported_positive
mugla_2021_to_bejis_2022,thermal,0.0001,lambda_1e_m4,roc_auc,0.5638382476288792,pass,persisted_step10_metric,0.5831912381443964,-0.0193529905155172,-0.0193529905155172,0.5352625975869411,0.028575650041938183,0.028575650041938183,0.560332344022195,0.0035059036066842353,0.0035059036066842353,candidate_vs_canonical,0.0035059036066842,-0.0004232898586875477,0.00738768091397611,1000,0,interval_includes_zero
mugla_2021_to_bejis_2022,thermal,0.0001,lambda_1e_m4,pr_auc,0.07920250796646656,pass,persisted_step10_metric,0.0882719168819328,-0.009069408915466232,-0.009069408915466232,0.0721847069129346,0.007017801053531961,0.007017801053531961,0.0779051864706781,0.00129732149578847,0.00129732149578847,candidate_vs_raw,-0.0090694089154662,-0.02014319053203053,-0.00020323347877689433,1000,0,bootstrap_supported_negative
mugla_2021_to_bejis_2022,thermal,0.0001,lambda_1e_m4,pr_auc,0.07920250796646656,pass,persisted_step10_metric,0.0882719168819328,-0.009069408915466232,-0.009069408915466232,0.0721847069129346,0.007017801053531961,0.007017801053531961,0.0779051864706781,0.00129732149578847,0.00129732149578847,candidate_vs_zscore,0.0070178010535319,0.004808242309042991,0.009673749181906366,1000,0,bootstrap_supported_positive
mugla_2021_to_bejis_2022,thermal,0.0001,lambda_1e_m4,pr_auc,0.07920250796646656,pass,persisted_step10_metric,0.0882719168819328,-0.009069408915466232,-0.009069408915466232,0.0721847069129346,0.007017801053531961,0.007017801053531961,0.0779051864706781,0.00129732149578847,0.00129732149578847,candidate_vs_canonical,0.0012973214957884,0.0005656585723192355,0.002108951242952332,1000,0,bootstrap_supported_positive
mugla_2021_to_bejis_2022,thermal,0.0001,lambda_1e_m4,brier_score,0.10935003832529734,pass,recomputed_from_persisted_probabilities,0.11079303395449873,-0.001442995629201388,0.001442995629201388,0.10994130599913708,-0.0005912676738397404,0.0005912676738397404,0.10988088754051736,-0.0005308492152200223,0.0005308492152200223,candidate_vs_raw,0.0014429956292013,-0.002664924109091877,0.005006125776213175,1000,0,interval_includes_zero
mugla_2021_to_bejis_2022,thermal,0.0001,lambda_1e_m4,brier_score,0.10935003832529734,pass,recomputed_from_persisted_probabilities,0.11079303395449873,-0.001442995629201388,0.001442995629201388,0.10994130599913708,-0.0005912676738397404,0.0005912676738397404,0.10988088754051736,-0.0005308492152200223,0.0005308492152200223,candidate_vs_zscore,0.0005912676738397,-0.0009231540834997373,0.0022036496636749577,1000,0,interval_includes_zero
mugla_2021_to_bejis_2022,thermal,0.0001,lambda_1e_m4,brier_score,0.10935003832529734,pass,recomputed_from_persisted_probabilities,0.11079303395449873,-0.001442995629201388,0.001442995629201388,0.10994130599913708,-0.0005912676738397404,0.0005912676738397404,0.10988088754051736,-0.0005308492152200223,0.0005308492152200223,candidate_vs_canonical,0.00053084921522,0.00018860305475577286,0.0008417570988471855,1000,0,bootstrap_supported_positive
mugla_2021_to_bejis_2022,thermal,0.001,lambda_1e_m3,roc_auc,0.5648234724820955,pass,persisted_step10_metric,0.5831912381443964,-0.018367765662300917,-0.018367765662300917,0.5352625975869411,0.029560874895154465,0.029560874895154465,0.560332344022195,0.0044911284599005175,0.0044911284599005175,candidate_vs_raw,-0.0183677656623009,-0.049022956229896636,0.01065919911700169,1000,0,interval_includes_zero
mugla_2021_to_bejis_2022,thermal,0.001,lambda_1e_m3,roc_auc,0.5648234724820955,pass,persisted_step10_metric,0.5831912381443964,-0.018367765662300917,-0.018367765662300917,0.5352625975869411,0.029560874895154465,0.029560874895154465,0.560332344022195,0.0044911284599005175,0.0044911284599005175,candidate_vs_zscore,0.0295608748951544,0.020924282863597893,0.039478400177432836,1000,0,bootstrap_supported_positive
mugla_2021_to_bejis_2022,thermal,0.001,lambda_1e_m3,roc_auc,0.5648234724820955,pass,persisted_step10_metric,0.5831912381443964,-0.018367765662300917,-0.018367765662300917,0.5352625975869411,0.029560874895154465,0.029560874895154465,0.560332344022195,0.0044911284599005175,0.0044911284599005175,candidate_vs_canonical,0.0044911284599005,0.0006978525131412367,0.008772639031417164,1000,0,bootstrap_supported_positive
mugla_2021_to_bejis_2022,thermal,0.001,lambda_1e_m3,pr_auc,0.07919244244251125,pass,persisted_step10_metric,0.0882719168819328,-0.009079474439421545,-0.009079474439421545,0.0721847069129346,0.0070077355295766475,0.0070077355295766475,0.0779051864706781,0.0012872559718331567,0.0012872559718331567,candidate_vs_raw,-0.0090794744394215,-0.019909062073243736,-0.00028270648879622965,1000,0,bootstrap_supported_negative
mugla_2021_to_bejis_2022,thermal,0.001,lambda_1e_m3,pr_auc,0.07919244244251125,pass,persisted_step10_metric,0.0882719168819328,-0.009079474439421545,-0.009079474439421545,0.0721847069129346,0.0070077355295766475,0.0070077355295766475,0.0779051864706781,0.0012872559718331567,0.0012872559718331567,candidate_vs_zscore,0.0070077355295766,0.004983798648510352,0.009507617077840154,1000,0,bootstrap_supported_positive
mugla_2021_to_bejis_2022,thermal,0.001,lambda_1e_m3,pr_auc,0.07919244244251125,pass,persisted_step10_metric,0.0882719168819328,-0.009079474439421545,-0.009079474439421545,0.0721847069129346,0.0070077355295766475,0.0070077355295766475,0.0779051864706781,0.0012872559718331567,0.0012872559718331567,candidate_vs_canonical,0.0012872559718331,0.0005485963073498891,0.0021174021091916843,1000,0,bootstrap_supported_positive
mugla_2021_to_bejis_2022,thermal,0.001,lambda_1e_m3,brier_score,0.11002523620303724,pass,recomputed_from_persisted_probabilities,0.11079303395449873,-0.0007677977514614909,0.0007677977514614909,0.10994130599913708,8.39302039001566e-05,-8.39302039001566e-05,0.10988088754051736,0.00014434866251987477,-0.00014434866251987477,candidate_vs_raw,0.0007677977514614,-0.00340256985516272,0.004497326120444541,1000,0,interval_includes_zero
mugla_2021_to_bejis_2022,thermal,0.001,lambda_1e_m3,brier_score,0.11002523620303724,pass,recomputed_from_persisted_probabilities,0.11079303395449873,-0.0007677977514614909,0.0007677977514614909,0.10994130599913708,8.39302039001566e-05,-8.39302039001566e-05,0.10988088754051736,0.00014434866251987477,-0.00014434866251987477,candidate_vs_zscore,-8.39302039001566e-05,-0.001541938667879802,0.0015133450143415752,1000,0,interval_includes_zero
mugla_2021_to_bejis_2022,thermal,0.001,lambda_1e_m3,brier_score,0.11002523620303724,pass,recomputed_from_persisted_probabilities,0.11079303395449873,-0.0007677977514614909,0.0007677977514614909,0.10994130599913708,8.39302039001566e-05,-8.39302039001566e-05,0.10988088754051736,0.00014434866251987477,-0.00014434866251987477,candidate_vs_canonical,-0.0001443486625198,-0.00046024113562334357,0.00018277106397899048,1000,0,interval_includes_zero
mugla_2021_to_bejis_2022,thermal,0.01,lambda_1e_m2,roc_auc,0.5650616491386541,pass,persisted_step10_metric,0.5831912381443964,-0.018129589005742353,-0.018129589005742353,0.5352625975869411,0.02979905155171303,0.02979905155171303,0.560332344022195,0.004729305116459082,0.004729305116459082,candidate_vs_raw,-0.0181295890057423,-0.04867445746211376,0.01122846650419804,1000,0,interval_includes_zero
mugla_2021_to_bejis_2022,thermal,0.01,lambda_1e_m2,roc_auc,0.5650616491386541,pass,persisted_step10_metric,0.5831912381443964,-0.018129589005742353,-0.018129589005742353,0.5352625975869411,0.02979905155171303,0.02979905155171303,0.560332344022195,0.004729305116459082,0.004729305116459082,candidate_vs_zscore,0.029799051551713,0.020456128658788465,0.04022123857461677,1000,0,bootstrap_supported_positive
mugla_2021_to_bejis_2022,thermal,0.01,lambda_1e_m2,roc_auc,0.5650616491386541,pass,persisted_step10_metric,0.5831912381443964,-0.018129589005742353,-0.018129589005742353,0.5352625975869411,0.02979905155171303,0.02979905155171303,0.560332344022195,0.004729305116459082,0.004729305116459082,candidate_vs_canonical,0.004729305116459,0.00017283990042423774,0.009478519420136668,1000,0,bootstrap_supported_positive
mugla_2021_to_bejis_2022,thermal,0.01,lambda_1e_m2,pr_auc,0.07945613014267114,pass,persisted_step10_metric,0.0882719168819328,-0.008815786739261658,-0.008815786739261658,0.0721847069129346,0.007271423229736534,0.007271423229736534,0.0779051864706781,0.0015509436719930436,0.0015509436719930436,candidate_vs_raw,-0.0088157867392616,-0.019701791711760498,0.00019150515864145603,1000,0,interval_includes_zero
mugla_2021_to_bejis_2022,thermal,0.01,lambda_1e_m2,pr_auc,0.07945613014267114,pass,persisted_step10_metric,0.0882719168819328,-0.008815786739261658,-0.008815786739261658,0.0721847069129346,0.007271423229736534,0.007271423229736534,0.0779051864706781,0.0015509436719930436,0.0015509436719930436,candidate_vs_zscore,0.0072714232297365,0.005122461354779363,0.009821691476478347,1000,0,bootstrap_supported_positive
mugla_2021_to_bejis_2022,thermal,0.01,lambda_1e_m2,pr_auc,0.07945613014267114,pass,persisted_step10_metric,0.0882719168819328,-0.008815786739261658,-0.008815786739261658,0.0721847069129346,0.007271423229736534,0.007271423229736534,0.0779051864706781,0.0015509436719930436,0.0015509436719930436,candidate_vs_canonical,0.001550943671993,0.000694325950941398,0.0024939915173524565,1000,0,bootstrap_supported_positive
mugla_2021_to_bejis_2022,thermal,0.01,lambda_1e_m2,brier_score,0.11030593841143532,pass,recomputed_from_persisted_probabilities,0.11079303395449873,-0.00048709554306340663,0.00048709554306340663,0.10994130599913708,0.00036463241229824084,-0.00036463241229824084,0.10988088754051736,0.000425050870917959,-0.000425050870917959,candidate_vs_raw,0.0004870955430634,-0.003615137143374669,0.0041747535444235555,1000,0,interval_includes_zero
mugla_2021_to_bejis_2022,thermal,0.01,lambda_1e_m2,brier_score,0.11030593841143532,pass,recomputed_from_persisted_probabilities,0.11079303395449873,-0.00048709554306340663,0.00048709554306340663,0.10994130599913708,0.00036463241229824084,-0.00036463241229824084,0.10988088754051736,0.000425050870917959,-0.000425050870917959,candidate_vs_zscore,-0.0003646324122982,-0.0018706044074586568,0.001213116450081927,1000,0,interval_includes_zero
mugla_2021_to_bejis_2022,thermal,0.01,lambda_1e_m2,brier_score,0.11030593841143532,pass,recomputed_from_persisted_probabilities,0.11079303395449873,-0.00048709554306340663,0.00048709554306340663,0.10994130599913708,0.00036463241229824084,-0.00036463241229824084,0.10988088754051736,0.000425050870917959,-0.000425050870917959,candidate_vs_canonical,-0.0004250508709179,-0.0008518195765624674,-8.58343246212263e-06,1000,0,bootstrap_supported_negative
mugla_2021_to_bejis_2022,thermal,0.1,lambda_1e_m1,roc_auc,0.5642204335763598,pass,persisted_step10_metric,0.5831912381443964,-0.01897080456803668,-0.01897080456803668,0.5352625975869411,0.0289578359894187,0.0289578359894187,0.560332344022195,0.003888089554164753,0.003888089554164753,candidate_vs_raw,-0.0189708045680366,-0.049592340915882646,0.009978804797480433,1000,0,interval_includes_zero
mugla_2021_to_bejis_2022,thermal,0.1,lambda_1e_m1,roc_auc,0.5642204335763598,pass,persisted_step10_metric,0.5831912381443964,-0.01897080456803668,-0.01897080456803668,0.5352625975869411,0.0289578359894187,0.0289578359894187,0.560332344022195,0.003888089554164753,0.003888089554164753,candidate_vs_zscore,0.0289578359894187,0.019530913979700765,0.03872882148817966,1000,0,bootstrap_supported_positive
mugla_2021_to_bejis_2022,thermal,0.1,lambda_1e_m1,roc_auc,0.5642204335763598,pass,persisted_step10_metric,0.5831912381443964,-0.01897080456803668,-0.01897080456803668,0.5352625975869411,0.0289578359894187,0.0289578359894187,0.560332344022195,0.003888089554164753,0.003888089554164753,candidate_vs_canonical,0.0038880895541647,-0.0016757197118861089,0.009198622384483726,1000,0,interval_includes_zero
mugla_2021_to_bejis_2022,thermal,0.1,lambda_1e_m1,pr_auc,0.07929946194564436,pass,persisted_step10_metric,0.0882719168819328,-0.00897245493628844,-0.00897245493628844,0.0721847069129346,0.007114755032709752,0.007114755032709752,0.0779051864706781,0.0013942754749662611,0.0013942754749662611,candidate_vs_raw,-0.0089724549362884,-0.019792237212610173,-7.507467706735408e-05,1000,0,bootstrap_supported_negative
mugla_2021_to_bejis_2022,thermal,0.1,lambda_1e_m1,pr_auc,0.07929946194564436,pass,persisted_step10_metric,0.0882719168819328,-0.00897245493628844,-0.00897245493628844,0.0721847069129346,0.007114755032709752,0.007114755032709752,0.0779051864706781,0.0013942754749662611,0.0013942754749662611,candidate_vs_zscore,0.0071147550327097,0.00494152833840406,0.009580944601014121,1000,0,bootstrap_supported_positive
mugla_2021_to_bejis_2022,thermal,0.1,lambda_1e_m1,pr_auc,0.07929946194564436,pass,persisted_step10_metric,0.0882719168819328,-0.00897245493628844,-0.00897245493628844,0.0721847069129346,0.007114755032709752,0.007114755032709752,0.0779051864706781,0.0013942754749662611,0.0013942754749662611,candidate_vs_canonical,0.0013942754749662,0.00019624510343137157,0.002732042883261038,1000,0,bootstrap_supported_positive
mugla_2021_to_bejis_2022,thermal,0.1,lambda_1e_m1,brier_score,0.11113931425698803,pass,recomputed_from_persisted_probabilities,0.11079303395449873,0.00034628030248930186,-0.00034628030248930186,0.10994130599913708,0.0011980082578509493,-0.0011980082578509493,0.10988088754051736,0.0012584267164706675,-0.0012584267164706675,candidate_vs_raw,-0.0003462803024893,-0.004406345703127694,0.003384261461357171,1000,0,interval_includes_zero
mugla_2021_to_bejis_2022,thermal,0.1,lambda_1e_m1,brier_score,0.11113931425698803,pass,recomputed_from_persisted_probabilities,0.11079303395449873,0.00034628030248930186,-0.00034628030248930186,0.10994130599913708,0.0011980082578509493,-0.0011980082578509493,0.10988088754051736,0.0012584267164706675,-0.0012584267164706675,candidate_vs_zscore,-0.0011980082578509,-0.002626673710394527,0.00026773357882255324,1000,0,interval_includes_zero
mugla_2021_to_bejis_2022,thermal,0.1,lambda_1e_m1,brier_score,0.11113931425698803,pass,recomputed_from_persisted_probabilities,0.11079303395449873,0.00034628030248930186,-0.00034628030248930186,0.10994130599913708,0.0011980082578509493,-0.0011980082578509493,0.10988088754051736,0.0012584267164706675,-0.0012584267164706675,candidate_vs_canonical,-0.0012584267164706,-0.0018953927164109242,-0.0006111060890735847,1000,0,bootstrap_supported_negative
manavgat_2021_to_mugla_2021,baseline,0.0,lambda_0,roc_auc,0.4861072017691281,pass,persisted_step10_metric,0.5079294316533509,-0.021822229884222832,-0.021822229884222832,0.4714366569919505,0.014670544777177608,0.014670544777177608,0.4856767761741509,0.0004304255949771907,0.0004304255949771907,candidate_vs_raw,-0.0218222298842228,-0.038550738947963,-0.005889635613419116,1000,0,bootstrap_supported_negative
manavgat_2021_to_mugla_2021,baseline,0.0,lambda_0,roc_auc,0.4861072017691281,pass,persisted_step10_metric,0.5079294316533509,-0.021822229884222832,-0.021822229884222832,0.4714366569919505,0.014670544777177608,0.014670544777177608,0.4856767761741509,0.0004304255949771907,0.0004304255949771907,candidate_vs_zscore,0.0146705447771776,0.008044144393325892,0.021810231691172875,1000,0,bootstrap_supported_positive
manavgat_2021_to_mugla_2021,baseline,0.0,lambda_0,roc_auc,0.4861072017691281,pass,persisted_step10_metric,0.5079294316533509,-0.021822229884222832,-0.021822229884222832,0.4714366569919505,0.014670544777177608,0.014670544777177608,0.4856767761741509,0.0004304255949771907,0.0004304255949771907,candidate_vs_canonical,0.0004304255949771,0.0002025789587975585,0.0006474348256722536,1000,0,bootstrap_supported_positive
manavgat_2021_to_mugla_2021,baseline,0.0,lambda_0,pr_auc,0.06854717424362039,pass,persisted_step10_metric,0.0749055111757259,-0.00635833693210551,-0.00635833693210551,0.0651590389474668,0.003388135296153588,0.003388135296153588,0.068475238985024,7.19352585963895e-05,7.19352585963895e-05,candidate_vs_raw,-0.0063583369321055,-0.01113263015936656,-0.0023018521771548607,1000,0,bootstrap_supported_negative
manavgat_2021_to_mugla_2021,baseline,0.0,lambda_0,pr_auc,0.06854717424362039,pass,persisted_step10_metric,0.0749055111757259,-0.00635833693210551,-0.00635833693210551,0.0651590389474668,0.003388135296153588,0.003388135296153588,0.068475238985024,7.19352585963895e-05,7.19352585963895e-05,candidate_vs_zscore,0.0033881352961535,0.0013829501678211036,0.00591252553207809,1000,0,bootstrap_supported_positive
manavgat_2021_to_mugla_2021,baseline,0.0,lambda_0,pr_auc,0.06854717424362039,pass,persisted_step10_metric,0.0749055111757259,-0.00635833693210551,-0.00635833693210551,0.0651590389474668,0.003388135296153588,0.003388135296153588,0.068475238985024,7.19352585963895e-05,7.19352585963895e-05,candidate_vs_canonical,7.19352585963895e-05,7.03116916324111e-06,0.00012696338861920077,1000,0,bootstrap_supported_positive
manavgat_2021_to_mugla_2021,baseline,0.0,lambda_0,brier_score,0.12351347744373142,pass,recomputed_from_persisted_probabilities,0.11569939725253452,0.007814080191196907,-0.007814080191196907,0.12278221511078584,0.0007312623329455842,-0.0007312623329455842,0.1234802004167747,3.327702695672674e-05,-3.327702695672674e-05,candidate_vs_raw,-0.0078140801911969,-0.010198675537130162,-0.005359370206055677,1000,0,bootstrap_supported_negative
manavgat_2021_to_mugla_2021,baseline,0.0,lambda_0,brier_score,0.12351347744373142,pass,recomputed_from_persisted_probabilities,0.11569939725253452,0.007814080191196907,-0.007814080191196907,0.12278221511078584,0.0007312623329455842,-0.0007312623329455842,0.1234802004167747,3.327702695672674e-05,-3.327702695672674e-05,candidate_vs_zscore,-0.0007312623329455,-0.001967621099189005,0.00044716245410238273,1000,0,interval_includes_zero
manavgat_2021_to_mugla_2021,baseline,0.0,lambda_0,brier_score,0.12351347744373142,pass,recomputed_from_persisted_probabilities,0.11569939725253452,0.007814080191196907,-0.007814080191196907,0.12278221511078584,0.0007312623329455842,-0.0007312623329455842,0.1234802004167747,3.327702695672674e-05,-3.327702695672674e-05,candidate_vs_canonical,-3.327702695672674e-05,-5.83171183448826e-05,-1.0199508901484468e-05,1000,0,bootstrap_supported_negative
manavgat_2021_to_mugla_2021,baseline,1e-08,lambda_1e_m8,roc_auc,0.48610721061852036,pass,persisted_step10_metric,0.5079294316533509,-0.021822221034830558,-0.021822221034830558,0.4714366569919505,0.014670553626569882,0.014670553626569882,0.4856767761741509,0.0004304344443694652,0.0004304344443694652,candidate_vs_raw,-0.0218222210348305,-0.03855071165071663,-0.0058896314061749125,1000,0,bootstrap_supported_negative
manavgat_2021_to_mugla_2021,baseline,1e-08,lambda_1e_m8,roc_auc,0.48610721061852036,pass,persisted_step10_metric,0.5079294316533509,-0.021822221034830558,-0.021822221034830558,0.4714366569919505,0.014670553626569882,0.014670553626569882,0.4856767761741509,0.0004304344443694652,0.0004304344443694652,candidate_vs_zscore,0.0146705536265698,0.00804415361500159,0.02181024077272581,1000,0,bootstrap_supported_positive
manavgat_2021_to_mugla_2021,baseline,1e-08,lambda_1e_m8,roc_auc,0.48610721061852036,pass,persisted_step10_metric,0.5079294316533509,-0.021822221034830558,-0.021822221034830558,0.4714366569919505,0.014670553626569882,0.014670553626569882,0.4856767761741509,0.0004304344443694652,0.0004304344443694652,candidate_vs_canonical,0.0004304344443694,0.00020258781301065454,0.0006474595656550855,1000,0,bootstrap_supported_positive
manavgat_2021_to_mugla_2021,baseline,1e-08,lambda_1e_m8,pr_auc,0.06854717494333834,pass,persisted_step10_metric,0.0749055111757259,-0.00635833623238756,-0.00635833623238756,0.0651590389474668,0.0033881359958715385,0.0033881359958715385,0.068475238985024,7.193595831433974e-05,7.193595831433974e-05,candidate_vs_raw,-0.0063583362323875,-0.011132630159366545,-0.0023018532860354522,1000,0,bootstrap_supported_negative
manavgat_2021_to_mugla_2021,baseline,1e-08,lambda_1e_m8,pr_auc,0.06854717494333834,pass,persisted_step10_metric,0.0749055111757259,-0.00635833623238756,-0.00635833623238756,0.0651590389474668,0.0033881359958715385,0.0033881359958715385,0.068475238985024,7.193595831433974e-05,7.193595831433974e-05,candidate_vs_zscore,0.0033881359958715,0.0013829533148273716,0.00591252553207809,1000,0,bootstrap_supported_positive
manavgat_2021_to_mugla_2021,baseline,1e-08,lambda_1e_m8,pr_auc,0.06854717494333834,pass,persisted_step10_metric,0.0749055111757259,-0.00635833623238756,-0.00635833623238756,0.0651590389474668,0.0033881359958715385,0.0033881359958715385,0.068475238985024,7.193595831433974e-05,7.193595831433974e-05,candidate_vs_canonical,7.193595831433974e-05,7.033039974467878e-06,0.00012696281203489025,1000,0,bootstrap_supported_positive
manavgat_2021_to_mugla_2021,baseline,1e-08,lambda_1e_m8,brier_score,0.12351347744373142,pass,recomputed_from_persisted_probabilities,0.11569939725253452,0.007814080191196907,-0.007814080191196907,0.12278221511078584,0.0007312623329455842,-0.0007312623329455842,0.1234802004167747,3.327702695672674e-05,-3.327702695672674e-05,candidate_vs_raw,-0.0078140801911969,-0.010198675537130162,-0.005359370206055677,1000,0,bootstrap_supported_negative
manavgat_2021_to_mugla_2021,baseline,1e-08,lambda_1e_m8,brier_score,0.12351347744373142,pass,recomputed_from_persisted_probabilities,0.11569939725253452,0.007814080191196907,-0.007814080191196907,0.12278221511078584,0.0007312623329455842,-0.0007312623329455842,0.1234802004167747,3.327702695672674e-05,-3.327702695672674e-05,candidate_vs_zscore,-0.0007312623329455,-0.001967621099189005,0.00044716245410238273,1000,0,interval_includes_zero
manavgat_2021_to_mugla_2021,baseline,1e-08,lambda_1e_m8,brier_score,0.12351347744373142,pass,recomputed_from_persisted_probabilities,0.11569939725253452,0.007814080191196907,-0.007814080191196907,0.12278221511078584,0.0007312623329455842,-0.0007312623329455842,0.1234802004167747,3.327702695672674e-05,-3.327702695672674e-05,candidate_vs_canonical,-3.327702695672674e-05,-5.83171183448826e-05,-1.0199508901484468e-05,1000,0,bootstrap_supported_negative
manavgat_2021_to_mugla_2021,baseline,1e-07,lambda_1e_m7,roc_auc,0.486107175220951,pass,persisted_step10_metric,0.5079294316533509,-0.021822256432399934,-0.021822256432399934,0.4714366569919505,0.014670518229000507,0.014670518229000507,0.4856767761741509,0.00043039904680008956,0.00043039904680008956,candidate_vs_raw,-0.0218222564323999,-0.038550804542471194,-0.005889678802662633,1000,0,bootstrap_supported_negative
manavgat_2021_to_mugla_2021,baseline,1e-07,lambda_1e_m7,roc_auc,0.486107175220951,pass,persisted_step10_metric,0.5079294316533509,-0.021822256432399934,-0.021822256432399934,0.4714366569919505,0.014670518229000507,0.014670518229000507,0.4856767761741509,0.00043039904680008956,0.00043039904680008956,candidate_vs_zscore,0.0146705182290005,0.008044140121720576,0.021810140921972504,1000,0,bootstrap_supported_positive
manavgat_2021_to_mugla_2021,baseline,1e-07,lambda_1e_m7,roc_auc,0.486107175220951,pass,persisted_step10_metric,0.5079294316533509,-0.021822256432399934,-0.021822256432399934,0.4714366569919505,0.014670518229000507,0.014670518229000507,0.4856767761741509,0.00043039904680008956,0.00043039904680008956,candidate_vs_canonical,0.0004303990468,0.00020257033686855164,0.0006474485756766235,1000,0,bootstrap_supported_positive
manavgat_2021_to_mugla_2021,baseline,1e-07,lambda_1e_m7,pr_auc,0.0685471723642458,pass,persisted_step10_metric,0.0749055111757259,-0.0063583388114800965,-0.0063583388114800965,0.0651590389474668,0.0033881334167790017,0.0033881334167790017,0.068475238985024,7.193337922180298e-05,7.193337922180298e-05,candidate_vs_raw,-0.00635833881148,-0.011132632643774567,-0.002301854004670844,1000,0,bootstrap_supported_negative
manavgat_2021_to_mugla_2021,baseline,1e-07,lambda_1e_m7,pr_auc,0.0685471723642458,pass,persisted_step10_metric,0.0749055111757259,-0.0063583388114800965,-0.0063583388114800965,0.0651590389474668,0.0033881334167790017,0.0033881334167790017,0.068475238985024,7.193337922180298e-05,7.193337922180298e-05,candidate_vs_zscore,0.003388133416779,0.0013829501387652853,0.00591252548331113,1000,0,bootstrap_supported_positive
manavgat_2021_to_mugla_2021,baseline,1e-07,lambda_1e_m7,pr_auc,0.0685471723642458,pass,persisted_step10_metric,0.0749055111757259,-0.0063583388114800965,-0.0063583388114800965,0.0651590389474668,0.0033881334167790017,0.0033881334167790017,0.068475238985024,7.193337922180298e-05,7.193337922180298e-05,candidate_vs_canonical,7.193337922180298e-05,7.031089475313673e-06,0.0001269627957232653,1000,0,bootstrap_supported_positive
manavgat_2021_to_mugla_2021,baseline,1e-07,lambda_1e_m7,brier_score,0.12351347744373142,pass,recomputed_from_persisted_probabilities,0.11569939725253452,0.007814080191196907,-0.007814080191196907,0.12278221511078584,0.0007312623329455842,-0.0007312623329455842,0.1234802004167747,3.327702695672674e-05,-3.327702695672674e-05,candidate_vs_raw,-0.0078140801911969,-0.010198675537130162,-0.005359370206055677,1000,0,bootstrap_supported_negative
manavgat_2021_to_mugla_2021,baseline,1e-07,lambda_1e_m7,brier_score,0.12351347744373142,pass,recomputed_from_persisted_probabilities,0.11569939725253452,0.007814080191196907,-0.007814080191196907,0.12278221511078584,0.0007312623329455842,-0.0007312623329455842,0.1234802004167747,3.327702695672674e-05,-3.327702695672674e-05,candidate_vs_zscore,-0.0007312623329455,-0.001967621099189005,0.00044716245410238273,1000,0,interval_includes_zero
manavgat_2021_to_mugla_2021,baseline,1e-07,lambda_1e_m7,brier_score,0.12351347744373142,pass,recomputed_from_persisted_probabilities,0.11569939725253452,0.007814080191196907,-0.007814080191196907,0.12278221511078584,0.0007312623329455842,-0.0007312623329455842,0.1234802004167747,3.327702695672674e-05,-3.327702695672674e-05,candidate_vs_canonical,-3.327702695672674e-05,-5.83171183448826e-05,-1.0199508901484468e-05,1000,0,bootstrap_supported_negative
manavgat_2021_to_mugla_2021,baseline,1e-06,lambda_1e_m6,roc_auc,0.48610806458488315,pass,persisted_step10_metric,0.5079294316533509,-0.021821367068467767,-0.021821367068467767,0.4714366569919505,0.014671407592932673,0.014671407592932673,0.4856767761741509,0.00043128841073225566,0.00043128841073225566,candidate_vs_raw,-0.0218213670684677,-0.038550928749394385,-0.005889835587497901,1000,0,bootstrap_supported_negative
manavgat_2021_to_mugla_2021,baseline,1e-06,lambda_1e_m6,roc_auc,0.48610806458488315,pass,persisted_step10_metric,0.5079294316533509,-0.021821367068467767,-0.021821367068467767,0.4714366569919505,0.014671407592932673,0.014671407592932673,0.4856767761741509,0.00043128841073225566,0.00043128841073225566,candidate_vs_zscore,0.0146714075929326,0.008044781995197271,0.021810499206622702,1000,0,bootstrap_supported_positive
manavgat_2021_to_mugla_2021,baseline,1e-06,lambda_1e_m6,roc_auc,0.48610806458488315,pass,persisted_step10_metric,0.5079294316533509,-0.021821367068467767,-0.021821367068467767,0.4714366569919505,0.014671407592932673,0.014671407592932673,0.4856767761741509,0.00043128841073225566,0.00043128841073225566,candidate_vs_canonical,0.0004312884107322,0.00020298421688172557,0.000648168152158332,1000,0,bootstrap_supported_positive
manavgat_2021_to_mugla_2021,baseline,1e-06,lambda_1e_m6,pr_auc,0.0685472585191783,pass,persisted_step10_metric,0.0749055111757259,-0.006358252656547603,-0.006358252656547603,0.0651590389474668,0.0033882195717114955,0.0033882195717114955,0.068475238985024,7.201953415429674e-05,7.201953415429674e-05,candidate_vs_raw,-0.0063582526565476,-0.011132436851338901,-0.0023015932750217742,1000,0,bootstrap_supported_negative
manavgat_2021_to_mugla_2021,baseline,1e-06,lambda_1e_m6,pr_auc,0.0685472585191783,pass,persisted_step10_metric,0.0749055111757259,-0.006358252656547603,-0.006358252656547603,0.0651590389474668,0.0033882195717114955,0.0033882195717114955,0.068475238985024,7.201953415429674e-05,7.201953415429674e-05,candidate_vs_zscore,0.0033882195717114,0.0013831417042718204,0.0059125574650619435,1000,0,bootstrap_supported_positive
manavgat_2021_to_mugla_2021,baseline,1e-06,lambda_1e_m6,pr_auc,0.0685472585191783,pass,persisted_step10_metric,0.0749055111757259,-0.006358252656547603,-0.006358252656547603,0.0651590389474668,0.0033882195717114955,0.0033882195717114955,0.068475238985024,7.201953415429674e-05,7.201953415429674e-05,candidate_vs_canonical,7.201953415429674e-05,7.014629742194833e-06,0.00012714753720285927,1000,0,bootstrap_supported_positive
manavgat_2021_to_mugla_2021,baseline,1e-06,lambda_1e_m6,brier_score,0.12351332894493207,pass,recomputed_from_persisted_probabilities,0.11569939725253452,0.007813931692397552,-0.007813931692397552,0.12278221511078584,0.0007311138341462298,-0.0007311138341462298,0.1234802004167747,3.312852815737233e-05,-3.312852815737233e-05,candidate_vs_raw,-0.0078139316923975,-0.010198570357371576,-0.005358621511824828,1000,0,bootstrap_supported_negative
manavgat_2021_to_mugla_2021,baseline,1e-06,lambda_1e_m6,brier_score,0.12351332894493207,pass,recomputed_from_persisted_probabilities,0.11569939725253452,0.007813931692397552,-0.007813931692397552,0.12278221511078584,0.0007311138341462298,-0.0007311138341462298,0.1234802004167747,3.312852815737233e-05,-3.312852815737233e-05,candidate_vs_zscore,-0.0007311138341462,-0.0019668561632220248,0.0004478182958759361,1000,0,interval_includes_zero
manavgat_2021_to_mugla_2021,baseline,1e-06,lambda_1e_m6,brier_score,0.12351332894493207,pass,recomputed_from_persisted_probabilities,0.11569939725253452,0.007813931692397552,-0.007813931692397552,0.12278221511078584,0.0007311138341462298,-0.0007311138341462298,0.1234802004167747,3.312852815737233e-05,-3.312852815737233e-05,candidate_vs_canonical,-3.312852815737233e-05,-5.791495569668383e-05,-9.87744747694662e-06,1000,0,bootstrap_supported_negative
manavgat_2021_to_mugla_2021,baseline,1e-05,lambda_1e_m5,roc_auc,0.4856767761741509,pass,persisted_step10_metric,0.5079294316533509,-0.022252655479200023,-0.022252655479200023,0.4714366569919505,0.014240119182200417,0.014240119182200417,0.4856767761741509,0.0,0.0,candidate_vs_raw,-0.0222526554792,-0.03877099007069366,-0.006289383065773112,1000,0,bootstrap_supported_negative
manavgat_2021_to_mugla_2021,baseline,1e-05,lambda_1e_m5,roc_auc,0.4856767761741509,pass,persisted_step10_metric,0.5079294316533509,-0.022252655479200023,-0.022252655479200023,0.4714366569919505,0.014240119182200417,0.014240119182200417,0.4856767761741509,0.0,0.0,candidate_vs_zscore,0.0142401191822004,0.007554363834017993,0.021407315215059414,1000,0,bootstrap_supported_positive
manavgat_2021_to_mugla_2021,baseline,1e-05,lambda_1e_m5,roc_auc,0.4856767761741509,pass,persisted_step10_metric,0.5079294316533509,-0.022252655479200023,-0.022252655479200023,0.4714366569919505,0.014240119182200417,0.014240119182200417,0.4856767761741509,0.0,0.0,candidate_vs_canonical,0.0,-2.624400144007888e-08,2.5764513306159023e-08,1000,0,interval_includes_zero
manavgat_2021_to_mugla_2021,baseline,1e-05,lambda_1e_m5,pr_auc,0.06847523899721696,pass,persisted_step10_metric,0.0749055111757259,-0.0064302721785089445,-0.0064302721785089445,0.0651590389474668,0.0033162000497501537,0.0033162000497501537,0.068475238985024,1.2192954979006743e-11,1.2192954979006743e-11,candidate_vs_raw,-0.0064302721785089,-0.01122070479123406,-0.0023373785734826192,1000,0,bootstrap_supported_negative
manavgat_2021_to_mugla_2021,baseline,1e-05,lambda_1e_m5,pr_auc,0.06847523899721696,pass,persisted_step10_metric,0.0749055111757259,-0.0064302721785089445,-0.0064302721785089445,0.0651590389474668,0.0033162000497501537,0.0033162000497501537,0.068475238985024,1.2192954979006743e-11,1.2192954979006743e-11,candidate_vs_zscore,0.0033162000497501,0.0013270638609019535,0.00582647504847978,1000,0,bootstrap_supported_positive
manavgat_2021_to_mugla_2021,baseline,1e-05,lambda_1e_m5,pr_auc,0.06847523899721696,pass,persisted_step10_metric,0.0749055111757259,-0.0064302721785089445,-0.0064302721785089445,0.0651590389474668,0.0033162000497501537,0.0033162000497501537,0.068475238985024,1.2192954979006743e-11,1.2192954979006743e-11,candidate_vs_canonical,1.2192954979006744e-11,-3.4951380609160587e-09,3.5760499891152042e-09,1000,0,interval_includes_zero
manavgat_2021_to_mugla_2021,baseline,1e-05,lambda_1e_m5,brier_score,0.1234802004167747,pass,recomputed_from_persisted_probabilities,0.11569939725253452,0.00778080316424018,-0.00778080316424018,0.12278221511078584,0.0006979853059888574,-0.0006979853059888574,0.1234802004167747,0.0,0.0,candidate_vs_raw,-0.0077808031642401,-0.010170287262171751,-0.0053288246373108085,1000,0,bootstrap_supported_negative
manavgat_2021_to_mugla_2021,baseline,1e-05,lambda_1e_m5,brier_score,0.1234802004167747,pass,recomputed_from_persisted_probabilities,0.11569939725253452,0.00778080316424018,-0.00778080316424018,0.12278221511078584,0.0006979853059888574,-0.0006979853059888574,0.1234802004167747,0.0,0.0,candidate_vs_zscore,-0.0006979853059888,-0.0019349022815274796,0.0004830559916360754,1000,0,interval_includes_zero
manavgat_2021_to_mugla_2021,baseline,1e-05,lambda_1e_m5,brier_score,0.1234802004167747,pass,recomputed_from_persisted_probabilities,0.11569939725253452,0.00778080316424018,-0.00778080316424018,0.12278221511078584,0.0006979853059888574,-0.0006979853059888574,0.1234802004167747,0.0,0.0,candidate_vs_canonical,0.0,-2.7755575615628914e-17,2.7755575615628914e-17,1000,0,interval_includes_zero
manavgat_2021_to_mugla_2021,baseline,0.0001,lambda_1e_m4,roc_auc,0.4858727459679536,pass,persisted_step10_metric,0.5079294316533509,-0.022056685685397315,-0.022056685685397315,0.4714366569919505,0.014436088976003125,0.014436088976003125,0.4856767761741509,0.0001959697938027083,0.0001959697938027083,candidate_vs_raw,-0.0220566856853973,-0.03862065988667551,-0.005729498070181924,1000,0,bootstrap_supported_negative
manavgat_2021_to_mugla_2021,baseline,0.0001,lambda_1e_m4,roc_auc,0.4858727459679536,pass,persisted_step10_metric,0.5079294316533509,-0.022056685685397315,-0.022056685685397315,0.4714366569919505,0.014436088976003125,0.014436088976003125,0.4856767761741509,0.0001959697938027083,0.0001959697938027083,candidate_vs_zscore,0.0144360889760031,0.007877326211531345,0.021570255942933176,1000,0,bootstrap_supported_positive
manavgat_2021_to_mugla_2021,baseline,0.0001,lambda_1e_m4,roc_auc,0.4858727459679536,pass,persisted_step10_metric,0.5079294316533509,-0.022056685685397315,-0.022056685685397315,0.4714366569919505,0.014436088976003125,0.014436088976003125,0.4856767761741509,0.0001959697938027083,0.0001959697938027083,candidate_vs_canonical,0.0001959697938027,-0.0005721833560780682,0.0009782118309477324,1000,0,interval_includes_zero
manavgat_2021_to_mugla_2021,baseline,0.0001,lambda_1e_m4,pr_auc,0.06849718240252381,pass,persisted_step10_metric,0.0749055111757259,-0.0064083287732020905,-0.0064083287732020905,0.0651590389474668,0.0033381434550570077,0.0033381434550570077,0.068475238985024,2.1943417499808993e-05,2.1943417499808993e-05,candidate_vs_raw,-0.006408328773202,-0.01121458621867378,-0.002276945025190206,1000,0,bootstrap_supported_negative
manavgat_2021_to_mugla_2021,baseline,0.0001,lambda_1e_m4,pr_auc,0.06849718240252381,pass,persisted_step10_metric,0.0749055111757259,-0.0064083287732020905,-0.0064083287732020905,0.0651590389474668,0.0033381434550570077,0.0033381434550570077,0.068475238985024,2.1943417499808993e-05,2.1943417499808993e-05,candidate_vs_zscore,0.003338143455057,0.0013194425116061874,0.00584827256547224,1000,0,bootstrap_supported_positive
manavgat_2021_to_mugla_2021,baseline,0.0001,lambda_1e_m4,pr_auc,0.06849718240252381,pass,persisted_step10_metric,0.0749055111757259,-0.0064083287732020905,-0.0064083287732020905,0.0651590389474668,0.0033381434550570077,0.0033381434550570077,0.068475238985024,2.1943417499808993e-05,2.1943417499808993e-05,candidate_vs_canonical,2.1943417499808996e-05,-0.0002829890924189539,0.00023028565880881707,1000,0,interval_includes_zero
manavgat_2021_to_mugla_2021,baseline,0.0001,lambda_1e_m4,brier_score,0.12342366882692644,pass,recomputed_from_persisted_probabilities,0.11569939725253452,0.007724271574391928,-0.007724271574391928,0.12278221511078584,0.0006414537161406053,-0.0006414537161406053,0.1234802004167747,-5.653158984825213e-05,5.653158984825213e-05,candidate_vs_raw,-0.0077242715743919,-0.01010873971705463,-0.0052481773399110304,1000,0,bootstrap_supported_negative
manavgat_2021_to_mugla_2021,baseline,0.0001,lambda_1e_m4,brier_score,0.12342366882692644,pass,recomputed_from_persisted_probabilities,0.11569939725253452,0.007724271574391928,-0.007724271574391928,0.12278221511078584,0.0006414537161406053,-0.0006414537161406053,0.1234802004167747,-5.653158984825213e-05,5.653158984825213e-05,candidate_vs_zscore,-0.0006414537161406,-0.001907636035261832,0.0005181055955845194,1000,0,interval_includes_zero
manavgat_2021_to_mugla_2021,baseline,0.0001,lambda_1e_m4,brier_score,0.12342366882692644,pass,recomputed_from_persisted_probabilities,0.11569939725253452,0.007724271574391928,-0.007724271574391928,0.12278221511078584,0.0006414537161406053,-0.0006414537161406053,0.1234802004167747,-5.653158984825213e-05,5.653158984825213e-05,candidate_vs_canonical,5.653158984825213e-05,-1.6537451610759007e-05,0.0001256454244153403,1000,0,interval_includes_zero
manavgat_2021_to_mugla_2021,baseline,0.001,lambda_1e_m3,roc_auc,0.49034444127056065,pass,persisted_step10_metric,0.5079294316533509,-0.017584990382790266,-0.017584990382790266,0.4714366569919505,0.018907784278610174,0.018907784278610174,0.4856767761741509,0.004667665096409757,0.004667665096409757,candidate_vs_raw,-0.0175849903827902,-0.034073872317443486,-0.0020788683047802806,1000,0,bootstrap_supported_negative
manavgat_2021_to_mugla_2021,baseline,0.001,lambda_1e_m3,roc_auc,0.49034444127056065,pass,persisted_step10_metric,0.5079294316533509,-0.017584990382790266,-0.017584990382790266,0.4714366569919505,0.018907784278610174,0.018907784278610174,0.4856767761741509,0.004667665096409757,0.004667665096409757,candidate_vs_zscore,0.0189077842786101,0.012809582462289273,0.026345719784314155,1000,0,bootstrap_supported_positive
manavgat_2021_to_mugla_2021,baseline,0.001,lambda_1e_m3,roc_auc,0.49034444127056065,pass,persisted_step10_metric,0.5079294316533509,-0.017584990382790266,-0.017584990382790266,0.4714366569919505,0.018907784278610174,0.018907784278610174,0.4856767761741509,0.004667665096409757,0.004667665096409757,candidate_vs_canonical,0.0046676650964097,0.002790906273138971,0.006488166777814762,1000,0,bootstrap_supported_positive
manavgat_2021_to_mugla_2021,baseline,0.001,lambda_1e_m3,pr_auc,0.0686941715751003,pass,persisted_step10_metric,0.0749055111757259,-0.006211339600625601,-0.006211339600625601,0.0651590389474668,0.003535132627633497,0.003535132627633497,0.068475238985024,0.0002189325900762984,0.0002189325900762984,candidate_vs_raw,-0.0062113396006256,-0.01100958334065224,-0.0022426013379751603,1000,0,bootstrap_supported_negative
manavgat_2021_to_mugla_2021,baseline,0.001,lambda_1e_m3,pr_auc,0.0686941715751003,pass,persisted_step10_metric,0.0749055111757259,-0.006211339600625601,-0.006211339600625601,0.0651590389474668,0.003535132627633497,0.003535132627633497,0.068475238985024,0.0002189325900762984,0.0002189325900762984,candidate_vs_zscore,0.0035351326276334,0.0016245422920978057,0.005930182534632221,1000,0,bootstrap_supported_positive
manavgat_2021_to_mugla_2021,baseline,0.001,lambda_1e_m3,pr_auc,0.0686941715751003,pass,persisted_step10_metric,0.0749055111757259,-0.006211339600625601,-0.006211339600625601,0.0651590389474668,0.003535132627633497,0.003535132627633497,0.068475238985024,0.0002189325900762984,0.0002189325900762984,candidate_vs_canonical,0.0002189325900762,-0.0004015324499088014,0.0006186014871777302,1000,0,interval_includes_zero
manavgat_2021_to_mugla_2021,baseline,0.001,lambda_1e_m3,brier_score,0.12375086028532208,pass,recomputed_from_persisted_probabilities,0.11569939725253452,0.00805146303278756,-0.00805146303278756,0.12278221511078584,0.0009686451745362368,-0.0009686451745362368,0.1234802004167747,0.00027065986854737933,-0.00027065986854737933,candidate_vs_raw,-0.0080514630327875,-0.010500298428670026,-0.005612770965912348,1000,0,bootstrap_supported_negative
manavgat_2021_to_mugla_2021,baseline,0.001,lambda_1e_m3,brier_score,0.12375086028532208,pass,recomputed_from_persisted_probabilities,0.11569939725253452,0.00805146303278756,-0.00805146303278756,0.12278221511078584,0.0009686451745362368,-0.0009686451745362368,0.1234802004167747,0.00027065986854737933,-0.00027065986854737933,candidate_vs_zscore,-0.0009686451745362,-0.002208244177585961,0.0002131568242395318,1000,0,interval_includes_zero
manavgat_2021_to_mugla_2021,baseline,0.001,lambda_1e_m3,brier_score,0.12375086028532208,pass,recomputed_from_persisted_probabilities,0.11569939725253452,0.00805146303278756,-0.00805146303278756,0.12278221511078584,0.0009686451745362368,-0.0009686451745362368,0.1234802004167747,0.00027065986854737933,-0.00027065986854737933,candidate_vs_canonical,-0.0002706598685473,-0.0004340106427031903,-0.00011286616702550698,1000,0,bootstrap_supported_negative
manavgat_2021_to_mugla_2021,baseline,0.01,lambda_1e_m2,roc_auc,0.4825023840926721,pass,persisted_step10_metric,0.5079294316533509,-0.025427047560678817,-0.025427047560678817,0.4714366569919505,0.011065727100721623,0.011065727100721623,0.4856767761741509,-0.003174392081478794,-0.003174392081478794,candidate_vs_raw,-0.0254270475606788,-0.041921707440145194,-0.009063861152812314,1000,0,bootstrap_supported_negative
manavgat_2021_to_mugla_2021,baseline,0.01,lambda_1e_m2,roc_auc,0.4825023840926721,pass,persisted_step10_metric,0.5079294316533509,-0.025427047560678817,-0.025427047560678817,0.4714366569919505,0.011065727100721623,0.011065727100721623,0.4856767761741509,-0.003174392081478794,-0.003174392081478794,candidate_vs_zscore,0.0110657271007216,0.004058471302891649,0.018379616985291152,1000,0,bootstrap_supported_positive
manavgat_2021_to_mugla_2021,baseline,0.01,lambda_1e_m2,roc_auc,0.4825023840926721,pass,persisted_step10_metric,0.5079294316533509,-0.025427047560678817,-0.025427047560678817,0.4714366569919505,0.011065727100721623,0.011065727100721623,0.4856767761741509,-0.003174392081478794,-0.003174392081478794,candidate_vs_canonical,-0.0031743920814787,-0.005218357000848199,-0.0010839036225376063,1000,0,bootstrap_supported_negative
manavgat_2021_to_mugla_2021,baseline,0.01,lambda_1e_m2,pr_auc,0.0677898366241681,pass,persisted_step10_metric,0.0749055111757259,-0.007115674551557802,-0.007115674551557802,0.0651590389474668,0.0026307976767012964,0.0026307976767012964,0.068475238985024,-0.0006854023608559023,-0.0006854023608559023,candidate_vs_raw,-0.0071156745515578,-0.01193086642191113,-0.0031915616123836016,1000,0,bootstrap_supported_negative
manavgat_2021_to_mugla_2021,baseline,0.01,lambda_1e_m2,pr_auc,0.0677898366241681,pass,persisted_step10_metric,0.0749055111757259,-0.007115674551557802,-0.007115674551557802,0.0651590389474668,0.0026307976767012964,0.0026307976767012964,0.068475238985024,-0.0006854023608559023,-0.0006854023608559023,candidate_vs_zscore,0.0026307976767012,0.0007376618302297036,0.004856153288686654,1000,0,bootstrap_supported_positive
manavgat_2021_to_mugla_2021,baseline,0.01,lambda_1e_m2,pr_auc,0.0677898366241681,pass,persisted_step10_metric,0.0749055111757259,-0.007115674551557802,-0.007115674551557802,0.0651590389474668,0.0026307976767012964,0.0026307976767012964,0.068475238985024,-0.0006854023608559023,-0.0006854023608559023,candidate_vs_canonical,-0.0006854023608559,-0.0014956274824242896,-0.00022522206884710333,1000,0,bootstrap_supported_negative
manavgat_2021_to_mugla_2021,baseline,0.01,lambda_1e_m2,brier_score,0.1223651373551604,pass,recomputed_from_persisted_probabilities,0.11569939725253452,0.006665740102625883,-0.006665740102625883,0.12278221511078584,-0.00041707775562543903,0.00041707775562543903,0.1234802004167747,-0.0011150630616142965,0.0011150630616142965,candidate_vs_raw,-0.0066657401026258,-0.009084742353949652,-0.0042300902934529015,1000,0,bootstrap_supported_negative
manavgat_2021_to_mugla_2021,baseline,0.01,lambda_1e_m2,brier_score,0.1223651373551604,pass,recomputed_from_persisted_probabilities,0.11569939725253452,0.006665740102625883,-0.006665740102625883,0.12278221511078584,-0.00041707775562543903,0.00041707775562543903,0.1234802004167747,-0.0011150630616142965,0.0011150630616142965,candidate_vs_zscore,0.0004170777556254,-0.0008274055796149548,0.0016220679714182163,1000,0,interval_includes_zero
manavgat_2021_to_mugla_2021,baseline,0.01,lambda_1e_m2,brier_score,0.1223651373551604,pass,recomputed_from_persisted_probabilities,0.11569939725253452,0.006665740102625883,-0.006665740102625883,0.12278221511078584,-0.00041707775562543903,0.00041707775562543903,0.1234802004167747,-0.0011150630616142965,0.0011150630616142965,candidate_vs_canonical,0.0011150630616142,0.0008915185296313497,0.0013531080486496561,1000,0,bootstrap_supported_positive
manavgat_2021_to_mugla_2021,baseline,0.1,lambda_1e_m1,roc_auc,0.47925459072626686,pass,persisted_step10_metric,0.5079294316533509,-0.028674840927084055,-0.028674840927084055,0.4714366569919505,0.007817933734316385,0.007817933734316385,0.4856767761741509,-0.006422185447884032,-0.006422185447884032,candidate_vs_raw,-0.028674840927084,-0.04512835416702225,-0.012510762878036579,1000,0,bootstrap_supported_negative
manavgat_2021_to_mugla_2021,baseline,0.1,lambda_1e_m1,roc_auc,0.47925459072626686,pass,persisted_step10_metric,0.5079294316533509,-0.028674840927084055,-0.028674840927084055,0.4714366569919505,0.007817933734316385,0.007817933734316385,0.4856767761741509,-0.006422185447884032,-0.006422185447884032,candidate_vs_zscore,0.0078179337343163,0.001236601828337,0.014755426099508716,1000,0,bootstrap_supported_positive
manavgat_2021_to_mugla_2021,baseline,0.1,lambda_1e_m1,roc_auc,0.47925459072626686,pass,persisted_step10_metric,0.5079294316533509,-0.028674840927084055,-0.028674840927084055,0.4714366569919505,0.007817933734316385,0.007817933734316385,0.4856767761741509,-0.006422185447884032,-0.006422185447884032,candidate_vs_canonical,-0.006422185447884,-0.009970039003158687,-0.003344249595053447,1000,0,bootstrap_supported_negative
manavgat_2021_to_mugla_2021,baseline,0.1,lambda_1e_m1,pr_auc,0.0679014574568606,pass,persisted_step10_metric,0.0749055111757259,-0.007004053718865297,-0.007004053718865297,0.0651590389474668,0.0027424185093938014,0.0027424185093938014,0.068475238985024,-0.0005737815281633973,-0.0005737815281633973,candidate_vs_raw,-0.0070040537188652,-0.01175717044830142,-0.0026943114662288828,1000,0,bootstrap_supported_negative
manavgat_2021_to_mugla_2021,baseline,0.1,lambda_1e_m1,pr_auc,0.0679014574568606,pass,persisted_step10_metric,0.0749055111757259,-0.007004053718865297,-0.007004053718865297,0.0651590389474668,0.0027424185093938014,0.0027424185093938014,0.068475238985024,-0.0005737815281633973,-0.0005737815281633973,candidate_vs_zscore,0.0027424185093938,0.0007518652181406721,0.005147409852591516,1000,0,bootstrap_supported_positive
manavgat_2021_to_mugla_2021,baseline,0.1,lambda_1e_m1,pr_auc,0.0679014574568606,pass,persisted_step10_metric,0.0749055111757259,-0.007004053718865297,-0.007004053718865297,0.0651590389474668,0.0027424185093938014,0.0027424185093938014,0.068475238985024,-0.0005737815281633973,-0.0005737815281633973,candidate_vs_canonical,-0.0005737815281633,-0.001889987790733818,0.0005779547909771373,1000,0,interval_includes_zero
manavgat_2021_to_mugla_2021,baseline,0.1,lambda_1e_m1,brier_score,0.12676431645206424,pass,recomputed_from_persisted_probabilities,0.11569939725253452,0.011064919199529719,-0.011064919199529719,0.12278221511078584,0.003982101341278396,-0.003982101341278396,0.1234802004167747,0.0032841160352895388,-0.0032841160352895388,candidate_vs_raw,-0.0110649191995297,-0.01363554453887077,-0.008617484969888385,1000,0,bootstrap_supported_negative
manavgat_2021_to_mugla_2021,baseline,0.1,lambda_1e_m1,brier_score,0.12676431645206424,pass,recomputed_from_persisted_probabilities,0.11569939725253452,0.011064919199529719,-0.011064919199529719,0.12278221511078584,0.003982101341278396,-0.003982101341278396,0.1234802004167747,0.0032841160352895388,-0.0032841160352895388,candidate_vs_zscore,-0.0039821013412783,-0.005216544561884204,-0.0028155047014719395,1000,0,bootstrap_supported_negative
manavgat_2021_to_mugla_2021,baseline,0.1,lambda_1e_m1,brier_score,0.12676431645206424,pass,recomputed_from_persisted_probabilities,0.11569939725253452,0.011064919199529719,-0.011064919199529719,0.12278221511078584,0.003982101341278396,-0.003982101341278396,0.1234802004167747,0.0032841160352895388,-0.0032841160352895388,candidate_vs_canonical,-0.0032841160352895,-0.0038453419300250166,-0.0027760057263825043,1000,0,bootstrap_supported_negative
manavgat_2021_to_mugla_2021,thermal,0.0,lambda_0,roc_auc,0.44301355472931925,pass,persisted_step10_metric,0.4701598710870077,-0.027146316357688438,-0.027146316357688438,0.4305043280209929,0.012509226708326326,0.012509226708326326,0.4429622459524184,5.130877690084912e-05,5.130877690084912e-05,candidate_vs_raw,-0.0271463163576884,-0.044236508042119545,-0.008305494931560561,1000,0,bootstrap_supported_negative
manavgat_2021_to_mugla_2021,thermal,0.0,lambda_0,roc_auc,0.44301355472931925,pass,persisted_step10_metric,0.4701598710870077,-0.027146316357688438,-0.027146316357688438,0.4305043280209929,0.012509226708326326,0.012509226708326326,0.4429622459524184,5.130877690084912e-05,5.130877690084912e-05,candidate_vs_zscore,0.0125092267083263,0.005239810911791693,0.019054981571572902,1000,0,bootstrap_supported_positive
manavgat_2021_to_mugla_2021,thermal,0.0,lambda_0,roc_auc,0.44301355472931925,pass,persisted_step10_metric,0.4701598710870077,-0.027146316357688438,-0.027146316357688438,0.4305043280209929,0.012509226708326326,0.012509226708326326,0.4429622459524184,5.130877690084912e-05,5.130877690084912e-05,candidate_vs_canonical,5.130877690084912e-05,-0.0005814172183797456,0.000676813278471472,1000,0,interval_includes_zero
manavgat_2021_to_mugla_2021,thermal,0.0,lambda_0,pr_auc,0.06376351767595845,pass,persisted_step10_metric,0.0626464704650159,0.001117047210942551,0.001117047210942551,0.0610343471113958,0.0027291705645626496,0.0027291705645626496,0.0637275561671595,3.596150879894844e-05,3.596150879894844e-05,candidate_vs_raw,0.0011170472109425,-0.002373423678571166,0.00495043617862437,1000,0,interval_includes_zero
manavgat_2021_to_mugla_2021,thermal,0.0,lambda_0,pr_auc,0.06376351767595845,pass,persisted_step10_metric,0.0626464704650159,0.001117047210942551,0.001117047210942551,0.0610343471113958,0.0027291705645626496,0.0027291705645626496,0.0637275561671595,3.596150879894844e-05,3.596150879894844e-05,candidate_vs_zscore,0.0027291705645626,0.0009950519686197639,0.004506350114866302,1000,0,bootstrap_supported_positive
manavgat_2021_to_mugla_2021,thermal,0.0,lambda_0,pr_auc,0.06376351767595845,pass,persisted_step10_metric,0.0626464704650159,0.001117047210942551,0.001117047210942551,0.0610343471113958,0.0027291705645626496,0.0027291705645626496,0.0637275561671595,3.596150879894844e-05,3.596150879894844e-05,candidate_vs_canonical,3.596150879894844e-05,-6.852503249687724e-05,0.00015852775574110232,1000,0,interval_includes_zero
manavgat_2021_to_mugla_2021,thermal,0.0,lambda_0,brier_score,0.10577245797564024,pass,recomputed_from_persisted_probabilities,0.10468152081057548,0.0010909371650647537,-0.0010909371650647537,0.09670655937026523,0.009065898605375003,-0.009065898605375003,0.10590562528741425,-0.00013316731177401286,0.00013316731177401286,candidate_vs_raw,-0.0010909371650647,-0.0030009163209513763,0.0007692167265547982,1000,0,interval_includes_zero
manavgat_2021_to_mugla_2021,thermal,0.0,lambda_0,brier_score,0.10577245797564024,pass,recomputed_from_persisted_probabilities,0.10468152081057548,0.0010909371650647537,-0.0010909371650647537,0.09670655937026523,0.009065898605375003,-0.009065898605375003,0.10590562528741425,-0.00013316731177401286,0.00013316731177401286,candidate_vs_zscore,-0.009065898605375,-0.010062436133669752,-0.007982574104858907,1000,0,bootstrap_supported_negative
manavgat_2021_to_mugla_2021,thermal,0.0,lambda_0,brier_score,0.10577245797564024,pass,recomputed_from_persisted_probabilities,0.10468152081057548,0.0010909371650647537,-0.0010909371650647537,0.09670655937026523,0.009065898605375003,-0.009065898605375003,0.10590562528741425,-0.00013316731177401286,0.00013316731177401286,candidate_vs_canonical,0.000133167311774,9.084810356663614e-05,0.00018037688899981001,1000,0,bootstrap_supported_positive
manavgat_2021_to_mugla_2021,thermal,1e-08,lambda_1e_m8,roc_auc,0.44301355472931925,pass,persisted_step10_metric,0.4701598710870077,-0.027146316357688438,-0.027146316357688438,0.4305043280209929,0.012509226708326326,0.012509226708326326,0.4429622459524184,5.130877690084912e-05,5.130877690084912e-05,candidate_vs_raw,-0.0271463163576884,-0.044236508042119545,-0.008305494931560561,1000,0,bootstrap_supported_negative
manavgat_2021_to_mugla_2021,thermal,1e-08,lambda_1e_m8,roc_auc,0.44301355472931925,pass,persisted_step10_metric,0.4701598710870077,-0.027146316357688438,-0.027146316357688438,0.4305043280209929,0.012509226708326326,0.012509226708326326,0.4429622459524184,5.130877690084912e-05,5.130877690084912e-05,candidate_vs_zscore,0.0125092267083263,0.005239810911791693,0.019054981571572902,1000,0,bootstrap_supported_positive
manavgat_2021_to_mugla_2021,thermal,1e-08,lambda_1e_m8,roc_auc,0.44301355472931925,pass,persisted_step10_metric,0.4701598710870077,-0.027146316357688438,-0.027146316357688438,0.4305043280209929,0.012509226708326326,0.012509226708326326,0.4429622459524184,5.130877690084912e-05,5.130877690084912e-05,candidate_vs_canonical,5.130877690084912e-05,-0.0005814172183797456,0.000676813278471472,1000,0,interval_includes_zero
manavgat_2021_to_mugla_2021,thermal,1e-08,lambda_1e_m8,pr_auc,0.06376351767595845,pass,persisted_step10_metric,0.0626464704650159,0.001117047210942551,0.001117047210942551,0.0610343471113958,0.0027291705645626496,0.0027291705645626496,0.0637275561671595,3.596150879894844e-05,3.596150879894844e-05,candidate_vs_raw,0.0011170472109425,-0.002373423678571166,0.00495043617862437,1000,0,interval_includes_zero
manavgat_2021_to_mugla_2021,thermal,1e-08,lambda_1e_m8,pr_auc,0.06376351767595845,pass,persisted_step10_metric,0.0626464704650159,0.001117047210942551,0.001117047210942551,0.0610343471113958,0.0027291705645626496,0.0027291705645626496,0.0637275561671595,3.596150879894844e-05,3.596150879894844e-05,candidate_vs_zscore,0.0027291705645626,0.0009950519686197639,0.004506350114866302,1000,0,bootstrap_supported_positive
manavgat_2021_to_mugla_2021,thermal,1e-08,lambda_1e_m8,pr_auc,0.06376351767595845,pass,persisted_step10_metric,0.0626464704650159,0.001117047210942551,0.001117047210942551,0.0610343471113958,0.0027291705645626496,0.0027291705645626496,0.0637275561671595,3.596150879894844e-05,3.596150879894844e-05,candidate_vs_canonical,3.596150879894844e-05,-6.852503249687724e-05,0.00015852775574110232,1000,0,interval_includes_zero
manavgat_2021_to_mugla_2021,thermal,1e-08,lambda_1e_m8,brier_score,0.10577245797564024,pass,recomputed_from_persisted_probabilities,0.10468152081057548,0.0010909371650647537,-0.0010909371650647537,0.09670655937026523,0.009065898605375003,-0.009065898605375003,0.10590562528741425,-0.00013316731177401286,0.00013316731177401286,candidate_vs_raw,-0.0010909371650647,-0.0030009163209513763,0.0007692167265547982,1000,0,interval_includes_zero
manavgat_2021_to_mugla_2021,thermal,1e-08,lambda_1e_m8,brier_score,0.10577245797564024,pass,recomputed_from_persisted_probabilities,0.10468152081057548,0.0010909371650647537,-0.0010909371650647537,0.09670655937026523,0.009065898605375003,-0.009065898605375003,0.10590562528741425,-0.00013316731177401286,0.00013316731177401286,candidate_vs_zscore,-0.009065898605375,-0.010062436133669752,-0.007982574104858907,1000,0,bootstrap_supported_negative
manavgat_2021_to_mugla_2021,thermal,1e-08,lambda_1e_m8,brier_score,0.10577245797564024,pass,recomputed_from_persisted_probabilities,0.10468152081057548,0.0010909371650647537,-0.0010909371650647537,0.09670655937026523,0.009065898605375003,-0.009065898605375003,0.10590562528741425,-0.00013316731177401286,0.00013316731177401286,candidate_vs_canonical,0.000133167311774,9.084810356663545e-05,0.00018037688899981001,1000,0,bootstrap_supported_positive
manavgat_2021_to_mugla_2021,thermal,1e-07,lambda_1e_m7,roc_auc,0.4430136432232429,pass,persisted_step10_metric,0.4701598710870077,-0.027146227863764805,-0.027146227863764805,0.4305043280209929,0.01250931520224996,0.01250931520224996,0.4429622459524184,5.139727082448253e-05,5.139727082448253e-05,candidate_vs_raw,-0.0271462278637648,-0.04423639537714235,-0.008305545330960413,1000,0,bootstrap_supported_negative
manavgat_2021_to_mugla_2021,thermal,1e-07,lambda_1e_m7,roc_auc,0.4430136432232429,pass,persisted_step10_metric,0.4701598710870077,-0.027146227863764805,-0.027146227863764805,0.4305043280209929,0.01250931520224996,0.01250931520224996,0.4429622459524184,5.139727082448253e-05,5.139727082448253e-05,candidate_vs_zscore,0.0125093152022499,0.005240197112254006,0.019055398351320262,1000,0,bootstrap_supported_positive
manavgat_2021_to_mugla_2021,thermal,1e-07,lambda_1e_m7,roc_auc,0.4430136432232429,pass,persisted_step10_metric,0.4701598710870077,-0.027146227863764805,-0.027146227863764805,0.4305043280209929,0.01250931520224996,0.01250931520224996,0.4429622459524184,5.139727082448253e-05,5.139727082448253e-05,candidate_vs_canonical,5.139727082448253e-05,-0.0005818520479449793,0.0006770542631439655,1000,0,interval_includes_zero
manavgat_2021_to_mugla_2021,thermal,1e-07,lambda_1e_m7,pr_auc,0.06376357854935165,pass,persisted_step10_metric,0.0626464704650159,0.0011171080843357523,0.0011171080843357523,0.0610343471113958,0.0027292314379558508,0.0027292314379558508,0.0637275561671595,3.6022382192149593e-05,3.6022382192149593e-05,candidate_vs_raw,0.0011171080843357,-0.002373240840860686,0.004950520401862389,1000,0,interval_includes_zero
manavgat_2021_to_mugla_2021,thermal,1e-07,lambda_1e_m7,pr_auc,0.06376357854935165,pass,persisted_step10_metric,0.0626464704650159,0.0011171080843357523,0.0011171080843357523,0.0610343471113958,0.0027292314379558508,0.0027292314379558508,0.0637275561671595,3.6022382192149593e-05,3.6022382192149593e-05,candidate_vs_zscore,0.0027292314379558,0.0009951522794495295,0.004506366797745049,1000,0,bootstrap_supported_positive
manavgat_2021_to_mugla_2021,thermal,1e-07,lambda_1e_m7,pr_auc,0.06376357854935165,pass,persisted_step10_metric,0.0626464704650159,0.0011171080843357523,0.0011171080843357523,0.0610343471113958,0.0027292314379558508,0.0027292314379558508,0.0637275561671595,3.6022382192149593e-05,3.6022382192149593e-05,candidate_vs_canonical,3.6022382192149593e-05,-6.849699276409525e-05,0.0001585212055582168,1000,0,interval_includes_zero
manavgat_2021_to_mugla_2021,thermal,1e-07,lambda_1e_m7,brier_score,0.10577235142981375,pass,recomputed_from_persisted_probabilities,0.10468152081057548,0.0010908306192382727,-0.0010908306192382727,0.09670655937026523,0.009065792059548522,-0.009065792059548522,0.10590562528741425,-0.00013327385760049382,0.00013327385760049382,candidate_vs_raw,-0.0010908306192382,-0.0030006279860414512,0.0007691929447096688,1000,0,interval_includes_zero
manavgat_2021_to_mugla_2021,thermal,1e-07,lambda_1e_m7,brier_score,0.10577235142981375,pass,recomputed_from_persisted_probabilities,0.10468152081057548,0.0010908306192382727,-0.0010908306192382727,0.09670655937026523,0.009065792059548522,-0.009065792059548522,0.10590562528741425,-0.00013327385760049382,0.00013327385760049382,candidate_vs_zscore,-0.0090657920595485,-0.010062173514750285,-0.007982343626890674,1000,0,bootstrap_supported_negative
manavgat_2021_to_mugla_2021,thermal,1e-07,lambda_1e_m7,brier_score,0.10577235142981375,pass,recomputed_from_persisted_probabilities,0.10468152081057548,0.0010908306192382727,-0.0010908306192382727,0.09670655937026523,0.009065792059548522,-0.009065792059548522,0.10590562528741425,-0.00013327385760049382,0.00013327385760049382,candidate_vs_canonical,0.0001332738576004,9.105025420392022e-05,0.00018052072185226683,1000,0,bootstrap_supported_positive
manavgat_2021_to_mugla_2021,thermal,1e-06,lambda_1e_m6,roc_auc,0.4430620670982344,pass,persisted_step10_metric,0.4701598710870077,-0.02709780398877326,-0.02709780398877326,0.4305043280209929,0.012557739077241503,0.012557739077241503,0.4429622459524184,9.982114581602586e-05,9.982114581602586e-05,candidate_vs_raw,-0.0270978039887732,-0.044122588227295576,-0.008247622296854966,1000,0,bootstrap_supported_negative
manavgat_2021_to_mugla_2021,thermal,1e-06,lambda_1e_m6,roc_auc,0.4430620670982344,pass,persisted_step10_metric,0.4701598710870077,-0.02709780398877326,-0.02709780398877326,0.4305043280209929,0.012557739077241503,0.012557739077241503,0.4429622459524184,9.982114581602586e-05,9.982114581602586e-05,candidate_vs_zscore,0.0125577390772415,0.005214845209117166,0.019037773463592665,1000,0,bootstrap_supported_positive
manavgat_2021_to_mugla_2021,thermal,1e-06,lambda_1e_m6,roc_auc,0.4430620670982344,pass,persisted_step10_metric,0.4701598710870077,-0.02709780398877326,-0.02709780398877326,0.4305043280209929,0.012557739077241503,0.012557739077241503,0.4429622459524184,9.982114581602586e-05,9.982114581602586e-05,candidate_vs_canonical,9.982114581602586e-05,-0.0005152251351038542,0.0007187199802898043,1000,0,interval_includes_zero
manavgat_2021_to_mugla_2021,thermal,1e-06,lambda_1e_m6,pr_auc,0.06376486447976926,pass,persisted_step10_metric,0.0626464704650159,0.00111839401475336,0.00111839401475336,0.0610343471113958,0.0027305173683734585,0.0027305173683734585,0.0637275561671595,3.730831260975731e-05,3.730831260975731e-05,candidate_vs_raw,0.0011183940147533,-0.002380218886471895,0.004949810780401149,1000,0,interval_includes_zero
manavgat_2021_to_mugla_2021,thermal,1e-06,lambda_1e_m6,pr_auc,0.06376486447976926,pass,persisted_step10_metric,0.0626464704650159,0.00111839401475336,0.00111839401475336,0.0610343471113958,0.0027305173683734585,0.0027305173683734585,0.0637275561671595,3.730831260975731e-05,3.730831260975731e-05,candidate_vs_zscore,0.0027305173683734,0.0009885304515571643,0.004502071833460702,1000,0,bootstrap_supported_positive
manavgat_2021_to_mugla_2021,thermal,1e-06,lambda_1e_m6,pr_auc,0.06376486447976926,pass,persisted_step10_metric,0.0626464704650159,0.00111839401475336,0.00111839401475336,0.0610343471113958,0.0027305173683734585,0.0027305173683734585,0.0637275561671595,3.730831260975731e-05,3.730831260975731e-05,candidate_vs_canonical,3.730831260975731e-05,-6.438548591171291e-05,0.0001570258092314775,1000,0,interval_includes_zero
manavgat_2021_to_mugla_2021,thermal,1e-06,lambda_1e_m6,brier_score,0.10577905202239132,pass,recomputed_from_persisted_probabilities,0.10468152081057548,0.0010975312118158415,-0.0010975312118158415,0.09670655937026523,0.00907249265212609,-0.00907249265212609,0.10590562528741425,-0.0001265732650229251,0.0001265732650229251,candidate_vs_raw,-0.0010975312118158,-0.003005044362758944,0.0007607820855523553,1000,0,interval_includes_zero
manavgat_2021_to_mugla_2021,thermal,1e-06,lambda_1e_m6,brier_score,0.10577905202239132,pass,recomputed_from_persisted_probabilities,0.10468152081057548,0.0010975312118158415,-0.0010975312118158415,0.09670655937026523,0.00907249265212609,-0.00907249265212609,0.10590562528741425,-0.0001265732650229251,0.0001265732650229251,candidate_vs_zscore,-0.009072492652126,-0.01007048340260306,-0.007989051014725326,1000,0,bootstrap_supported_negative
manavgat_2021_to_mugla_2021,thermal,1e-06,lambda_1e_m6,brier_score,0.10577905202239132,pass,recomputed_from_persisted_probabilities,0.10468152081057548,0.0010975312118158415,-0.0010975312118158415,0.09670655937026523,0.00907249265212609,-0.00907249265212609,0.10590562528741425,-0.0001265732650229251,0.0001265732650229251,candidate_vs_canonical,0.0001265732650229,8.432758977475197e-05,0.0001740053472914619,1000,0,bootstrap_supported_positive
manavgat_2021_to_mugla_2021,thermal,1e-05,lambda_1e_m5,roc_auc,0.44296224595241845,pass,persisted_step10_metric,0.4701598710870077,-0.02719762513458923,-0.02719762513458923,0.4305043280209929,0.012457917931425533,0.012457917931425533,0.4429622459524184,5.551115123125783e-17,5.551115123125783e-17,candidate_vs_raw,-0.0271976251345892,-0.04451240859234362,-0.008451198803182954,1000,0,bootstrap_supported_negative
manavgat_2021_to_mugla_2021,thermal,1e-05,lambda_1e_m5,roc_auc,0.44296224595241845,pass,persisted_step10_metric,0.4701598710870077,-0.02719762513458923,-0.02719762513458923,0.4305043280209929,0.012457917931425533,0.012457917931425533,0.4429622459524184,5.551115123125783e-17,5.551115123125783e-17,candidate_vs_zscore,0.0124579179314255,0.005241037521762808,0.018911644349509232,1000,0,bootstrap_supported_positive
manavgat_2021_to_mugla_2021,thermal,1e-05,lambda_1e_m5,roc_auc,0.44296224595241845,pass,persisted_step10_metric,0.4701598710870077,-0.02719762513458923,-0.02719762513458923,0.4305043280209929,0.012457917931425533,0.012457917931425533,0.4429622459524184,5.551115123125783e-17,5.551115123125783e-17,candidate_vs_canonical,5.551115123125783e-17,0.0,0.0,1000,0,interval_includes_zero
manavgat_2021_to_mugla_2021,thermal,1e-05,lambda_1e_m5,pr_auc,0.06372755616715954,pass,persisted_step10_metric,0.0626464704650159,0.0010810857021436443,0.0010810857021436443,0.0610343471113958,0.002693209055763743,0.002693209055763743,0.0637275561671595,4.163336342344337e-17,4.163336342344337e-17,candidate_vs_raw,0.0010810857021436,-0.00235488533478384,0.004932139455751797,1000,0,interval_includes_zero
manavgat_2021_to_mugla_2021,thermal,1e-05,lambda_1e_m5,pr_auc,0.06372755616715954,pass,persisted_step10_metric,0.0626464704650159,0.0010810857021436443,0.0010810857021436443,0.0610343471113958,0.002693209055763743,0.002693209055763743,0.0637275561671595,4.163336342344337e-17,4.163336342344337e-17,candidate_vs_zscore,0.0026932090557637,0.0009572668412564508,0.004477597314866896,1000,0,bootstrap_supported_positive
manavgat_2021_to_mugla_2021,thermal,1e-05,lambda_1e_m5,pr_auc,0.06372755616715954,pass,persisted_step10_metric,0.0626464704650159,0.0010810857021436443,0.0010810857021436443,0.0610343471113958,0.002693209055763743,0.002693209055763743,0.0637275561671595,4.163336342344337e-17,4.163336342344337e-17,candidate_vs_canonical,4.163336342344337e-17,-6.938893903907228e-18,6.938893903907228e-18,1000,0,interval_includes_zero
manavgat_2021_to_mugla_2021,thermal,1e-05,lambda_1e_m5,brier_score,0.10590562528741425,pass,recomputed_from_persisted_probabilities,0.10468152081057548,0.0012241044768387666,-0.0012241044768387666,0.09670655937026523,0.009199065917149016,-0.009199065917149016,0.10590562528741425,0.0,0.0,candidate_vs_raw,-0.0012241044768387,-0.0031130794066671456,0.0006396173466465122,1000,0,interval_includes_zero
manavgat_2021_to_mugla_2021,thermal,1e-05,lambda_1e_m5,brier_score,0.10590562528741425,pass,recomputed_from_persisted_probabilities,0.10468152081057548,0.0012241044768387666,-0.0012241044768387666,0.09670655937026523,0.009199065917149016,-0.009199065917149016,0.10590562528741425,0.0,0.0,candidate_vs_zscore,-0.009199065917149,-0.010197277736992687,-0.00812906731181983,1000,0,bootstrap_supported_negative
manavgat_2021_to_mugla_2021,thermal,1e-05,lambda_1e_m5,brier_score,0.10590562528741425,pass,recomputed_from_persisted_probabilities,0.10468152081057548,0.0012241044768387666,-0.0012241044768387666,0.09670655937026523,0.009199065917149016,-0.009199065917149016,0.10590562528741425,0.0,0.0,candidate_vs_canonical,0.0,-1.3877787807814457e-17,1.3877787807814457e-17,1000,0,interval_includes_zero
manavgat_2021_to_mugla_2021,thermal,0.0001,lambda_1e_m4,roc_auc,0.4504638227592726,pass,persisted_step10_metric,0.4701598710870077,-0.019696048327735083,-0.019696048327735083,0.4305043280209929,0.01995949473827968,0.01995949473827968,0.4429622459524184,0.007501576806854204,0.007501576806854204,candidate_vs_raw,-0.019696048327735,-0.03742448854154527,-0.0010332893604179081,1000,0,bootstrap_supported_negative
manavgat_2021_to_mugla_2021,thermal,0.0001,lambda_1e_m4,roc_auc,0.4504638227592726,pass,persisted_step10_metric,0.4701598710870077,-0.019696048327735083,-0.019696048327735083,0.4305043280209929,0.01995949473827968,0.01995949473827968,0.4429622459524184,0.007501576806854204,0.007501576806854204,candidate_vs_zscore,0.0199594947382796,0.012427568691301443,0.026662656680246283,1000,0,bootstrap_supported_positive
manavgat_2021_to_mugla_2021,thermal,0.0001,lambda_1e_m4,roc_auc,0.4504638227592726,pass,persisted_step10_metric,0.4701598710870077,-0.019696048327735083,-0.019696048327735083,0.4305043280209929,0.01995949473827968,0.01995949473827968,0.4429622459524184,0.007501576806854204,0.007501576806854204,candidate_vs_canonical,0.0075015768068542,0.0054157092398650335,0.009439856426473487,1000,0,bootstrap_supported_positive
manavgat_2021_to_mugla_2021,thermal,0.0001,lambda_1e_m4,pr_auc,0.06450652129505441,pass,persisted_step10_metric,0.0626464704650159,0.0018600508300385121,0.0018600508300385121,0.0610343471113958,0.0034721741836586106,0.0034721741836586106,0.0637275561671595,0.0007789651278949095,0.0007789651278949095,candidate_vs_raw,0.0018600508300385,-0.0016147564898601817,0.005778357542634117,1000,0,interval_includes_zero
manavgat_2021_to_mugla_2021,thermal,0.0001,lambda_1e_m4,pr_auc,0.06450652129505441,pass,persisted_step10_metric,0.0626464704650159,0.0018600508300385121,0.0018600508300385121,0.0610343471113958,0.0034721741836586106,0.0034721741836586106,0.0637275561671595,0.0007789651278949095,0.0007789651278949095,candidate_vs_zscore,0.0034721741836586,0.001665567189718906,0.00543935086584138,1000,0,bootstrap_supported_positive
manavgat_2021_to_mugla_2021,thermal,0.0001,lambda_1e_m4,pr_auc,0.06450652129505441,pass,persisted_step10_metric,0.0626464704650159,0.0018600508300385121,0.0018600508300385121,0.0610343471113958,0.0034721741836586106,0.0034721741836586106,0.0637275561671595,0.0007789651278949095,0.0007789651278949095,candidate_vs_canonical,0.0007789651278949,0.0004665096076207277,0.001199665799628094,1000,0,bootstrap_supported_positive
manavgat_2021_to_mugla_2021,thermal,0.0001,lambda_1e_m4,brier_score,0.1057915898185981,pass,recomputed_from_persisted_probabilities,0.10468152081057548,0.0011100690080226155,-0.0011100690080226155,0.09670655937026523,0.009085030448332865,-0.009085030448332865,0.10590562528741425,-0.00011403546881615101,0.00011403546881615101,candidate_vs_raw,-0.0011100690080226,-0.0030546593049238335,0.0007941485795119343,1000,0,interval_includes_zero
manavgat_2021_to_mugla_2021,thermal,0.0001,lambda_1e_m4,brier_score,0.1057915898185981,pass,recomputed_from_persisted_probabilities,0.10468152081057548,0.0011100690080226155,-0.0011100690080226155,0.09670655937026523,0.009085030448332865,-0.009085030448332865,0.10590562528741425,-0.00011403546881615101,0.00011403546881615101,candidate_vs_zscore,-0.0090850304483328,-0.010078273436775921,-0.007998403340712959,1000,0,bootstrap_supported_negative
manavgat_2021_to_mugla_2021,thermal,0.0001,lambda_1e_m4,brier_score,0.1057915898185981,pass,recomputed_from_persisted_probabilities,0.10468152081057548,0.0011100690080226155,-0.0011100690080226155,0.09670655937026523,0.009085030448332865,-0.009085030448332865,0.10590562528741425,-0.00011403546881615101,0.00011403546881615101,candidate_vs_canonical,0.0001140354688161,-3.1269341682641295e-05,0.000261940583583645,1000,0,interval_includes_zero
manavgat_2021_to_mugla_2021,thermal,0.001,lambda_1e_m3,roc_auc,0.4464748441110953,pass,persisted_step10_metric,0.4701598710870077,-0.023685026975912404,-0.023685026975912404,0.4305043280209929,0.01597051609010236,0.01597051609010236,0.4429622459524184,0.003512598158676883,0.003512598158676883,candidate_vs_raw,-0.0236850269759124,-0.04106157807126332,-0.005166420977438047,1000,0,bootstrap_supported_negative
manavgat_2021_to_mugla_2021,thermal,0.001,lambda_1e_m3,roc_auc,0.4464748441110953,pass,persisted_step10_metric,0.4701598710870077,-0.023685026975912404,-0.023685026975912404,0.4305043280209929,0.01597051609010236,0.01597051609010236,0.4429622459524184,0.003512598158676883,0.003512598158676883,candidate_vs_zscore,0.0159705160901023,0.008530272295479324,0.022565928833565212,1000,0,bootstrap_supported_positive
manavgat_2021_to_mugla_2021,thermal,0.001,lambda_1e_m3,roc_auc,0.4464748441110953,pass,persisted_step10_metric,0.4701598710870077,-0.023685026975912404,-0.023685026975912404,0.4305043280209929,0.01597051609010236,0.01597051609010236,0.4429622459524184,0.003512598158676883,0.003512598158676883,candidate_vs_canonical,0.0035125981586768,0.0012214080978878064,0.005593527527391275,1000,0,bootstrap_supported_positive
manavgat_2021_to_mugla_2021,thermal,0.001,lambda_1e_m3,pr_auc,0.06382728505912613,pass,persisted_step10_metric,0.0626464704650159,0.0011808145941102355,0.0011808145941102355,0.0610343471113958,0.002792937947730334,0.002792937947730334,0.0637275561671595,9.972889196663282e-05,9.972889196663282e-05,candidate_vs_raw,0.0011808145941102,-0.0022461895337110927,0.004942265575167645,1000,0,interval_includes_zero
manavgat_2021_to_mugla_2021,thermal,0.001,lambda_1e_m3,pr_auc,0.06382728505912613,pass,persisted_step10_metric,0.0626464704650159,0.0011808145941102355,0.0011808145941102355,0.0610343471113958,0.002792937947730334,0.002792937947730334,0.0637275561671595,9.972889196663282e-05,9.972889196663282e-05,candidate_vs_zscore,0.0027929379477303,0.0010422452041469043,0.004533531893720653,1000,0,bootstrap_supported_positive
manavgat_2021_to_mugla_2021,thermal,0.001,lambda_1e_m3,pr_auc,0.06382728505912613,pass,persisted_step10_metric,0.0626464704650159,0.0011808145941102355,0.0011808145941102355,0.0610343471113958,0.002792937947730334,0.002792937947730334,0.0637275561671595,9.972889196663282e-05,9.972889196663282e-05,candidate_vs_canonical,9.972889196663282e-05,-0.00030214448819534457,0.0004738636152988619,1000,0,interval_includes_zero
manavgat_2021_to_mugla_2021,thermal,0.001,lambda_1e_m3,brier_score,0.1055855888698367,pass,recomputed_from_persisted_probabilities,0.10468152081057548,0.0009040680592612149,-0.0009040680592612149,0.09670655937026523,0.008879029499571464,-0.008879029499571464,0.10590562528741425,-0.00032003641757755164,0.00032003641757755164,candidate_vs_raw,-0.0009040680592612,-0.0028234336738629812,0.0009682340296321388,1000,0,interval_includes_zero
manavgat_2021_to_mugla_2021,thermal,0.001,lambda_1e_m3,brier_score,0.1055855888698367,pass,recomputed_from_persisted_probabilities,0.10468152081057548,0.0009040680592612149,-0.0009040680592612149,0.09670655937026523,0.008879029499571464,-0.008879029499571464,0.10590562528741425,-0.00032003641757755164,0.00032003641757755164,candidate_vs_zscore,-0.0088790294995714,-0.009889976997030689,-0.007809508973805916,1000,0,bootstrap_supported_negative
manavgat_2021_to_mugla_2021,thermal,0.001,lambda_1e_m3,brier_score,0.1055855888698367,pass,recomputed_from_persisted_probabilities,0.10468152081057548,0.0009040680592612149,-0.0009040680592612149,0.09670655937026523,0.008879029499571464,-0.008879029499571464,0.10590562528741425,-0.00032003641757755164,0.00032003641757755164,candidate_vs_canonical,0.0003200364175775,0.0001328477099051824,0.0005022431243898222,1000,0,bootstrap_supported_positive
manavgat_2021_to_mugla_2021,thermal,0.01,lambda_1e_m2,roc_auc,0.4435565578691987,pass,persisted_step10_metric,0.4701598710870077,-0.02660331321780901,-0.02660331321780901,0.4305043280209929,0.013052229848205754,0.013052229848205754,0.4429622459524184,0.0005943119167802768,0.0005943119167802768,candidate_vs_raw,-0.026603313217809,-0.04437441819087468,-0.008004349076453433,1000,0,bootstrap_supported_negative
manavgat_2021_to_mugla_2021,thermal,0.01,lambda_1e_m2,roc_auc,0.4435565578691987,pass,persisted_step10_metric,0.4701598710870077,-0.02660331321780901,-0.02660331321780901,0.4305043280209929,0.013052229848205754,0.013052229848205754,0.4429622459524184,0.0005943119167802768,0.0005943119167802768,candidate_vs_zscore,0.0130522298482057,0.005843369622289341,0.019535233196685365,1000,0,bootstrap_supported_positive
manavgat_2021_to_mugla_2021,thermal,0.01,lambda_1e_m2,roc_auc,0.4435565578691987,pass,persisted_step10_metric,0.4701598710870077,-0.02660331321780901,-0.02660331321780901,0.4305043280209929,0.013052229848205754,0.013052229848205754,0.4429622459524184,0.0005943119167802768,0.0005943119167802768,candidate_vs_canonical,0.0005943119167802,-0.0018874271298400427,0.0031723151673265955,1000,0,interval_includes_zero
manavgat_2021_to_mugla_2021,thermal,0.01,lambda_1e_m2,pr_auc,0.06374876967341536,pass,persisted_step10_metric,0.0626464704650159,0.0011022992083994654,0.0011022992083994654,0.0610343471113958,0.002714422562019564,0.002714422562019564,0.0637275561671595,2.1213506255862713e-05,2.1213506255862713e-05,candidate_vs_raw,0.0011022992083994,-0.0022547283231005386,0.004824981745989762,1000,0,interval_includes_zero
manavgat_2021_to_mugla_2021,thermal,0.01,lambda_1e_m2,pr_auc,0.06374876967341536,pass,persisted_step10_metric,0.0626464704650159,0.0011022992083994654,0.0011022992083994654,0.0610343471113958,0.002714422562019564,0.002714422562019564,0.0637275561671595,2.1213506255862713e-05,2.1213506255862713e-05,candidate_vs_zscore,0.0027144225620195,0.0008202210855196819,0.004537531934435361,1000,0,bootstrap_supported_positive
manavgat_2021_to_mugla_2021,thermal,0.01,lambda_1e_m2,pr_auc,0.06374876967341536,pass,persisted_step10_metric,0.0626464704650159,0.0011022992083994654,0.0011022992083994654,0.0610343471113958,0.002714422562019564,0.002714422562019564,0.0637275561671595,2.1213506255862713e-05,2.1213506255862713e-05,candidate_vs_canonical,2.1213506255862716e-05,-0.0004269412045626024,0.0004896547815442234,1000,0,interval_includes_zero
manavgat_2021_to_mugla_2021,thermal,0.01,lambda_1e_m2,brier_score,0.10480740600709143,pass,recomputed_from_persisted_probabilities,0.10468152081057548,0.00012588519651594854,-0.00012588519651594854,0.09670655937026523,0.008100846636826198,-0.008100846636826198,0.10590562528741425,-0.001098219280322818,0.001098219280322818,candidate_vs_raw,-0.0001258851965159,-0.002019369781067932,0.0017374689587629584,1000,0,interval_includes_zero
manavgat_2021_to_mugla_2021,thermal,0.01,lambda_1e_m2,brier_score,0.10480740600709143,pass,recomputed_from_persisted_probabilities,0.10468152081057548,0.00012588519651594854,-0.00012588519651594854,0.09670655937026523,0.008100846636826198,-0.008100846636826198,0.10590562528741425,-0.001098219280322818,0.001098219280322818,candidate_vs_zscore,-0.0081008466368261,-0.009071096781463027,-0.007048887447483676,1000,0,bootstrap_supported_negative
manavgat_2021_to_mugla_2021,thermal,0.01,lambda_1e_m2,brier_score,0.10480740600709143,pass,recomputed_from_persisted_probabilities,0.10468152081057548,0.00012588519651594854,-0.00012588519651594854,0.09670655937026523,0.008100846636826198,-0.008100846636826198,0.10590562528741425,-0.001098219280322818,0.001098219280322818,candidate_vs_canonical,0.0010982192803228,0.0008812336548360781,0.0013015912090994935,1000,0,bootstrap_supported_positive
manavgat_2021_to_mugla_2021,thermal,0.1,lambda_1e_m1,roc_auc,0.4449464921048508,pass,persisted_step10_metric,0.4701598710870077,-0.025213378982156864,-0.025213378982156864,0.4305043280209929,0.0144421640838579,0.0144421640838579,0.4429622459524184,0.001984246152432423,0.001984246152432423,candidate_vs_raw,-0.0252133789821568,-0.04326116733085789,-0.0071834639867626995,1000,0,bootstrap_supported_negative
manavgat_2021_to_mugla_2021,thermal,0.1,lambda_1e_m1,roc_auc,0.4449464921048508,pass,persisted_step10_metric,0.4701598710870077,-0.025213378982156864,-0.025213378982156864,0.4305043280209929,0.0144421640838579,0.0144421640838579,0.4429622459524184,0.001984246152432423,0.001984246152432423,candidate_vs_zscore,0.0144421640838579,0.006817993044636576,0.020889093618436685,1000,0,bootstrap_supported_positive
manavgat_2021_to_mugla_2021,thermal,0.1,lambda_1e_m1,roc_auc,0.4449464921048508,pass,persisted_step10_metric,0.4701598710870077,-0.025213378982156864,-0.025213378982156864,0.4305043280209929,0.0144421640838579,0.0144421640838579,0.4429622459524184,0.001984246152432423,0.001984246152432423,candidate_vs_canonical,0.0019842461524324,-0.0016810706970905448,0.00552864664011082,1000,0,interval_includes_zero
manavgat_2021_to_mugla_2021,thermal,0.1,lambda_1e_m1,pr_auc,0.06412315366032026,pass,persisted_step10_metric,0.0626464704650159,0.0014766831953043624,0.0014766831953043624,0.0610343471113958,0.003088806548924461,0.003088806548924461,0.0637275561671595,0.00039559749316075976,0.00039559749316075976,candidate_vs_raw,0.0014766831953043,-0.001883309646228671,0.0052028634102626245,1000,0,interval_includes_zero
manavgat_2021_to_mugla_2021,thermal,0.1,lambda_1e_m1,pr_auc,0.06412315366032026,pass,persisted_step10_metric,0.0626464704650159,0.0014766831953043624,0.0014766831953043624,0.0610343471113958,0.003088806548924461,0.003088806548924461,0.0637275561671595,0.00039559749316075976,0.00039559749316075976,candidate_vs_zscore,0.0030888065489244,0.001273606776690164,0.005092877195456405,1000,0,bootstrap_supported_positive
manavgat_2021_to_mugla_2021,thermal,0.1,lambda_1e_m1,pr_auc,0.06412315366032026,pass,persisted_step10_metric,0.0626464704650159,0.0014766831953043624,0.0014766831953043624,0.0610343471113958,0.003088806548924461,0.003088806548924461,0.0637275561671595,0.00039559749316075976,0.00039559749316075976,candidate_vs_canonical,0.0003955974931607,-0.00039212350679588317,0.0012529826483779756,1000,0,interval_includes_zero
manavgat_2021_to_mugla_2021,thermal,0.1,lambda_1e_m1,brier_score,0.10192096862358005,pass,recomputed_from_persisted_probabilities,0.10468152081057548,-0.0027605521869954325,0.0027605521869954325,0.09670655937026523,0.005214409253314817,-0.005214409253314817,0.10590562528741425,-0.003984656663834199,0.003984656663834199,candidate_vs_raw,0.0027605521869954,0.0009175935975506488,0.004678562938040742,1000,0,bootstrap_supported_positive
manavgat_2021_to_mugla_2021,thermal,0.1,lambda_1e_m1,brier_score,0.10192096862358005,pass,recomputed_from_persisted_probabilities,0.10468152081057548,-0.0027605521869954325,0.0027605521869954325,0.09670655937026523,0.005214409253314817,-0.005214409253314817,0.10590562528741425,-0.003984656663834199,0.003984656663834199,candidate_vs_zscore,-0.0052144092533148,-0.006129252188832021,-0.004262656361738023,1000,0,bootstrap_supported_negative
manavgat_2021_to_mugla_2021,thermal,0.1,lambda_1e_m1,brier_score,0.10192096862358005,pass,recomputed_from_persisted_probabilities,0.10468152081057548,-0.0027605521869954325,0.0027605521869954325,0.09670655937026523,0.005214409253314817,-0.005214409253314817,0.10590562528741425,-0.003984656663834199,0.003984656663834199,candidate_vs_canonical,0.0039846566638341,0.003561783035485864,0.004402201303090899,1000,0,bootstrap_supported_positive
mugla_2021_to_manavgat_2021,baseline,0.0,lambda_0,roc_auc,0.6012270295658183,pass,persisted_step10_metric,0.52151982986128,0.07970719970453832,0.07970719970453832,0.5762350277719441,0.024992001793874175,0.024992001793874175,0.6013406984936216,-0.00011366892780328985,-0.00011366892780328985,candidate_vs_raw,0.0797071997045383,0.04915837743033229,0.10916508931106916,1000,0,bootstrap_supported_positive
mugla_2021_to_manavgat_2021,baseline,0.0,lambda_0,roc_auc,0.6012270295658183,pass,persisted_step10_metric,0.52151982986128,0.07970719970453832,0.07970719970453832,0.5762350277719441,0.024992001793874175,0.024992001793874175,0.6013406984936216,-0.00011366892780328985,-0.00011366892780328985,candidate_vs_zscore,0.0249920017938741,0.005153359957107811,0.04489493048743671,1000,0,bootstrap_supported_positive
mugla_2021_to_manavgat_2021,baseline,0.0,lambda_0,roc_auc,0.6012270295658183,pass,persisted_step10_metric,0.52151982986128,0.07970719970453832,0.07970719970453832,0.5762350277719441,0.024992001793874175,0.024992001793874175,0.6013406984936216,-0.00011366892780328985,-0.00011366892780328985,candidate_vs_canonical,-0.0001136689278032,-0.0009222563707939113,0.0006540921820357341,1000,0,interval_includes_zero
mugla_2021_to_manavgat_2021,baseline,0.0,lambda_0,pr_auc,0.047906806892802356,pass,persisted_step10_metric,0.0378368644741754,0.010069942418626958,0.010069942418626958,0.048126967745402,-0.0002201608525996407,-0.0002201608525996407,0.0479358307773327,-2.9023884530340882e-05,-2.9023884530340882e-05,candidate_vs_raw,0.0100699424186269,0.005266476354367384,0.015281186808785902,1000,0,bootstrap_supported_positive
mugla_2021_to_manavgat_2021,baseline,0.0,lambda_0,pr_auc,0.047906806892802356,pass,persisted_step10_metric,0.0378368644741754,0.010069942418626958,0.010069942418626958,0.048126967745402,-0.0002201608525996407,-0.0002201608525996407,0.0479358307773327,-2.9023884530340882e-05,-2.9023884530340882e-05,candidate_vs_zscore,-0.0002201608525996,-0.0037812038179249534,0.003752780394151567,1000,0,interval_includes_zero
mugla_2021_to_manavgat_2021,baseline,0.0,lambda_0,pr_auc,0.047906806892802356,pass,persisted_step10_metric,0.0378368644741754,0.010069942418626958,0.010069942418626958,0.048126967745402,-0.0002201608525996407,-0.0002201608525996407,0.0479358307773327,-2.9023884530340882e-05,-2.9023884530340882e-05,candidate_vs_canonical,-2.902388453034088e-05,-0.00015478073467758597,9.707768257225679e-05,1000,0,interval_includes_zero
mugla_2021_to_manavgat_2021,baseline,0.0,lambda_0,brier_score,0.10700048569857959,pass,recomputed_from_persisted_probabilities,0.19626287946345441,-0.08926239376487483,0.08926239376487483,0.10210790617594764,0.004892579522631946,-0.004892579522631946,0.10719036375672465,-0.00018987805814506264,0.00018987805814506264,candidate_vs_raw,0.0892623937648748,0.084586879542942,0.09414086014154967,1000,0,bootstrap_supported_positive
mugla_2021_to_manavgat_2021,baseline,0.0,lambda_0,brier_score,0.10700048569857959,pass,recomputed_from_persisted_probabilities,0.19626287946345441,-0.08926239376487483,0.08926239376487483,0.10210790617594764,0.004892579522631946,-0.004892579522631946,0.10719036375672465,-0.00018987805814506264,0.00018987805814506264,candidate_vs_zscore,-0.0048925795226319,-0.006813621654179312,-0.0029884206924902395,1000,0,bootstrap_supported_negative
mugla_2021_to_manavgat_2021,baseline,0.0,lambda_0,brier_score,0.10700048569857959,pass,recomputed_from_persisted_probabilities,0.19626287946345441,-0.08926239376487483,0.08926239376487483,0.10210790617594764,0.004892579522631946,-0.004892579522631946,0.10719036375672465,-0.00018987805814506264,0.00018987805814506264,candidate_vs_canonical,0.000189878058145,0.00012745237540867925,0.00025134472035434337,1000,0,bootstrap_supported_positive
mugla_2021_to_manavgat_2021,baseline,1e-08,lambda_1e_m8,roc_auc,0.6012270295658183,pass,persisted_step10_metric,0.52151982986128,0.07970719970453832,0.07970719970453832,0.5762350277719441,0.024992001793874175,0.024992001793874175,0.6013406984936216,-0.00011366892780328985,-0.00011366892780328985,candidate_vs_raw,0.0797071997045383,0.04915837743033229,0.10916508931106916,1000,0,bootstrap_supported_positive
mugla_2021_to_manavgat_2021,baseline,1e-08,lambda_1e_m8,roc_auc,0.6012270295658183,pass,persisted_step10_metric,0.52151982986128,0.07970719970453832,0.07970719970453832,0.5762350277719441,0.024992001793874175,0.024992001793874175,0.6013406984936216,-0.00011366892780328985,-0.00011366892780328985,candidate_vs_zscore,0.0249920017938741,0.005153359957107811,0.04489493048743671,1000,0,bootstrap_supported_positive
mugla_2021_to_manavgat_2021,baseline,1e-08,lambda_1e_m8,roc_auc,0.6012270295658183,pass,persisted_step10_metric,0.52151982986128,0.07970719970453832,0.07970719970453832,0.5762350277719441,0.024992001793874175,0.024992001793874175,0.6013406984936216,-0.00011366892780328985,-0.00011366892780328985,candidate_vs_canonical,-0.0001136689278032,-0.0009222563707939113,0.0006540921820357341,1000,0,interval_includes_zero
mugla_2021_to_manavgat_2021,baseline,1e-08,lambda_1e_m8,pr_auc,0.047906806892802356,pass,persisted_step10_metric,0.0378368644741754,0.010069942418626958,0.010069942418626958,0.048126967745402,-0.0002201608525996407,-0.0002201608525996407,0.0479358307773327,-2.9023884530340882e-05,-2.9023884530340882e-05,candidate_vs_raw,0.0100699424186269,0.005266476354367384,0.015281186808785902,1000,0,bootstrap_supported_positive
mugla_2021_to_manavgat_2021,baseline,1e-08,lambda_1e_m8,pr_auc,0.047906806892802356,pass,persisted_step10_metric,0.0378368644741754,0.010069942418626958,0.010069942418626958,0.048126967745402,-0.0002201608525996407,-0.0002201608525996407,0.0479358307773327,-2.9023884530340882e-05,-2.9023884530340882e-05,candidate_vs_zscore,-0.0002201608525996,-0.0037812038179249534,0.003752780394151567,1000,0,interval_includes_zero
mugla_2021_to_manavgat_2021,baseline,1e-08,lambda_1e_m8,pr_auc,0.047906806892802356,pass,persisted_step10_metric,0.0378368644741754,0.010069942418626958,0.010069942418626958,0.048126967745402,-0.0002201608525996407,-0.0002201608525996407,0.0479358307773327,-2.9023884530340882e-05,-2.9023884530340882e-05,candidate_vs_canonical,-2.902388453034088e-05,-0.00015478073467758597,9.707768257225679e-05,1000,0,interval_includes_zero
mugla_2021_to_manavgat_2021,baseline,1e-08,lambda_1e_m8,brier_score,0.10700048569857959,pass,recomputed_from_persisted_probabilities,0.19626287946345441,-0.08926239376487483,0.08926239376487483,0.10210790617594764,0.004892579522631946,-0.004892579522631946,0.10719036375672465,-0.00018987805814506264,0.00018987805814506264,candidate_vs_raw,0.0892623937648748,0.084586879542942,0.09414086014154967,1000,0,bootstrap_supported_positive
mugla_2021_to_manavgat_2021,baseline,1e-08,lambda_1e_m8,brier_score,0.10700048569857959,pass,recomputed_from_persisted_probabilities,0.19626287946345441,-0.08926239376487483,0.08926239376487483,0.10210790617594764,0.004892579522631946,-0.004892579522631946,0.10719036375672465,-0.00018987805814506264,0.00018987805814506264,candidate_vs_zscore,-0.0048925795226319,-0.006813621654179339,-0.0029884206924902395,1000,0,bootstrap_supported_negative
mugla_2021_to_manavgat_2021,baseline,1e-08,lambda_1e_m8,brier_score,0.10700048569857959,pass,recomputed_from_persisted_probabilities,0.19626287946345441,-0.08926239376487483,0.08926239376487483,0.10210790617594764,0.004892579522631946,-0.004892579522631946,0.10719036375672465,-0.00018987805814506264,0.00018987805814506264,candidate_vs_canonical,0.000189878058145,0.00012745237540867925,0.00025134472035434337,1000,0,bootstrap_supported_positive
mugla_2021_to_manavgat_2021,baseline,1e-07,lambda_1e_m7,roc_auc,0.6012272235400978,pass,persisted_step10_metric,0.52151982986128,0.07970739367881785,0.07970739367881785,0.5762350277719441,0.024992195768153702,0.024992195768153702,0.6013406984936216,-0.00011347495352376225,-0.00011347495352376225,candidate_vs_raw,0.0797073936788178,0.04915837743033229,0.10916568484976877,1000,0,bootstrap_supported_positive
mugla_2021_to_manavgat_2021,baseline,1e-07,lambda_1e_m7,roc_auc,0.6012272235400978,pass,persisted_step10_metric,0.52151982986128,0.07970739367881785,0.07970739367881785,0.5762350277719441,0.024992195768153702,0.024992195768153702,0.6013406984936216,-0.00011347495352376225,-0.00011347495352376225,candidate_vs_zscore,0.0249921957681537,0.005153359957107811,0.04489493895497477,1000,0,bootstrap_supported_positive
mugla_2021_to_manavgat_2021,baseline,1e-07,lambda_1e_m7,roc_auc,0.6012272235400978,pass,persisted_step10_metric,0.52151982986128,0.07970739367881785,0.07970739367881785,0.5762350277719441,0.024992195768153702,0.024992195768153702,0.6013406984936216,-0.00011347495352376225,-0.00011347495352376225,candidate_vs_canonical,-0.0001134749535237,-0.0009222563707939113,0.00065432681165265,1000,0,interval_includes_zero
mugla_2021_to_manavgat_2021,baseline,1e-07,lambda_1e_m7,pr_auc,0.04790686844394385,pass,persisted_step10_metric,0.0378368644741754,0.010070003969768454,0.010070003969768454,0.048126967745402,-0.00022009930145814455,-0.00022009930145814455,0.0479358307773327,-2.896233338884474e-05,-2.896233338884474e-05,candidate_vs_raw,0.0100700039697684,0.005266476354367384,0.01528131210109787,1000,0,bootstrap_supported_positive
mugla_2021_to_manavgat_2021,baseline,1e-07,lambda_1e_m7,pr_auc,0.04790686844394385,pass,persisted_step10_metric,0.0378368644741754,0.010070003969768454,0.010070003969768454,0.048126967745402,-0.00022009930145814455,-0.00022009930145814455,0.0479358307773327,-2.896233338884474e-05,-2.896233338884474e-05,candidate_vs_zscore,-0.0002200993014581,-0.003781140292521972,0.003752780394151567,1000,0,interval_includes_zero
mugla_2021_to_manavgat_2021,baseline,1e-07,lambda_1e_m7,pr_auc,0.04790686844394385,pass,persisted_step10_metric,0.0378368644741754,0.010070003969768454,0.010070003969768454,0.048126967745402,-0.00022009930145814455,-0.00022009930145814455,0.0479358307773327,-2.896233338884474e-05,-2.896233338884474e-05,candidate_vs_canonical,-2.896233338884474e-05,-0.00015469606127619992,9.707768257225679e-05,1000,0,interval_includes_zero
mugla_2021_to_manavgat_2021,baseline,1e-07,lambda_1e_m7,brier_score,0.10700035808627037,pass,recomputed_from_persisted_probabilities,0.19626287946345441,-0.08926252137718405,0.08926252137718405,0.10210790617594764,0.004892451910322726,-0.004892451910322726,0.10719036375672465,-0.0001900056704542824,0.0001900056704542824,candidate_vs_raw,0.089262521377184,0.084586879542942,0.09414111870588215,1000,0,bootstrap_supported_positive
mugla_2021_to_manavgat_2021,baseline,1e-07,lambda_1e_m7,brier_score,0.10700035808627037,pass,recomputed_from_persisted_probabilities,0.19626287946345441,-0.08926252137718405,0.08926252137718405,0.10210790617594764,0.004892451910322726,-0.004892451910322726,0.10719036375672465,-0.0001900056704542824,0.0001900056704542824,candidate_vs_zscore,-0.0048924519103227,-0.006813369567105689,-0.0029881715326491305,1000,0,bootstrap_supported_negative
mugla_2021_to_manavgat_2021,baseline,1e-07,lambda_1e_m7,brier_score,0.10700035808627037,pass,recomputed_from_persisted_probabilities,0.19626287946345441,-0.08926252137718405,0.08926252137718405,0.10210790617594764,0.004892451910322726,-0.004892451910322726,0.10719036375672465,-0.0001900056704542824,0.0001900056704542824,candidate_vs_canonical,0.0001900056704542,0.0001274585588591174,0.00025146908778477873,1000,0,bootstrap_supported_positive
mugla_2021_to_manavgat_2021,baseline,1e-06,lambda_1e_m6,roc_auc,0.6010517414752183,pass,persisted_step10_metric,0.52151982986128,0.07953191161393836,0.07953191161393836,0.5762350277719441,0.024816713703274207,0.024816713703274207,0.6013406984936216,-0.0002889570184032575,-0.0002889570184032575,candidate_vs_raw,0.0795319116139383,0.049148022612715274,0.1090677006435423,1000,0,bootstrap_supported_positive
mugla_2021_to_manavgat_2021,baseline,1e-06,lambda_1e_m6,roc_auc,0.6010517414752183,pass,persisted_step10_metric,0.52151982986128,0.07953191161393836,0.07953191161393836,0.5762350277719441,0.024816713703274207,0.024816713703274207,0.6013406984936216,-0.0002889570184032575,-0.0002889570184032575,candidate_vs_zscore,0.0248167137032742,0.005234823109827222,0.04461293167118953,1000,0,bootstrap_supported_positive
mugla_2021_to_manavgat_2021,baseline,1e-06,lambda_1e_m6,roc_auc,0.6010517414752183,pass,persisted_step10_metric,0.52151982986128,0.07953191161393836,0.07953191161393836,0.5762350277719441,0.024816713703274207,0.024816713703274207,0.6013406984936216,-0.0002889570184032575,-0.0002889570184032575,candidate_vs_canonical,-0.0002889570184032,-0.0009879616684674436,0.00041446238895498074,1000,0,interval_includes_zero
mugla_2021_to_manavgat_2021,baseline,1e-06,lambda_1e_m6,pr_auc,0.04788183280594188,pass,persisted_step10_metric,0.0378368644741754,0.010044968331766484,0.010044968331766484,0.048126967745402,-0.0002451349394601149,-0.0002451349394601149,0.0479358307773327,-5.399797139081508e-05,-5.399797139081508e-05,candidate_vs_raw,0.0100449683317664,0.005264285426670359,0.015278251457282165,1000,0,bootstrap_supported_positive
mugla_2021_to_manavgat_2021,baseline,1e-06,lambda_1e_m6,pr_auc,0.04788183280594188,pass,persisted_step10_metric,0.0378368644741754,0.010044968331766484,0.010044968331766484,0.048126967745402,-0.0002451349394601149,-0.0002451349394601149,0.0479358307773327,-5.399797139081508e-05,-5.399797139081508e-05,candidate_vs_zscore,-0.0002451349394601,-0.003817683178403866,0.00370955228670654,1000,0,interval_includes_zero
mugla_2021_to_manavgat_2021,baseline,1e-06,lambda_1e_m6,pr_auc,0.04788183280594188,pass,persisted_step10_metric,0.0378368644741754,0.010044968331766484,0.010044968331766484,0.048126967745402,-0.0002451349394601149,-0.0002451349394601149,0.0479358307773327,-5.399797139081508e-05,-5.399797139081508e-05,candidate_vs_canonical,-5.399797139081508e-05,-0.00016487186552094617,6.0386910530929565e-05,1000,0,interval_includes_zero
mugla_2021_to_manavgat_2021,baseline,1e-06,lambda_1e_m6,brier_score,0.10710567050776632,pass,recomputed_from_persisted_probabilities,0.19626287946345441,-0.0891572089556881,0.0891572089556881,0.10210790617594764,0.0049977643318186715,-0.0049977643318186715,0.10719036375672465,-8.469324895833685e-05,8.469324895833685e-05,candidate_vs_raw,0.0891572089556881,0.08448375902331366,0.09403835153371139,1000,0,bootstrap_supported_positive
mugla_2021_to_manavgat_2021,baseline,1e-06,lambda_1e_m6,brier_score,0.10710567050776632,pass,recomputed_from_persisted_probabilities,0.19626287946345441,-0.0891572089556881,0.0891572089556881,0.10210790617594764,0.0049977643318186715,-0.0049977643318186715,0.10719036375672465,-8.469324895833685e-05,8.469324895833685e-05,candidate_vs_zscore,-0.0049977643318186,-0.006918114469416246,-0.0030912908138118985,1000,0,bootstrap_supported_negative
mugla_2021_to_manavgat_2021,baseline,1e-06,lambda_1e_m6,brier_score,0.10710567050776632,pass,recomputed_from_persisted_probabilities,0.19626287946345441,-0.0891572089556881,0.0891572089556881,0.10210790617594764,0.0049977643318186715,-0.0049977643318186715,0.10719036375672465,-8.469324895833685e-05,8.469324895833685e-05,candidate_vs_canonical,8.469324895833685e-05,2.8796256531596343e-05,0.00014469975684202886,1000,0,bootstrap_supported_positive
mugla_2021_to_manavgat_2021,baseline,1e-05,lambda_1e_m5,roc_auc,0.6013406984936216,pass,persisted_step10_metric,0.52151982986128,0.07982086863234161,0.07982086863234161,0.5762350277719441,0.025105670721677464,0.025105670721677464,0.6013406984936216,0.0,0.0,candidate_vs_raw,0.0798208686323416,0.049277380960255496,0.10924423061376114,1000,0,bootstrap_supported_positive
mugla_2021_to_manavgat_2021,baseline,1e-05,lambda_1e_m5,roc_auc,0.6013406984936216,pass,persisted_step10_metric,0.52151982986128,0.07982086863234161,0.07982086863234161,0.5762350277719441,0.025105670721677464,0.025105670721677464,0.6013406984936216,0.0,0.0,candidate_vs_zscore,0.0251056707216774,0.005749324278723525,0.04488466776426496,1000,0,bootstrap_supported_positive
mugla_2021_to_manavgat_2021,baseline,1e-05,lambda_1e_m5,roc_auc,0.6013406984936216,pass,persisted_step10_metric,0.52151982986128,0.07982086863234161,0.07982086863234161,0.5762350277719441,0.025105670721677464,0.025105670721677464,0.6013406984936216,0.0,0.0,candidate_vs_canonical,0.0,0.0,0.0,1000,0,interval_includes_zero
mugla_2021_to_manavgat_2021,baseline,1e-05,lambda_1e_m5,pr_auc,0.047935830777332794,pass,persisted_step10_metric,0.0378368644741754,0.010098966303157396,0.010098966303157396,0.048126967745402,-0.00019113696806920266,-0.00019113696806920266,0.0479358307773327,9.71445146547012e-17,9.71445146547012e-17,candidate_vs_raw,0.0100989663031573,0.005334836593406271,0.015387074089464128,1000,0,bootstrap_supported_positive
mugla_2021_to_manavgat_2021,baseline,1e-05,lambda_1e_m5,pr_auc,0.047935830777332794,pass,persisted_step10_metric,0.0378368644741754,0.010098966303157396,0.010098966303157396,0.048126967745402,-0.00019113696806920266,-0.00019113696806920266,0.0479358307773327,9.71445146547012e-17,9.71445146547012e-17,candidate_vs_zscore,-0.0001911369680692,-0.003757031221504454,0.003809346977506063,1000,0,interval_includes_zero
mugla_2021_to_manavgat_2021,baseline,1e-05,lambda_1e_m5,pr_auc,0.047935830777332794,pass,persisted_step10_metric,0.0378368644741754,0.010098966303157396,0.010098966303157396,0.048126967745402,-0.00019113696806920266,-0.00019113696806920266,0.0479358307773327,9.71445146547012e-17,9.71445146547012e-17,candidate_vs_canonical,9.714451465470121e-17,0.0,0.0,1000,0,interval_includes_zero
mugla_2021_to_manavgat_2021,baseline,1e-05,lambda_1e_m5,brier_score,0.10719036375672465,pass,recomputed_from_persisted_probabilities,0.19626287946345441,-0.08907251570672976,0.08907251570672976,0.10210790617594764,0.005082457580777008,-0.005082457580777008,0.10719036375672465,0.0,0.0,candidate_vs_raw,0.0890725157067297,0.08437677745486963,0.09397618890710373,1000,0,bootstrap_supported_positive
mugla_2021_to_manavgat_2021,baseline,1e-05,lambda_1e_m5,brier_score,0.10719036375672465,pass,recomputed_from_persisted_probabilities,0.19626287946345441,-0.08907251570672976,0.08907251570672976,0.10210790617594764,0.005082457580777008,-0.005082457580777008,0.10719036375672465,0.0,0.0,candidate_vs_zscore,-0.005082457580777,-0.006989734110085846,-0.003171635455020547,1000,0,bootstrap_supported_negative
mugla_2021_to_manavgat_2021,baseline,1e-05,lambda_1e_m5,brier_score,0.10719036375672465,pass,recomputed_from_persisted_probabilities,0.19626287946345441,-0.08907251570672976,0.08907251570672976,0.10210790617594764,0.005082457580777008,-0.005082457580777008,0.10719036375672465,0.0,0.0,candidate_vs_canonical,0.0,-2.7755575615628914e-17,2.7755575615628914e-17,1000,0,interval_includes_zero
mugla_2021_to_manavgat_2021,baseline,0.0001,lambda_1e_m4,roc_auc,0.6042524464036134,pass,persisted_step10_metric,0.52151982986128,0.08273261654233344,0.08273261654233344,0.5762350277719441,0.02801741863166929,0.02801741863166929,0.6013406984936216,0.002911747909991824,0.002911747909991824,candidate_vs_raw,0.0827326165423334,0.05242515036925121,0.11190800707395485,1000,0,bootstrap_supported_positive
mugla_2021_to_manavgat_2021,baseline,0.0001,lambda_1e_m4,roc_auc,0.6042524464036134,pass,persisted_step10_metric,0.52151982986128,0.08273261654233344,0.08273261654233344,0.5762350277719441,0.02801741863166929,0.02801741863166929,0.6013406984936216,0.002911747909991824,0.002911747909991824,candidate_vs_zscore,0.0280174186316692,0.009063293815091831,0.04751207389263847,1000,0,bootstrap_supported_positive
mugla_2021_to_manavgat_2021,baseline,0.0001,lambda_1e_m4,roc_auc,0.6042524464036134,pass,persisted_step10_metric,0.52151982986128,0.08273261654233344,0.08273261654233344,0.5762350277719441,0.02801741863166929,0.02801741863166929,0.6013406984936216,0.002911747909991824,0.002911747909991824,candidate_vs_canonical,0.0029117479099918,0.0012415328695788708,0.004718567147877089,1000,0,bootstrap_supported_positive
mugla_2021_to_manavgat_2021,baseline,0.0001,lambda_1e_m4,pr_auc,0.04854776935739799,pass,persisted_step10_metric,0.0378368644741754,0.010710904883222593,0.010710904883222593,0.048126967745402,0.000420801611995994,0.000420801611995994,0.0479358307773327,0.0006119385800652938,0.0006119385800652938,candidate_vs_raw,0.0107109048832225,0.0058474309206557416,0.016230220561972458,1000,0,bootstrap_supported_positive
mugla_2021_to_manavgat_2021,baseline,0.0001,lambda_1e_m4,pr_auc,0.04854776935739799,pass,persisted_step10_metric,0.0378368644741754,0.010710904883222593,0.010710904883222593,0.048126967745402,0.000420801611995994,0.000420801611995994,0.0479358307773327,0.0006119385800652938,0.0006119385800652938,candidate_vs_zscore,0.0004208016119959,-0.003049813679716721,0.004301224282587527,1000,0,interval_includes_zero
mugla_2021_to_manavgat_2021,baseline,0.0001,lambda_1e_m4,pr_auc,0.04854776935739799,pass,persisted_step10_metric,0.0378368644741754,0.010710904883222593,0.010710904883222593,0.048126967745402,0.000420801611995994,0.000420801611995994,0.0479358307773327,0.0006119385800652938,0.0006119385800652938,candidate_vs_canonical,0.0006119385800652,0.0002042710272811027,0.001404695621779012,1000,0,bootstrap_supported_positive
mugla_2021_to_manavgat_2021,baseline,0.0001,lambda_1e_m4,brier_score,0.10814505667191192,pass,recomputed_from_persisted_probabilities,0.19626287946345441,-0.0881178227915425,0.0881178227915425,0.10210790617594764,0.006037150495964275,-0.006037150495964275,0.10719036375672465,0.0009546929151872663,-0.0009546929151872663,candidate_vs_raw,0.0881178227915425,0.08343128564269772,0.09307511179550133,1000,0,bootstrap_supported_positive
mugla_2021_to_manavgat_2021,baseline,0.0001,lambda_1e_m4,brier_score,0.10814505667191192,pass,recomputed_from_persisted_probabilities,0.19626287946345441,-0.0881178227915425,0.0881178227915425,0.10210790617594764,0.006037150495964275,-0.006037150495964275,0.10719036375672465,0.0009546929151872663,-0.0009546929151872663,candidate_vs_zscore,-0.0060371504959642,-0.007936130255703075,-0.004107567394539448,1000,0,bootstrap_supported_negative
mugla_2021_to_manavgat_2021,baseline,0.0001,lambda_1e_m4,brier_score,0.10814505667191192,pass,recomputed_from_persisted_probabilities,0.19626287946345441,-0.0881178227915425,0.0881178227915425,0.10210790617594764,0.006037150495964275,-0.006037150495964275,0.10719036375672465,0.0009546929151872663,-0.0009546929151872663,candidate_vs_canonical,-0.0009546929151872,-0.0011207400216974854,-0.000784353059866253,1000,0,bootstrap_supported_negative
mugla_2021_to_manavgat_2021,baseline,0.001,lambda_1e_m3,roc_auc,0.599770638346077,pass,persisted_step10_metric,0.52151982986128,0.07825080848479704,0.07825080848479704,0.5762350277719441,0.023535610574132892,0.023535610574132892,0.6013406984936216,-0.001570060147544572,-0.001570060147544572,candidate_vs_raw,0.078250808484797,0.04875114518959905,0.10801432282623522,1000,0,bootstrap_supported_positive
mugla_2021_to_manavgat_2021,baseline,0.001,lambda_1e_m3,roc_auc,0.599770638346077,pass,persisted_step10_metric,0.52151982986128,0.07825080848479704,0.07825080848479704,0.5762350277719441,0.023535610574132892,0.023535610574132892,0.6013406984936216,-0.001570060147544572,-0.001570060147544572,candidate_vs_zscore,0.0235356105741328,0.004346080771478508,0.042855185332337356,1000,0,bootstrap_supported_positive
mugla_2021_to_manavgat_2021,baseline,0.001,lambda_1e_m3,roc_auc,0.599770638346077,pass,persisted_step10_metric,0.52151982986128,0.07825080848479704,0.07825080848479704,0.5762350277719441,0.023535610574132892,0.023535610574132892,0.6013406984936216,-0.001570060147544572,-0.001570060147544572,candidate_vs_canonical,-0.0015700601475445,-0.004729567305289825,0.001494295719557966,1000,0,interval_includes_zero
mugla_2021_to_manavgat_2021,baseline,0.001,lambda_1e_m3,pr_auc,0.047760444184545,pass,persisted_step10_metric,0.0378368644741754,0.009923579710369605,0.009923579710369605,0.048126967745402,-0.00036652356085699334,-0.00036652356085699334,0.0479358307773327,-0.00017538659278769353,-0.00017538659278769353,candidate_vs_raw,0.0099235797103696,0.005154749013230872,0.015359980761030243,1000,0,bootstrap_supported_positive
mugla_2021_to_manavgat_2021,baseline,0.001,lambda_1e_m3,pr_auc,0.047760444184545,pass,persisted_step10_metric,0.0378368644741754,0.009923579710369605,0.009923579710369605,0.048126967745402,-0.00036652356085699334,-0.00036652356085699334,0.0479358307773327,-0.00017538659278769353,-0.00017538659278769353,candidate_vs_zscore,-0.0003665235608569,-0.003843611879443316,0.0035165891396111925,1000,0,interval_includes_zero
mugla_2021_to_manavgat_2021,baseline,0.001,lambda_1e_m3,pr_auc,0.047760444184545,pass,persisted_step10_metric,0.0378368644741754,0.009923579710369605,0.009923579710369605,0.048126967745402,-0.00036652356085699334,-0.00036652356085699334,0.0479358307773327,-0.00017538659278769353,-0.00017538659278769353,candidate_vs_canonical,-0.0001753865927876,-0.0006963175910054209,0.0005641611236385612,1000,0,interval_includes_zero
mugla_2021_to_manavgat_2021,baseline,0.001,lambda_1e_m3,brier_score,0.10628066750441918,pass,recomputed_from_persisted_probabilities,0.19626287946345441,-0.08998221195903523,0.08998221195903523,0.10210790617594764,0.004172761328471539,-0.004172761328471539,0.10719036375672465,-0.0009096962523054697,0.0009096962523054697,candidate_vs_raw,0.0899822119590352,0.08528794189874384,0.09479037917938378,1000,0,bootstrap_supported_positive
mugla_2021_to_manavgat_2021,baseline,0.001,lambda_1e_m3,brier_score,0.10628066750441918,pass,recomputed_from_persisted_probabilities,0.19626287946345441,-0.08998221195903523,0.08998221195903523,0.10210790617594764,0.004172761328471539,-0.004172761328471539,0.10719036375672465,-0.0009096962523054697,0.0009096962523054697,candidate_vs_zscore,-0.0041727613284715,-0.006028937851494899,-0.0021706680248792594,1000,0,bootstrap_supported_negative
mugla_2021_to_manavgat_2021,baseline,0.001,lambda_1e_m3,brier_score,0.10628066750441918,pass,recomputed_from_persisted_probabilities,0.19626287946345441,-0.08998221195903523,0.08998221195903523,0.10210790617594764,0.004172761328471539,-0.004172761328471539,0.10719036375672465,-0.0009096962523054697,0.0009096962523054697,candidate_vs_canonical,0.0009096962523054,0.0006427795116025356,0.0011907139206573717,1000,0,bootstrap_supported_positive
mugla_2021_to_manavgat_2021,baseline,0.01,lambda_1e_m2,roc_auc,0.6008847942786382,pass,persisted_step10_metric,0.52151982986128,0.07936496441735819,0.07936496441735819,0.5762350277719441,0.024649766506694037,0.024649766506694037,0.6013406984936216,-0.0004559042149834269,-0.0004559042149834269,candidate_vs_raw,0.0793649644173581,0.049094579052979606,0.10828111417603242,1000,0,bootstrap_supported_positive
mugla_2021_to_manavgat_2021,baseline,0.01,lambda_1e_m2,roc_auc,0.6008847942786382,pass,persisted_step10_metric,0.52151982986128,0.07936496441735819,0.07936496441735819,0.5762350277719441,0.024649766506694037,0.024649766506694037,0.6013406984936216,-0.0004559042149834269,-0.0004559042149834269,candidate_vs_zscore,0.024649766506694,0.005293109335294155,0.043925776055009545,1000,0,bootstrap_supported_positive
mugla_2021_to_manavgat_2021,baseline,0.01,lambda_1e_m2,roc_auc,0.6008847942786382,pass,persisted_step10_metric,0.52151982986128,0.07936496441735819,0.07936496441735819,0.5762350277719441,0.024649766506694037,0.024649766506694037,0.6013406984936216,-0.0004559042149834269,-0.0004559042149834269,candidate_vs_canonical,-0.0004559042149834,-0.0042055003727538235,0.0032957975123092593,1000,0,interval_includes_zero
mugla_2021_to_manavgat_2021,baseline,0.01,lambda_1e_m2,pr_auc,0.04831810009576587,pass,persisted_step10_metric,0.0378368644741754,0.010481235621590472,0.010481235621590472,0.048126967745402,0.00019113235036387344,0.00019113235036387344,0.0479358307773327,0.00038226931843317324,0.00038226931843317324,candidate_vs_raw,0.0104812356215904,0.005655146134445211,0.016132710487889664,1000,0,bootstrap_supported_positive
mugla_2021_to_manavgat_2021,baseline,0.01,lambda_1e_m2,pr_auc,0.04831810009576587,pass,persisted_step10_metric,0.0378368644741754,0.010481235621590472,0.010481235621590472,0.048126967745402,0.00019113235036387344,0.00019113235036387344,0.0479358307773327,0.00038226931843317324,0.00038226931843317324,candidate_vs_zscore,0.0001911323503638,-0.003270980291869886,0.004100586476149557,1000,0,interval_includes_zero
mugla_2021_to_manavgat_2021,baseline,0.01,lambda_1e_m2,pr_auc,0.04831810009576587,pass,persisted_step10_metric,0.0378368644741754,0.010481235621590472,0.010481235621590472,0.048126967745402,0.00019113235036387344,0.00019113235036387344,0.0479358307773327,0.00038226931843317324,0.00038226931843317324,candidate_vs_canonical,0.0003822693184331,-0.0002199668794443988,0.0012923393434037538,1000,0,interval_includes_zero
mugla_2021_to_manavgat_2021,baseline,0.01,lambda_1e_m2,brier_score,0.10594036700955665,pass,recomputed_from_persisted_probabilities,0.19626287946345441,-0.09032251245389776,0.09032251245389776,0.10210790617594764,0.003832460833609011,-0.003832460833609011,0.10719036375672465,-0.0012499967471679974,0.0012499967471679974,candidate_vs_raw,0.0903225124538977,0.08566487767545965,0.09516294062832334,1000,0,bootstrap_supported_positive
mugla_2021_to_manavgat_2021,baseline,0.01,lambda_1e_m2,brier_score,0.10594036700955665,pass,recomputed_from_persisted_probabilities,0.19626287946345441,-0.09032251245389776,0.09032251245389776,0.10210790617594764,0.003832460833609011,-0.003832460833609011,0.10719036375672465,-0.0012499967471679974,0.0012499967471679974,candidate_vs_zscore,-0.003832460833609,-0.005627071375319347,-0.0019079398933622138,1000,0,bootstrap_supported_negative
mugla_2021_to_manavgat_2021,baseline,0.01,lambda_1e_m2,brier_score,0.10594036700955665,pass,recomputed_from_persisted_probabilities,0.19626287946345441,-0.09032251245389776,0.09032251245389776,0.10210790617594764,0.003832460833609011,-0.003832460833609011,0.10719036375672465,-0.0012499967471679974,0.0012499967471679974,candidate_vs_canonical,0.0012499967471679,0.0009370367752330612,0.0015752308700035622,1000,0,bootstrap_supported_positive
mugla_2021_to_manavgat_2021,baseline,0.1,lambda_1e_m1,roc_auc,0.601109836771937,pass,persisted_step10_metric,0.52151982986128,0.07959000691065699,0.07959000691065699,0.5762350277719441,0.024874808999992837,0.024874808999992837,0.6013406984936216,-0.0002308617216846276,-0.0002308617216846276,candidate_vs_raw,0.0795900069106569,0.047969734686531686,0.10870600670585204,1000,0,bootstrap_supported_positive
mugla_2021_to_manavgat_2021,baseline,0.1,lambda_1e_m1,roc_auc,0.601109836771937,pass,persisted_step10_metric,0.52151982986128,0.07959000691065699,0.07959000691065699,0.5762350277719441,0.024874808999992837,0.024874808999992837,0.6013406984936216,-0.0002308617216846276,-0.0002308617216846276,candidate_vs_zscore,0.0248748089999928,0.007342600712472389,0.04271591163551548,1000,0,bootstrap_supported_positive
mugla_2021_to_manavgat_2021,baseline,0.1,lambda_1e_m1,roc_auc,0.601109836771937,pass,persisted_step10_metric,0.52151982986128,0.07959000691065699,0.07959000691065699,0.5762350277719441,0.024874808999992837,0.024874808999992837,0.6013406984936216,-0.0002308617216846276,-0.0002308617216846276,candidate_vs_canonical,-0.0002308617216846,-0.008934206527572989,0.009168730458213831,1000,0,interval_includes_zero
mugla_2021_to_manavgat_2021,baseline,0.1,lambda_1e_m1,pr_auc,0.047843111364847105,pass,persisted_step10_metric,0.0378368644741754,0.010006246890671706,0.010006246890671706,0.048126967745402,-0.00028385638055489215,-0.00028385638055489215,0.0479358307773327,-9.271941248559235e-05,-9.271941248559235e-05,candidate_vs_raw,0.0100062468906717,0.0051720540446664005,0.015459525508684532,1000,0,bootstrap_supported_positive
mugla_2021_to_manavgat_2021,baseline,0.1,lambda_1e_m1,pr_auc,0.047843111364847105,pass,persisted_step10_metric,0.0378368644741754,0.010006246890671706,0.010006246890671706,0.048126967745402,-0.00028385638055489215,-0.00028385638055489215,0.0479358307773327,-9.271941248559235e-05,-9.271941248559235e-05,candidate_vs_zscore,-0.0002838563805548,-0.003699906649920692,0.0035546363101991003,1000,0,interval_includes_zero
mugla_2021_to_manavgat_2021,baseline,0.1,lambda_1e_m1,pr_auc,0.047843111364847105,pass,persisted_step10_metric,0.0378368644741754,0.010006246890671706,0.010006246890671706,0.048126967745402,-0.00028385638055489215,-0.00028385638055489215,0.0479358307773327,-9.271941248559235e-05,-9.271941248559235e-05,candidate_vs_canonical,-9.271941248559236e-05,-0.0016294077471509807,0.001674391820676056,1000,0,interval_includes_zero
mugla_2021_to_manavgat_2021,baseline,0.1,lambda_1e_m1,brier_score,0.10481898465406342,pass,recomputed_from_persisted_probabilities,0.19626287946345441,-0.091443894809391,0.091443894809391,0.10210790617594764,0.002711078478115775,-0.002711078478115775,0.10719036375672465,-0.0023713791026612335,0.0023713791026612335,candidate_vs_raw,0.091443894809391,0.08674548559053775,0.09640921085178039,1000,0,bootstrap_supported_positive
mugla_2021_to_manavgat_2021,baseline,0.1,lambda_1e_m1,brier_score,0.10481898465406342,pass,recomputed_from_persisted_probabilities,0.19626287946345441,-0.091443894809391,0.091443894809391,0.10210790617594764,0.002711078478115775,-0.002711078478115775,0.10719036375672465,-0.0023713791026612335,0.0023713791026612335,candidate_vs_zscore,-0.0027110784781157,-0.004451125241928172,-0.000956459139864042,1000,0,bootstrap_supported_negative
mugla_2021_to_manavgat_2021,baseline,0.1,lambda_1e_m1,brier_score,0.10481898465406342,pass,recomputed_from_persisted_probabilities,0.19626287946345441,-0.091443894809391,0.091443894809391,0.10210790617594764,0.002711078478115775,-0.002711078478115775,0.10719036375672465,-0.0023713791026612335,0.0023713791026612335,candidate_vs_canonical,0.0023713791026612,0.0016308970957657344,0.003184906864964799,1000,0,bootstrap_supported_positive
mugla_2021_to_manavgat_2021,thermal,0.0,lambda_0,roc_auc,0.5587851015856233,pass,persisted_step10_metric,0.4009996658469744,0.15778543573864895,0.15778543573864895,0.5589374037240993,-0.00015230213847594598,-0.00015230213847594598,0.5604041725677953,-0.0016190709821719551,-0.0016190709821719551,candidate_vs_raw,0.1577854357386489,0.12209664758798135,0.1911262080758624,1000,0,bootstrap_supported_positive
mugla_2021_to_manavgat_2021,thermal,0.0,lambda_0,roc_auc,0.5587851015856233,pass,persisted_step10_metric,0.4009996658469744,0.15778543573864895,0.15778543573864895,0.5589374037240993,-0.00015230213847594598,-0.00015230213847594598,0.5604041725677953,-0.0016190709821719551,-0.0016190709821719551,candidate_vs_zscore,-0.0001523021384759,-0.015810799723655653,0.015322860025593306,1000,0,interval_includes_zero
mugla_2021_to_manavgat_2021,thermal,0.0,lambda_0,roc_auc,0.5587851015856233,pass,persisted_step10_metric,0.4009996658469744,0.15778543573864895,0.15778543573864895,0.5589374037240993,-0.00015230213847594598,-0.00015230213847594598,0.5604041725677953,-0.0016190709821719551,-0.0016190709821719551,candidate_vs_canonical,-0.0016190709821719,-0.005108402412804769,0.0017485595813825027,1000,0,interval_includes_zero
mugla_2021_to_manavgat_2021,thermal,0.0,lambda_0,pr_auc,0.04367883804293854,pass,persisted_step10_metric,0.0287387742102901,0.01494006383264844,0.01494006383264844,0.0431942859100813,0.0004845521328572383,0.0004845521328572383,0.0439412607577234,-0.0002624227147848615,-0.0002624227147848615,candidate_vs_raw,0.0149400638326484,0.01058643502692294,0.01996201150152909,1000,0,bootstrap_supported_positive
mugla_2021_to_manavgat_2021,thermal,0.0,lambda_0,pr_auc,0.04367883804293854,pass,persisted_step10_metric,0.0287387742102901,0.01494006383264844,0.01494006383264844,0.0431942859100813,0.0004845521328572383,0.0004845521328572383,0.0439412607577234,-0.0002624227147848615,-0.0002624227147848615,candidate_vs_zscore,0.0004845521328572,-0.002135869903927693,0.0027402277858654214,1000,0,interval_includes_zero
mugla_2021_to_manavgat_2021,thermal,0.0,lambda_0,pr_auc,0.04367883804293854,pass,persisted_step10_metric,0.0287387742102901,0.01494006383264844,0.01494006383264844,0.0431942859100813,0.0004845521328572383,0.0004845521328572383,0.0439412607577234,-0.0002624227147848615,-0.0002624227147848615,candidate_vs_canonical,-0.0002624227147848,-0.000711218072934219,0.0001632841894868389,1000,0,interval_includes_zero
mugla_2021_to_manavgat_2021,thermal,0.0,lambda_0,brier_score,0.06643591895117668,pass,recomputed_from_persisted_probabilities,0.17711744280608588,-0.1106815238549092,0.1106815238549092,0.06104672138973077,0.005389197561445909,-0.005389197561445909,0.06625659752245955,0.00017932142871712742,-0.00017932142871712742,candidate_vs_raw,0.1106815238549092,0.1051264176274692,0.11603800526023433,1000,0,bootstrap_supported_positive
mugla_2021_to_manavgat_2021,thermal,0.0,lambda_0,brier_score,0.06643591895117668,pass,recomputed_from_persisted_probabilities,0.17711744280608588,-0.1106815238549092,0.1106815238549092,0.06104672138973077,0.005389197561445909,-0.005389197561445909,0.06625659752245955,0.00017932142871712742,-0.00017932142871712742,candidate_vs_zscore,-0.0053891975614459,-0.00641120634737751,-0.004511970186401302,1000,0,bootstrap_supported_negative
mugla_2021_to_manavgat_2021,thermal,0.0,lambda_0,brier_score,0.06643591895117668,pass,recomputed_from_persisted_probabilities,0.17711744280608588,-0.1106815238549092,0.1106815238549092,0.06104672138973077,0.005389197561445909,-0.005389197561445909,0.06625659752245955,0.00017932142871712742,-0.00017932142871712742,candidate_vs_canonical,-0.0001793214287171,-0.0003230317542531252,-3.823186470149621e-05,1000,0,bootstrap_supported_negative
mugla_2021_to_manavgat_2021,thermal,1e-08,lambda_1e_m8,roc_auc,0.558881086524943,pass,persisted_step10_metric,0.4009996658469744,0.15788142067796856,0.15788142067796856,0.5589374037240993,-5.631719915633049e-05,-5.631719915633049e-05,0.5604041725677953,-0.0015230860428523396,-0.0015230860428523396,candidate_vs_raw,0.1578814206779685,0.12239638793382834,0.19126570069479082,1000,0,bootstrap_supported_positive
mugla_2021_to_manavgat_2021,thermal,1e-08,lambda_1e_m8,roc_auc,0.558881086524943,pass,persisted_step10_metric,0.4009996658469744,0.15788142067796856,0.15788142067796856,0.5589374037240993,-5.631719915633049e-05,-5.631719915633049e-05,0.5604041725677953,-0.0015230860428523396,-0.0015230860428523396,candidate_vs_zscore,-5.631719915633049e-05,-0.015737013423181838,0.015222304401958426,1000,0,interval_includes_zero
mugla_2021_to_manavgat_2021,thermal,1e-08,lambda_1e_m8,roc_auc,0.558881086524943,pass,persisted_step10_metric,0.4009996658469744,0.15788142067796856,0.15788142067796856,0.5589374037240993,-5.631719915633049e-05,-5.631719915633049e-05,0.5604041725677953,-0.0015230860428523396,-0.0015230860428523396,candidate_vs_canonical,-0.0015230860428523,-0.004942040788260207,0.0018461072279363133,1000,0,interval_includes_zero
mugla_2021_to_manavgat_2021,thermal,1e-08,lambda_1e_m8,pr_auc,0.04370765386865142,pass,persisted_step10_metric,0.0287387742102901,0.014968879658361321,0.014968879658361321,0.0431942859100813,0.0005133679585701198,0.0005133679585701198,0.0439412607577234,-0.00023360688907198002,-0.00023360688907198002,candidate_vs_raw,0.0149688796583613,0.010588699610244888,0.019962849822213597,1000,0,bootstrap_supported_positive
mugla_2021_to_manavgat_2021,thermal,1e-08,lambda_1e_m8,pr_auc,0.04370765386865142,pass,persisted_step10_metric,0.0287387742102901,0.014968879658361321,0.014968879658361321,0.0431942859100813,0.0005133679585701198,0.0005133679585701198,0.0439412607577234,-0.00023360688907198002,-0.00023360688907198002,candidate_vs_zscore,0.0005133679585701,-0.002107615384151493,0.002773575942658682,1000,0,interval_includes_zero
mugla_2021_to_manavgat_2021,thermal,1e-08,lambda_1e_m8,pr_auc,0.04370765386865142,pass,persisted_step10_metric,0.0287387742102901,0.014968879658361321,0.014968879658361321,0.0431942859100813,0.0005133679585701198,0.0005133679585701198,0.0439412607577234,-0.00023360688907198002,-0.00023360688907198002,candidate_vs_canonical,-0.0002336068890719,-0.0006677236504237617,0.00020603109281726117,1000,0,interval_includes_zero
mugla_2021_to_manavgat_2021,thermal,1e-08,lambda_1e_m8,brier_score,0.06641759493953468,pass,recomputed_from_persisted_probabilities,0.17711744280608588,-0.1106998478665512,0.1106998478665512,0.06104672138973077,0.005370873549803916,-0.005370873549803916,0.06625659752245955,0.00016099741707513437,-0.00016099741707513437,candidate_vs_raw,0.1106998478665512,0.10513495248121538,0.11605640788961497,1000,0,bootstrap_supported_positive
mugla_2021_to_manavgat_2021,thermal,1e-08,lambda_1e_m8,brier_score,0.06641759493953468,pass,recomputed_from_persisted_probabilities,0.17711744280608588,-0.1106998478665512,0.1106998478665512,0.06104672138973077,0.005370873549803916,-0.005370873549803916,0.06625659752245955,0.00016099741707513437,-0.00016099741707513437,candidate_vs_zscore,-0.0053708735498039,-0.006389912729829391,-0.004499716883595798,1000,0,bootstrap_supported_negative
mugla_2021_to_manavgat_2021,thermal,1e-08,lambda_1e_m8,brier_score,0.06641759493953468,pass,recomputed_from_persisted_probabilities,0.17711744280608588,-0.1106998478665512,0.1106998478665512,0.06104672138973077,0.005370873549803916,-0.005370873549803916,0.06625659752245955,0.00016099741707513437,-0.00016099741707513437,candidate_vs_canonical,-0.0001609974170751,-0.00030490852219794694,-2.1867808619305615e-05,1000,0,bootstrap_supported_negative
mugla_2021_to_manavgat_2021,thermal,1e-07,lambda_1e_m7,roc_auc,0.5592077392116679,pass,persisted_step10_metric,0.4009996658469744,0.1582080733646935,0.1582080733646935,0.5589374037240993,0.00027033548756860704,0.00027033548756860704,0.5604041725677953,-0.001196433356127402,-0.001196433356127402,candidate_vs_raw,0.1582080733646935,0.12272441762531539,0.1917059116043167,1000,0,bootstrap_supported_positive
mugla_2021_to_manavgat_2021,thermal,1e-07,lambda_1e_m7,roc_auc,0.5592077392116679,pass,persisted_step10_metric,0.4009996658469744,0.1582080733646935,0.1582080733646935,0.5589374037240993,0.00027033548756860704,0.00027033548756860704,0.5604041725677953,-0.001196433356127402,-0.001196433356127402,candidate_vs_zscore,0.0002703354875686,-0.015414259747675008,0.015515337355527098,1000,0,interval_includes_zero
mugla_2021_to_manavgat_2021,thermal,1e-07,lambda_1e_m7,roc_auc,0.5592077392116679,pass,persisted_step10_metric,0.4009996658469744,0.1582080733646935,0.1582080733646935,0.5589374037240993,0.00027033548756860704,0.00027033548756860704,0.5604041725677953,-0.001196433356127402,-0.001196433356127402,candidate_vs_canonical,-0.0011964333561274,-0.004630681389702271,0.0021877136732391996,1000,0,interval_includes_zero
mugla_2021_to_manavgat_2021,thermal,1e-07,lambda_1e_m7,pr_auc,0.04373464492334907,pass,persisted_step10_metric,0.0287387742102901,0.014995870713058967,0.014995870713058967,0.0431942859100813,0.000540359013267766,0.000540359013267766,0.0439412607577234,-0.00020661583437433378,-0.00020661583437433378,candidate_vs_raw,0.0149958707130589,0.01060846027655696,0.020016506569506945,1000,0,bootstrap_supported_positive
mugla_2021_to_manavgat_2021,thermal,1e-07,lambda_1e_m7,pr_auc,0.04373464492334907,pass,persisted_step10_metric,0.0287387742102901,0.014995870713058967,0.014995870713058967,0.0431942859100813,0.000540359013267766,0.000540359013267766,0.0439412607577234,-0.00020661583437433378,-0.00020661583437433378,candidate_vs_zscore,0.0005403590132677,-0.0020946908218613947,0.002808045932977454,1000,0,interval_includes_zero
mugla_2021_to_manavgat_2021,thermal,1e-07,lambda_1e_m7,pr_auc,0.04373464492334907,pass,persisted_step10_metric,0.0287387742102901,0.014995870713058967,0.014995870713058967,0.0431942859100813,0.000540359013267766,0.000540359013267766,0.0439412607577234,-0.00020661583437433378,-0.00020661583437433378,candidate_vs_canonical,-0.0002066158343743,-0.0006518329055654592,0.0002125670228258302,1000,0,interval_includes_zero
mugla_2021_to_manavgat_2021,thermal,1e-07,lambda_1e_m7,brier_score,0.06641765712091686,pass,recomputed_from_persisted_probabilities,0.17711744280608588,-0.11069978568516901,0.11069978568516901,0.06104672138973077,0.005370935731186098,-0.005370935731186098,0.06625659752245955,0.00016105959845731654,-0.00016105959845731654,candidate_vs_raw,0.110699785685169,0.10512959770662081,0.11606196277725046,1000,0,bootstrap_supported_positive
mugla_2021_to_manavgat_2021,thermal,1e-07,lambda_1e_m7,brier_score,0.06641765712091686,pass,recomputed_from_persisted_probabilities,0.17711744280608588,-0.11069978568516901,0.11069978568516901,0.06104672138973077,0.005370935731186098,-0.005370935731186098,0.06625659752245955,0.00016105959845731654,-0.00016105959845731654,candidate_vs_zscore,-0.005370935731186,-0.0063835012949610285,-0.00448633327772502,1000,0,bootstrap_supported_negative
mugla_2021_to_manavgat_2021,thermal,1e-07,lambda_1e_m7,brier_score,0.06641765712091686,pass,recomputed_from_persisted_probabilities,0.17711744280608588,-0.11069978568516901,0.11069978568516901,0.06104672138973077,0.005370935731186098,-0.005370935731186098,0.06625659752245955,0.00016105959845731654,-0.00016105959845731654,candidate_vs_canonical,-0.0001610595984573,-0.0003044221045121247,-2.129534632916366e-05,1000,0,bootstrap_supported_negative
mugla_2021_to_manavgat_2021,thermal,1e-06,lambda_1e_m6,roc_auc,0.5604614596383491,pass,persisted_step10_metric,0.4009996658469744,0.15946179379137476,0.15946179379137476,0.5589374037240993,0.0015240559142498666,0.0015240559142498666,0.5604041725677953,5.728707055385751e-05,5.728707055385751e-05,candidate_vs_raw,0.1594617937913747,0.123716954574658,0.19269975411600068,1000,0,bootstrap_supported_positive
mugla_2021_to_manavgat_2021,thermal,1e-06,lambda_1e_m6,roc_auc,0.5604614596383491,pass,persisted_step10_metric,0.4009996658469744,0.15946179379137476,0.15946179379137476,0.5589374037240993,0.0015240559142498666,0.0015240559142498666,0.5604041725677953,5.728707055385751e-05,5.728707055385751e-05,candidate_vs_zscore,0.0015240559142498,-0.014552923719784353,0.01666447920825776,1000,0,interval_includes_zero
mugla_2021_to_manavgat_2021,thermal,1e-06,lambda_1e_m6,roc_auc,0.5604614596383491,pass,persisted_step10_metric,0.4009996658469744,0.15946179379137476,0.15946179379137476,0.5589374037240993,0.0015240559142498666,0.0015240559142498666,0.5604041725677953,5.728707055385751e-05,5.728707055385751e-05,candidate_vs_canonical,5.728707055385751e-05,-0.003050669475380499,0.0031916407162321013,1000,0,interval_includes_zero
mugla_2021_to_manavgat_2021,thermal,1e-06,lambda_1e_m6,pr_auc,0.0439168428536517,pass,persisted_step10_metric,0.0287387742102901,0.015178068643361603,0.015178068643361603,0.0431942859100813,0.0007225569435704016,0.0007225569435704016,0.0439412607577234,-2.441790407169825e-05,-2.441790407169825e-05,candidate_vs_raw,0.0151780686433616,0.010792106234190905,0.020236748015053287,1000,0,bootstrap_supported_positive
mugla_2021_to_manavgat_2021,thermal,1e-06,lambda_1e_m6,pr_auc,0.0439168428536517,pass,persisted_step10_metric,0.0287387742102901,0.015178068643361603,0.015178068643361603,0.0431942859100813,0.0007225569435704016,0.0007225569435704016,0.0439412607577234,-2.441790407169825e-05,-2.441790407169825e-05,candidate_vs_zscore,0.0007225569435704,-0.0019187746087858508,0.0030138841569178035,1000,0,interval_includes_zero
mugla_2021_to_manavgat_2021,thermal,1e-06,lambda_1e_m6,pr_auc,0.0439168428536517,pass,persisted_step10_metric,0.0287387742102901,0.015178068643361603,0.015178068643361603,0.0431942859100813,0.0007225569435704016,0.0007225569435704016,0.0439412607577234,-2.441790407169825e-05,-2.441790407169825e-05,candidate_vs_canonical,-2.441790407169825e-05,-0.00040569493523049825,0.00036081723306345665,1000,0,interval_includes_zero
mugla_2021_to_manavgat_2021,thermal,1e-06,lambda_1e_m6,brier_score,0.06627674946549067,pass,recomputed_from_persisted_probabilities,0.17711744280608588,-0.11084069334059521,0.11084069334059521,0.06104672138973077,0.005230028075759903,-0.005230028075759903,0.06625659752245955,2.0151943031121444e-05,-2.0151943031121444e-05,candidate_vs_raw,0.1108406933405952,0.10526985081528455,0.11618286025354743,1000,0,bootstrap_supported_positive
mugla_2021_to_manavgat_2021,thermal,1e-06,lambda_1e_m6,brier_score,0.06627674946549067,pass,recomputed_from_persisted_probabilities,0.17711744280608588,-0.11084069334059521,0.11084069334059521,0.06104672138973077,0.005230028075759903,-0.005230028075759903,0.06625659752245955,2.0151943031121444e-05,-2.0151943031121444e-05,candidate_vs_zscore,-0.0052300280757599,-0.0062582549208368655,-0.004374155814505533,1000,0,bootstrap_supported_negative
mugla_2021_to_manavgat_2021,thermal,1e-06,lambda_1e_m6,brier_score,0.06627674946549067,pass,recomputed_from_persisted_probabilities,0.17711744280608588,-0.11084069334059521,0.11084069334059521,0.06104672138973077,0.005230028075759903,-0.005230028075759903,0.06625659752245955,2.0151943031121444e-05,-2.0151943031121444e-05,candidate_vs_canonical,-2.0151943031121444e-05,-0.00014770213161817287,0.00011342111062107408,1000,0,interval_includes_zero
mugla_2021_to_manavgat_2021,thermal,1e-05,lambda_1e_m5,roc_auc,0.5604041725677953,pass,persisted_step10_metric,0.4009996658469744,0.1594045067208209,0.1594045067208209,0.5589374037240993,0.0014667688436960091,0.0014667688436960091,0.5604041725677953,0.0,0.0,candidate_vs_raw,0.1594045067208209,0.12392094192978763,0.19322015230268566,1000,0,bootstrap_supported_positive
mugla_2021_to_manavgat_2021,thermal,1e-05,lambda_1e_m5,roc_auc,0.5604041725677953,pass,persisted_step10_metric,0.4009996658469744,0.1594045067208209,0.1594045067208209,0.5589374037240993,0.0014667688436960091,0.0014667688436960091,0.5604041725677953,0.0,0.0,candidate_vs_zscore,0.001466768843696,-0.014084917724283734,0.016658421961575746,1000,0,interval_includes_zero
mugla_2021_to_manavgat_2021,thermal,1e-05,lambda_1e_m5,roc_auc,0.5604041725677953,pass,persisted_step10_metric,0.4009996658469744,0.1594045067208209,0.1594045067208209,0.5589374037240993,0.0014667688436960091,0.0014667688436960091,0.5604041725677953,0.0,0.0,candidate_vs_canonical,0.0,0.0,0.0,1000,0,interval_includes_zero
mugla_2021_to_manavgat_2021,thermal,1e-05,lambda_1e_m5,pr_auc,0.04394126075772345,pass,persisted_step10_metric,0.0287387742102901,0.01520248654743335,0.01520248654743335,0.0431942859100813,0.0007469748476421484,0.0007469748476421484,0.0439412607577234,4.85722573273506e-17,4.85722573273506e-17,candidate_vs_raw,0.0152024865474333,0.010788360989691362,0.020289030687352477,1000,0,bootstrap_supported_positive
mugla_2021_to_manavgat_2021,thermal,1e-05,lambda_1e_m5,pr_auc,0.04394126075772345,pass,persisted_step10_metric,0.0287387742102901,0.01520248654743335,0.01520248654743335,0.0431942859100813,0.0007469748476421484,0.0007469748476421484,0.0439412607577234,4.85722573273506e-17,4.85722573273506e-17,candidate_vs_zscore,0.0007469748476421,-0.001886276220659916,0.0030476172448808195,1000,0,interval_includes_zero
mugla_2021_to_manavgat_2021,thermal,1e-05,lambda_1e_m5,pr_auc,0.04394126075772345,pass,persisted_step10_metric,0.0287387742102901,0.01520248654743335,0.01520248654743335,0.0431942859100813,0.0007469748476421484,0.0007469748476421484,0.0439412607577234,4.85722573273506e-17,4.85722573273506e-17,candidate_vs_canonical,4.8572257327350605e-17,0.0,0.0,1000,0,interval_includes_zero
mugla_2021_to_manavgat_2021,thermal,1e-05,lambda_1e_m5,brier_score,0.06625659752245955,pass,recomputed_from_persisted_probabilities,0.17711744280608588,-0.11086084528362633,0.11086084528362633,0.06104672138973077,0.0052098761327287815,-0.0052098761327287815,0.06625659752245955,0.0,0.0,candidate_vs_raw,0.1108608452836263,0.10523926985094359,0.1162532743026147,1000,0,bootstrap_supported_positive
mugla_2021_to_manavgat_2021,thermal,1e-05,lambda_1e_m5,brier_score,0.06625659752245955,pass,recomputed_from_persisted_probabilities,0.17711744280608588,-0.11086084528362633,0.11086084528362633,0.06104672138973077,0.0052098761327287815,-0.0052098761327287815,0.06625659752245955,0.0,0.0,candidate_vs_zscore,-0.0052098761327287,-0.006243196653962927,-0.004352499664076083,1000,0,bootstrap_supported_negative
mugla_2021_to_manavgat_2021,thermal,1e-05,lambda_1e_m5,brier_score,0.06625659752245955,pass,recomputed_from_persisted_probabilities,0.17711744280608588,-0.11086084528362633,0.11086084528362633,0.06104672138973077,0.0052098761327287815,-0.0052098761327287815,0.06625659752245955,0.0,0.0,candidate_vs_canonical,0.0,-1.3877787807814457e-17,1.3877787807814457e-17,1000,0,interval_includes_zero
mugla_2021_to_manavgat_2021,thermal,0.0001,lambda_1e_m4,roc_auc,0.5641734807675796,pass,persisted_step10_metric,0.4009996658469744,0.16317381492060518,0.16317381492060518,0.5589374037240993,0.005236077043480281,0.005236077043480281,0.5604041725677953,0.0037693081997842715,0.0037693081997842715,candidate_vs_raw,0.1631738149206051,0.1283138897516103,0.19644671044546436,1000,0,bootstrap_supported_positive
mugla_2021_to_manavgat_2021,thermal,0.0001,lambda_1e_m4,roc_auc,0.5641734807675796,pass,persisted_step10_metric,0.4009996658469744,0.16317381492060518,0.16317381492060518,0.5589374037240993,0.005236077043480281,0.005236077043480281,0.5604041725677953,0.0037693081997842715,0.0037693081997842715,candidate_vs_zscore,0.0052360770434802,-0.009433399031685354,0.021115119218740097,1000,0,interval_includes_zero
mugla_2021_to_manavgat_2021,thermal,0.0001,lambda_1e_m4,roc_auc,0.5641734807675796,pass,persisted_step10_metric,0.4009996658469744,0.16317381492060518,0.16317381492060518,0.5589374037240993,0.005236077043480281,0.005236077043480281,0.5604041725677953,0.0037693081997842715,0.0037693081997842715,candidate_vs_canonical,0.0037693081997842,-0.0012489234793479072,0.008839480677564434,1000,0,interval_includes_zero
mugla_2021_to_manavgat_2021,thermal,0.0001,lambda_1e_m4,pr_auc,0.04428569140538245,pass,persisted_step10_metric,0.0287387742102901,0.015546917195092352,0.015546917195092352,0.0431942859100813,0.001091405495301151,0.001091405495301151,0.0439412607577234,0.0003444306476590511,0.0003444306476590511,candidate_vs_raw,0.0155469171950923,0.01109734374669579,0.020551724711984475,1000,0,bootstrap_supported_positive
mugla_2021_to_manavgat_2021,thermal,0.0001,lambda_1e_m4,pr_auc,0.04428569140538245,pass,persisted_step10_metric,0.0287387742102901,0.015546917195092352,0.015546917195092352,0.0431942859100813,0.001091405495301151,0.001091405495301151,0.0439412607577234,0.0003444306476590511,0.0003444306476590511,candidate_vs_zscore,0.0010914054953011,-0.001543717487564622,0.00335497517082962,1000,0,interval_includes_zero
mugla_2021_to_manavgat_2021,thermal,0.0001,lambda_1e_m4,pr_auc,0.04428569140538245,pass,persisted_step10_metric,0.0287387742102901,0.015546917195092352,0.015546917195092352,0.0431942859100813,0.001091405495301151,0.001091405495301151,0.0439412607577234,0.0003444306476590511,0.0003444306476590511,candidate_vs_canonical,0.000344430647659,-0.0003591316004967631,0.0009917910304090179,1000,0,interval_includes_zero
mugla_2021_to_manavgat_2021,thermal,0.0001,lambda_1e_m4,brier_score,0.06649672246476564,pass,recomputed_from_persisted_probabilities,0.17711744280608588,-0.11062072034132024,0.11062072034132024,0.06104672138973077,0.00545000107503487,-0.00545000107503487,0.06625659752245955,0.0002401249423060886,-0.0002401249423060886,candidate_vs_raw,0.1106207203413202,0.10503372227566447,0.11601050446296862,1000,0,bootstrap_supported_positive
mugla_2021_to_manavgat_2021,thermal,0.0001,lambda_1e_m4,brier_score,0.06649672246476564,pass,recomputed_from_persisted_probabilities,0.17711744280608588,-0.11062072034132024,0.11062072034132024,0.06104672138973077,0.00545000107503487,-0.00545000107503487,0.06625659752245955,0.0002401249423060886,-0.0002401249423060886,candidate_vs_zscore,-0.0054500010750348,-0.006490697440635812,-0.004562201843973306,1000,0,bootstrap_supported_negative
mugla_2021_to_manavgat_2021,thermal,0.0001,lambda_1e_m4,brier_score,0.06649672246476564,pass,recomputed_from_persisted_probabilities,0.17711744280608588,-0.11062072034132024,0.11062072034132024,0.06104672138973077,0.00545000107503487,-0.00545000107503487,0.06625659752245955,0.0002401249423060886,-0.0002401249423060886,candidate_vs_canonical,-0.000240124942306,-0.0004457145838923478,-3.9893438274266115e-05,1000,0,bootstrap_supported_negative
mugla_2021_to_manavgat_2021,thermal,0.001,lambda_1e_m3,roc_auc,0.5633411371341257,pass,persisted_step10_metric,0.4009996658469744,0.16234147128715132,0.16234147128715132,0.5589374037240993,0.0044037334100264225,0.0044037334100264225,0.5604041725677953,0.0029369645663304134,0.0029369645663304134,candidate_vs_raw,0.1623414712871513,0.1283746466318057,0.19619572062859927,1000,0,bootstrap_supported_positive
mugla_2021_to_manavgat_2021,thermal,0.001,lambda_1e_m3,roc_auc,0.5633411371341257,pass,persisted_step10_metric,0.4009996658469744,0.16234147128715132,0.16234147128715132,0.5589374037240993,0.0044037334100264225,0.0044037334100264225,0.5604041725677953,0.0029369645663304134,0.0029369645663304134,candidate_vs_zscore,0.0044037334100264,-0.010397818459357649,0.019777542058312537,1000,0,interval_includes_zero
mugla_2021_to_manavgat_2021,thermal,0.001,lambda_1e_m3,roc_auc,0.5633411371341257,pass,persisted_step10_metric,0.4009996658469744,0.16234147128715132,0.16234147128715132,0.5589374037240993,0.0044037334100264225,0.0044037334100264225,0.5604041725677953,0.0029369645663304134,0.0029369645663304134,candidate_vs_canonical,0.0029369645663304,-0.002462585581494972,0.008385981927457922,1000,0,interval_includes_zero
mugla_2021_to_manavgat_2021,thermal,0.001,lambda_1e_m3,pr_auc,0.04412770502939806,pass,persisted_step10_metric,0.0287387742102901,0.015388930819107957,0.015388930819107957,0.0431942859100813,0.0009334191193167557,0.0009334191193167557,0.0439412607577234,0.00018644427167465588,0.00018644427167465588,candidate_vs_raw,0.0153889308191079,0.010914634902078703,0.02028236596823008,1000,0,bootstrap_supported_positive
mugla_2021_to_manavgat_2021,thermal,0.001,lambda_1e_m3,pr_auc,0.04412770502939806,pass,persisted_step10_metric,0.0287387742102901,0.015388930819107957,0.015388930819107957,0.0431942859100813,0.0009334191193167557,0.0009334191193167557,0.0439412607577234,0.00018644427167465588,0.00018644427167465588,candidate_vs_zscore,0.0009334191193167,-0.0016653813185066937,0.0031074992877319334,1000,0,interval_includes_zero
mugla_2021_to_manavgat_2021,thermal,0.001,lambda_1e_m3,pr_auc,0.04412770502939806,pass,persisted_step10_metric,0.0287387742102901,0.015388930819107957,0.015388930819107957,0.0431942859100813,0.0009334191193167557,0.0009334191193167557,0.0439412607577234,0.00018644427167465588,0.00018644427167465588,candidate_vs_canonical,0.0001864442716746,-0.0005231203319599649,0.0008435026772377133,1000,0,interval_includes_zero
mugla_2021_to_manavgat_2021,thermal,0.001,lambda_1e_m3,brier_score,0.06648645643604498,pass,recomputed_from_persisted_probabilities,0.17711744280608588,-0.1106309863700409,0.1106309863700409,0.06104672138973077,0.0054397350463142105,-0.0054397350463142105,0.06625659752245955,0.00022985891358542898,-0.00022985891358542898,candidate_vs_raw,0.1106309863700409,0.10512413631613235,0.11598096059260256,1000,0,bootstrap_supported_positive
mugla_2021_to_manavgat_2021,thermal,0.001,lambda_1e_m3,brier_score,0.06648645643604498,pass,recomputed_from_persisted_probabilities,0.17711744280608588,-0.1106309863700409,0.1106309863700409,0.06104672138973077,0.0054397350463142105,-0.0054397350463142105,0.06625659752245955,0.00022985891358542898,-0.00022985891358542898,candidate_vs_zscore,-0.0054397350463142,-0.0064934579302813504,-0.004537213794855664,1000,0,bootstrap_supported_negative
mugla_2021_to_manavgat_2021,thermal,0.001,lambda_1e_m3,brier_score,0.06648645643604498,pass,recomputed_from_persisted_probabilities,0.17711744280608588,-0.1106309863700409,0.1106309863700409,0.06104672138973077,0.0054397350463142105,-0.0054397350463142105,0.06625659752245955,0.00022985891358542898,-0.00022985891358542898,candidate_vs_canonical,-0.0002298589135854,-0.00045551252106037116,-1.1965456207442904e-05,1000,0,bootstrap_supported_negative
mugla_2021_to_manavgat_2021,thermal,0.01,lambda_1e_m2,roc_auc,0.5613534826918043,pass,persisted_step10_metric,0.4009996658469744,0.1603538168448299,0.1603538168448299,0.5589374037240993,0.0024160789677050154,0.0024160789677050154,0.5604041725677953,0.0009493101240090063,0.0009493101240090063,candidate_vs_raw,0.1603538168448299,0.12415368571484349,0.19399457434354167,1000,0,bootstrap_supported_positive
mugla_2021_to_manavgat_2021,thermal,0.01,lambda_1e_m2,roc_auc,0.5613534826918043,pass,persisted_step10_metric,0.4009996658469744,0.1603538168448299,0.1603538168448299,0.5589374037240993,0.0024160789677050154,0.0024160789677050154,0.5604041725677953,0.0009493101240090063,0.0009493101240090063,candidate_vs_zscore,0.002416078967705,-0.012574542005861816,0.018084883502152413,1000,0,interval_includes_zero
mugla_2021_to_manavgat_2021,thermal,0.01,lambda_1e_m2,roc_auc,0.5613534826918043,pass,persisted_step10_metric,0.4009996658469744,0.1603538168448299,0.1603538168448299,0.5589374037240993,0.0024160789677050154,0.0024160789677050154,0.5604041725677953,0.0009493101240090063,0.0009493101240090063,candidate_vs_canonical,0.000949310124009,-0.005203403085920669,0.0068501539829785175,1000,0,interval_includes_zero
mugla_2021_to_manavgat_2021,thermal,0.01,lambda_1e_m2,pr_auc,0.04426733355180742,pass,persisted_step10_metric,0.0287387742102901,0.015528559341517319,0.015528559341517319,0.0431942859100813,0.0010730476417261173,0.0010730476417261173,0.0439412607577234,0.00032607279408401746,0.00032607279408401746,candidate_vs_raw,0.0155285593415173,0.011028549201389126,0.020758397546289626,1000,0,bootstrap_supported_positive
mugla_2021_to_manavgat_2021,thermal,0.01,lambda_1e_m2,pr_auc,0.04426733355180742,pass,persisted_step10_metric,0.0287387742102901,0.015528559341517319,0.015528559341517319,0.0431942859100813,0.0010730476417261173,0.0010730476417261173,0.0439412607577234,0.00032607279408401746,0.00032607279408401746,candidate_vs_zscore,0.0010730476417261,-0.0016955507635023725,0.003379927996685018,1000,0,interval_includes_zero
mugla_2021_to_manavgat_2021,thermal,0.01,lambda_1e_m2,pr_auc,0.04426733355180742,pass,persisted_step10_metric,0.0287387742102901,0.015528559341517319,0.015528559341517319,0.0431942859100813,0.0010730476417261173,0.0010730476417261173,0.0439412607577234,0.00032607279408401746,0.00032607279408401746,candidate_vs_canonical,0.000326072794084,-0.0003877783808810009,0.0010098449825169248,1000,0,interval_includes_zero
mugla_2021_to_manavgat_2021,thermal,0.01,lambda_1e_m2,brier_score,0.06617291066659432,pass,recomputed_from_persisted_probabilities,0.17711744280608588,-0.11094453213949156,0.11094453213949156,0.06104672138973077,0.005126189276863556,-0.005126189276863556,0.06625659752245955,-8.36868558652254e-05,8.36868558652254e-05,candidate_vs_raw,0.1109445321394915,0.10547224560517365,0.11629915235067205,1000,0,bootstrap_supported_positive
mugla_2021_to_manavgat_2021,thermal,0.01,lambda_1e_m2,brier_score,0.06617291066659432,pass,recomputed_from_persisted_probabilities,0.17711744280608588,-0.11094453213949156,0.11094453213949156,0.06104672138973077,0.005126189276863556,-0.005126189276863556,0.06625659752245955,-8.36868558652254e-05,8.36868558652254e-05,candidate_vs_zscore,-0.0051261892768635,-0.006167967859752515,-0.004243096193488006,1000,0,bootstrap_supported_negative
mugla_2021_to_manavgat_2021,thermal,0.01,lambda_1e_m2,brier_score,0.06617291066659432,pass,recomputed_from_persisted_probabilities,0.17711744280608588,-0.11094453213949156,0.11094453213949156,0.06104672138973077,0.005126189276863556,-0.005126189276863556,0.06625659752245955,-8.36868558652254e-05,8.36868558652254e-05,candidate_vs_canonical,8.36868558652254e-05,-0.00013622558677248603,0.0003234317617500981,1000,0,interval_includes_zero
mugla_2021_to_manavgat_2021,thermal,0.1,lambda_1e_m1,roc_auc,0.5585543691801251,pass,persisted_step10_metric,0.4009996658469744,0.15755470333315075,0.15755470333315075,0.5589374037240993,-0.0003830345439741478,-0.0003830345439741478,0.5604041725677953,-0.001849803387670157,-0.001849803387670157,candidate_vs_raw,0.1575547033331507,0.11996545961806668,0.19226196160328535,1000,0,bootstrap_supported_positive
mugla_2021_to_manavgat_2021,thermal,0.1,lambda_1e_m1,roc_auc,0.5585543691801251,pass,persisted_step10_metric,0.4009996658469744,0.15755470333315075,0.15755470333315075,0.5589374037240993,-0.0003830345439741478,-0.0003830345439741478,0.5604041725677953,-0.001849803387670157,-0.001849803387670157,candidate_vs_zscore,-0.0003830345439741,-0.01588747807168054,0.014854171503911221,1000,0,interval_includes_zero
mugla_2021_to_manavgat_2021,thermal,0.1,lambda_1e_m1,roc_auc,0.5585543691801251,pass,persisted_step10_metric,0.4009996658469744,0.15755470333315075,0.15755470333315075,0.5589374037240993,-0.0003830345439741478,-0.0003830345439741478,0.5604041725677953,-0.001849803387670157,-0.001849803387670157,candidate_vs_canonical,-0.0018498033876701,-0.009092958777393469,0.0054931238425474085,1000,0,interval_includes_zero
mugla_2021_to_manavgat_2021,thermal,0.1,lambda_1e_m1,pr_auc,0.04418497580478886,pass,persisted_step10_metric,0.0287387742102901,0.015446201594498762,0.015446201594498762,0.0431942859100813,0.000990689894707561,0.000990689894707561,0.0439412607577234,0.00024371504706546115,0.00024371504706546115,candidate_vs_raw,0.0154462015944987,0.010729672996170754,0.020905237129321044,1000,0,bootstrap_supported_positive
mugla_2021_to_manavgat_2021,thermal,0.1,lambda_1e_m1,pr_auc,0.04418497580478886,pass,persisted_step10_metric,0.0287387742102901,0.015446201594498762,0.015446201594498762,0.0431942859100813,0.000990689894707561,0.000990689894707561,0.0439412607577234,0.00024371504706546115,0.00024371504706546115,candidate_vs_zscore,0.0009906898947075,-0.00159621471117225,0.003504733596011037,1000,0,interval_includes_zero
mugla_2021_to_manavgat_2021,thermal,0.1,lambda_1e_m1,pr_auc,0.04418497580478886,pass,persisted_step10_metric,0.0287387742102901,0.015446201594498762,0.015446201594498762,0.0431942859100813,0.000990689894707561,0.000990689894707561,0.0439412607577234,0.00024371504706546115,0.00024371504706546115,candidate_vs_canonical,0.0002437150470654,-0.000856522052519665,0.0013287008195073647,1000,0,interval_includes_zero
mugla_2021_to_manavgat_2021,thermal,0.1,lambda_1e_m1,brier_score,0.0656695270084512,pass,recomputed_from_persisted_probabilities,0.17711744280608588,-0.11144791579763468,0.11144791579763468,0.06104672138973077,0.004622805618720437,-0.004622805618720437,0.06625659752245955,-0.0005870705140083449,0.0005870705140083449,candidate_vs_raw,0.1114479157976346,0.10597233606187853,0.11679475133397689,1000,0,bootstrap_supported_positive
mugla_2021_to_manavgat_2021,thermal,0.1,lambda_1e_m1,brier_score,0.0656695270084512,pass,recomputed_from_persisted_probabilities,0.17711744280608588,-0.11144791579763468,0.11144791579763468,0.06104672138973077,0.004622805618720437,-0.004622805618720437,0.06625659752245955,-0.0005870705140083449,0.0005870705140083449,candidate_vs_zscore,-0.0046228056187204,-0.005629851024462603,-0.003764427590031525,1000,0,bootstrap_supported_negative
mugla_2021_to_manavgat_2021,thermal,0.1,lambda_1e_m1,brier_score,0.0656695270084512,pass,recomputed_from_persisted_probabilities,0.17711744280608588,-0.11144791579763468,0.11144791579763468,0.06104672138973077,0.004622805618720437,-0.004622805618720437,0.06625659752245955,-0.0005870705140083449,0.0005870705140083449,candidate_vs_canonical,0.0005870705140083,0.00019005729695044138,0.0010003944302110245,1000,0,bootstrap_supported_positive
