schema_version,analysis_id,source_experiment,target_experiment,direction,population,source_step8a_sha256,target_step8a_sha256,block_size_cells,block_nominal_scale,n_outer_folds,estimator_random_state,model_family,model_role,metric,metric_orientation,budget_blocks,n_repeats,raw_value,fewshot_value,ceiling_value,raw_oriented,fewshot_oriented,ceiling_oriented,absolute_recovery,ceiling_gap,recovery_fraction,recovery_fraction_status,denominator_near_zero,ceiling_not_above_raw,recovery_negative,recovery_above_ceiling,selection_median,selection_interval_lower,selection_interval_upper,selection_min,selection_max,n_repeats_observed,recovery_fraction_selection_median,recovery_fraction_selection_lower,recovery_fraction_selection_upper,mean_adaptation_row_count,mean_adaptation_positive_count,mean_n_blocks_tier_a,mean_n_blocks_tier_b,mean_n_blocks_tier_c
few_shot_recovery.v1,7e4ca051c3e83074391652e28a163138129c1cb6610f8826248a90cd3d19409a,bejis_2022,manavgat_2021,bejis_2022_to_manavgat_2021,burnable_tree_shrub_grass,3dec785a7d8e31db2d67ed283546bbfbca1559f56df46663488d0afc24d9e393,054a1961fc0582a33d36413263668b63074b21ae8b03d12269b6e228787f3439,10,approximately_5_km,5,42,baseline,secondary,brier_score,lower_is_better_oriented_by_negation,0,1,0.1078488179440025,0.1078488179440025,0.0751508582843908,-0.1078488179440025,-0.1078488179440025,-0.0751508582843908,0.0,0.0326979596596117,0.0,interpretable,false,false,false,false,0.1078488179440025,0.1078488179440025,0.1078488179440025,0.1078488179440025,0.1078488179440025,1,0.0,0.0,0.0,0.0,0.0,0.0,0.0,0.0
few_shot_recovery.v1,7e4ca051c3e83074391652e28a163138129c1cb6610f8826248a90cd3d19409a,bejis_2022,manavgat_2021,bejis_2022_to_manavgat_2021,burnable_tree_shrub_grass,3dec785a7d8e31db2d67ed283546bbfbca1559f56df46663488d0afc24d9e393,054a1961fc0582a33d36413263668b63074b21ae8b03d12269b6e228787f3439,10,approximately_5_km,5,42,baseline,secondary,brier_score,lower_is_better_oriented_by_negation,1,10,0.1078488179440025,0.11097476884592185,0.0751508582843908,-0.1078488179440025,-0.11097476884592185,-0.0751508582843908,-0.003125950901919347,0.0326979596596117,-0.0956007938862467,interpretable,false,false,true,false,0.11097476884592185,0.10639530695105684,0.1275267661782489,0.1058114986802261,0.128360852146118,10,-0.0956007938862467,-0.6018096676090915,0.04445265111575222,97.4,15.5,1.0,0.0,0.0
few_shot_recovery.v1,7e4ca051c3e83074391652e28a163138129c1cb6610f8826248a90cd3d19409a,bejis_2022,manavgat_2021,bejis_2022_to_manavgat_2021,burnable_tree_shrub_grass,3dec785a7d8e31db2d67ed283546bbfbca1559f56df46663488d0afc24d9e393,054a1961fc0582a33d36413263668b63074b21ae8b03d12269b6e228787f3439,10,approximately_5_km,5,42,baseline,secondary,brier_score,lower_is_better_oriented_by_negation,2,10,0.1078488179440025,0.1176502002520237,0.0751508582843908,-0.1078488179440025,-0.1176502002520237,-0.0751508582843908,-0.009801382308021203,0.0326979596596117,-0.2997551654615259,interpretable,false,false,true,false,0.1176502002520237,0.1081020101788341,0.1363747894038254,0.107905014380628,0.1388532539991762,10,-0.2997551654615259,-0.8724083018261838,-0.007743364952044266,195.5,34.3,2.0,0.0,0.0
few_shot_recovery.v1,7e4ca051c3e83074391652e28a163138129c1cb6610f8826248a90cd3d19409a,bejis_2022,manavgat_2021,bejis_2022_to_manavgat_2021,burnable_tree_shrub_grass,3dec785a7d8e31db2d67ed283546bbfbca1559f56df46663488d0afc24d9e393,054a1961fc0582a33d36413263668b63074b21ae8b03d12269b6e228787f3439,10,approximately_5_km,5,42,baseline,secondary,brier_score,lower_is_better_oriented_by_negation,4,10,0.1078488179440025,0.13239610612392333,0.0751508582843908,-0.1078488179440025,-0.13239610612392333,-0.0751508582843908,-0.02454728817992083,0.0326979596596117,-0.7507284379655491,interpretable,false,false,true,false,0.13239610612392333,0.11533086555267932,0.15500185175403233,0.1144263678837144,0.1589177584254359,10,-0.7507284379655496,-1.442078781088991,-0.22882307295517867,391.7,82.2,4.0,0.0,0.0
few_shot_recovery.v1,7e4ca051c3e83074391652e28a163138129c1cb6610f8826248a90cd3d19409a,bejis_2022,manavgat_2021,bejis_2022_to_manavgat_2021,burnable_tree_shrub_grass,3dec785a7d8e31db2d67ed283546bbfbca1559f56df46663488d0afc24d9e393,054a1961fc0582a33d36413263668b63074b21ae8b03d12269b6e228787f3439,10,approximately_5_km,5,42,baseline,secondary,brier_score,lower_is_better_oriented_by_negation,8,10,0.1078488179440025,0.14630941587079455,0.0751508582843908,-0.1078488179440025,-0.14630941587079455,-0.0751508582843908,-0.038460597926792045,0.0326979596596117,-1.176238466472216,interpretable,false,false,true,false,0.14630941587079455,0.13304140199387327,0.16081503128119995,0.1325771151665246,0.1615692655503929,10,-1.176238466472216,-1.6198629482872888,-0.7704634880013167,783.4,171.2,8.0,0.0,0.0
few_shot_recovery.v1,7e4ca051c3e83074391652e28a163138129c1cb6610f8826248a90cd3d19409a,bejis_2022,manavgat_2021,bejis_2022_to_manavgat_2021,burnable_tree_shrub_grass,3dec785a7d8e31db2d67ed283546bbfbca1559f56df46663488d0afc24d9e393,054a1961fc0582a33d36413263668b63074b21ae8b03d12269b6e228787f3439,10,approximately_5_km,5,42,baseline,secondary,brier_score,lower_is_better_oriented_by_negation,16,10,0.1078488179440025,0.1547778705235578,0.0751508582843908,-0.1078488179440025,-0.1547778705235578,-0.0751508582843908,-0.04692905257955529,0.0326979596596117,-1.4352287747642476,interpretable,false,false,true,false,0.1547778705235578,0.14760653070963906,0.16792866786981372,0.1469116015683562,0.1679609991319842,10,-1.4352287747642483,-1.8374189261729827,-1.215908062139578,1559.9,384.1,15.0,0.0,1.0
few_shot_recovery.v1,7e4ca051c3e83074391652e28a163138129c1cb6610f8826248a90cd3d19409a,bejis_2022,manavgat_2021,bejis_2022_to_manavgat_2021,burnable_tree_shrub_grass,3dec785a7d8e31db2d67ed283546bbfbca1559f56df46663488d0afc24d9e393,054a1961fc0582a33d36413263668b63074b21ae8b03d12269b6e228787f3439,10,approximately_5_km,5,42,baseline,secondary,brier_score,lower_is_better_oriented_by_negation,32,10,0.1078488179440025,0.1451425206027377,0.0751508582843908,-0.1078488179440025,-0.1451425206027377,-0.0751508582843908,-0.03729370265873519,0.0326979596596117,-1.1405513691669307,interpretable,false,false,true,false,0.1451425206027377,0.14317370388876544,0.14818426888564706,0.1430591921147927,0.148195919163335,10,-1.1405513691669307,-1.2335769987344702,-1.0803391499805415,3012.1,627.0,21.0,2.0,10.0
few_shot_recovery.v1,7e4ca051c3e83074391652e28a163138129c1cb6610f8826248a90cd3d19409a,bejis_2022,manavgat_2021,bejis_2022_to_manavgat_2021,burnable_tree_shrub_grass,3dec785a7d8e31db2d67ed283546bbfbca1559f56df46663488d0afc24d9e393,054a1961fc0582a33d36413263668b63074b21ae8b03d12269b6e228787f3439,10,approximately_5_km,5,42,baseline,secondary,pr_auc,higher_is_better,0,1,0.0331904377822515,0.0331904377822515,0.0843461463684208,0.0331904377822515,0.0331904377822515,0.0843461463684208,0.0,0.0511557085861693,0.0,interpretable,false,false,false,false,0.0331904377822515,0.0331904377822515,0.0331904377822515,0.0331904377822515,0.0331904377822515,1,0.0,0.0,0.0,0.0,0.0,0.0,0.0,0.0
few_shot_recovery.v1,7e4ca051c3e83074391652e28a163138129c1cb6610f8826248a90cd3d19409a,bejis_2022,manavgat_2021,bejis_2022_to_manavgat_2021,burnable_tree_shrub_grass,3dec785a7d8e31db2d67ed283546bbfbca1559f56df46663488d0afc24d9e393,054a1961fc0582a33d36413263668b63074b21ae8b03d12269b6e228787f3439,10,approximately_5_km,5,42,baseline,secondary,pr_auc,higher_is_better,1,10,0.0331904377822515,0.0327960891982833,0.0843461463684208,0.0331904377822515,0.0327960891982833,0.0843461463684208,-0.0003943485839682029,0.0511557085861693,-0.007708789397451936,interpretable,false,false,true,false,0.0327960891982833,0.03032566524565237,0.03527346593229734,0.0298981481458906,0.0353800344395173,10,-0.0077087893974519366,-0.05600103323314469,0.040719368524376465,97.4,15.5,1.0,0.0,0.0
few_shot_recovery.v1,7e4ca051c3e83074391652e28a163138129c1cb6610f8826248a90cd3d19409a,bejis_2022,manavgat_2021,bejis_2022_to_manavgat_2021,burnable_tree_shrub_grass,3dec785a7d8e31db2d67ed283546bbfbca1559f56df46663488d0afc24d9e393,054a1961fc0582a33d36413263668b63074b21ae8b03d12269b6e228787f3439,10,approximately_5_km,5,42,baseline,secondary,pr_auc,higher_is_better,2,10,0.0331904377822515,0.0329209558410433,0.0843461463684208,0.0331904377822515,0.0329209558410433,0.0843461463684208,-0.0002694819412082036,0.0511557085861693,-0.005267876228403218,interpretable,false,false,true,false,0.0329209558410433,0.03018343294413602,0.036431030141467535,0.0300069111680272,0.0367023604922318,10,-0.005267876228403217,-0.05878141308609443,0.06334761943053557,195.5,34.3,2.0,0.0,0.0
few_shot_recovery.v1,7e4ca051c3e83074391652e28a163138129c1cb6610f8826248a90cd3d19409a,bejis_2022,manavgat_2021,bejis_2022_to_manavgat_2021,burnable_tree_shrub_grass,3dec785a7d8e31db2d67ed283546bbfbca1559f56df46663488d0afc24d9e393,054a1961fc0582a33d36413263668b63074b21ae8b03d12269b6e228787f3439,10,approximately_5_km,5,42,baseline,secondary,pr_auc,higher_is_better,4,10,0.0331904377822515,0.0348982631387425,0.0843461463684208,0.0331904377822515,0.0348982631387425,0.0843461463684208,0.0017078253564909995,0.0511557085861693,0.033384844110100655,interpretable,false,false,false,false,0.0348982631387425,0.03253078608939433,0.03907192953676071,0.032209728272772,0.0398134209047178,10,0.033384844110100585,-0.01289497714113406,0.11497234457425459,391.7,82.2,4.0,0.0,0.0
few_shot_recovery.v1,7e4ca051c3e83074391652e28a163138129c1cb6610f8826248a90cd3d19409a,bejis_2022,manavgat_2021,bejis_2022_to_manavgat_2021,burnable_tree_shrub_grass,3dec785a7d8e31db2d67ed283546bbfbca1559f56df46663488d0afc24d9e393,054a1961fc0582a33d36413263668b63074b21ae8b03d12269b6e228787f3439,10,approximately_5_km,5,42,baseline,secondary,pr_auc,higher_is_better,8,10,0.0331904377822515,0.03801300615581965,0.0843461463684208,0.0331904377822515,0.03801300615581965,0.0843461463684208,0.004822568373568148,0.0511557085861693,0.09427234040644293,interpretable,false,false,false,false,0.03801300615581965,0.03478391794391191,0.042928223418860184,0.0343026969778787,0.0430191510269223,10,0.09427234040644294,0.031149605893470753,0.19035579617093673,783.4,171.2,8.0,0.0,0.0
few_shot_recovery.v1,7e4ca051c3e83074391652e28a163138129c1cb6610f8826248a90cd3d19409a,bejis_2022,manavgat_2021,bejis_2022_to_manavgat_2021,burnable_tree_shrub_grass,3dec785a7d8e31db2d67ed283546bbfbca1559f56df46663488d0afc24d9e393,054a1961fc0582a33d36413263668b63074b21ae8b03d12269b6e228787f3439,10,approximately_5_km,5,42,baseline,secondary,pr_auc,higher_is_better,16,10,0.0331904377822515,0.04204905592440965,0.0843461463684208,0.0331904377822515,0.04204905592440965,0.0843461463684208,0.008858618142158145,0.0511557085861693,0.17316968891626697,interpretable,false,false,false,false,0.04204905592440965,0.039494916370775686,0.044742602283609864,0.0393924698507525,0.0449570153509292,10,0.17316968891626697,0.12324095907897735,0.2258235653582885,1559.9,384.1,15.0,0.0,1.0
few_shot_recovery.v1,7e4ca051c3e83074391652e28a163138129c1cb6610f8826248a90cd3d19409a,bejis_2022,manavgat_2021,bejis_2022_to_manavgat_2021,burnable_tree_shrub_grass,3dec785a7d8e31db2d67ed283546bbfbca1559f56df46663488d0afc24d9e393,054a1961fc0582a33d36413263668b63074b21ae8b03d12269b6e228787f3439,10,approximately_5_km,5,42,baseline,secondary,pr_auc,higher_is_better,32,10,0.0331904377822515,0.046622991840328545,0.0843461463684208,0.0331904377822515,0.046622991840328545,0.0843461463684208,0.013432554058077043,0.0511557085861693,0.2625817221444711,interpretable,false,false,false,false,0.046622991840328545,0.045068419087250455,0.04848965951285576,0.0450084079105667,0.0486898364239436,10,0.2625817221444712,0.23219268451713598,0.2990716413366353,3012.1,627.0,21.0,2.0,10.0
few_shot_recovery.v1,7e4ca051c3e83074391652e28a163138129c1cb6610f8826248a90cd3d19409a,bejis_2022,manavgat_2021,bejis_2022_to_manavgat_2021,burnable_tree_shrub_grass,3dec785a7d8e31db2d67ed283546bbfbca1559f56df46663488d0afc24d9e393,054a1961fc0582a33d36413263668b63074b21ae8b03d12269b6e228787f3439,10,approximately_5_km,5,42,baseline,secondary,roc_auc,higher_is_better,0,1,0.420907601774425,0.420907601774425,0.7475502988238435,0.420907601774425,0.420907601774425,0.7475502988238435,0.0,0.3266426970494185,0.0,interpretable,false,false,false,false,0.420907601774425,0.420907601774425,0.420907601774425,0.420907601774425,0.420907601774425,1,0.0,0.0,0.0,0.0,0.0,0.0,0.0,0.0
few_shot_recovery.v1,7e4ca051c3e83074391652e28a163138129c1cb6610f8826248a90cd3d19409a,bejis_2022,manavgat_2021,bejis_2022_to_manavgat_2021,burnable_tree_shrub_grass,3dec785a7d8e31db2d67ed283546bbfbca1559f56df46663488d0afc24d9e393,054a1961fc0582a33d36413263668b63074b21ae8b03d12269b6e228787f3439,10,approximately_5_km,5,42,baseline,secondary,roc_auc,higher_is_better,1,10,0.420907601774425,0.41467671147386315,0.7475502988238435,0.420907601774425,0.41467671147386315,0.7475502988238435,-0.006230890300561842,0.3266426970494185,-0.01907555367637427,interpretable,false,false,true,false,0.41467671147386315,0.39215823251412385,0.4239036185772529,0.3918358036173358,0.4240291975258192,10,-0.01907555367637427,-0.08801473144814122,0.009172153028036764,97.4,15.5,1.0,0.0,0.0
few_shot_recovery.v1,7e4ca051c3e83074391652e28a163138129c1cb6610f8826248a90cd3d19409a,bejis_2022,manavgat_2021,bejis_2022_to_manavgat_2021,burnable_tree_shrub_grass,3dec785a7d8e31db2d67ed283546bbfbca1559f56df46663488d0afc24d9e393,054a1961fc0582a33d36413263668b63074b21ae8b03d12269b6e228787f3439,10,approximately_5_km,5,42,baseline,secondary,roc_auc,higher_is_better,2,10,0.420907601774425,0.4044785298922124,0.7475502988238435,0.420907601774425,0.4044785298922124,0.7475502988238435,-0.016429071882212598,0.3266426970494185,-0.05029676778515886,interpretable,false,false,true,false,0.4044785298922124,0.3825034052184771,0.461599144651017,0.3801150047640083,0.4689072808116504,10,-0.05029676778515886,-0.11757249405192621,0.12457508845034933,195.5,34.3,2.0,0.0,0.0
few_shot_recovery.v1,7e4ca051c3e83074391652e28a163138129c1cb6610f8826248a90cd3d19409a,bejis_2022,manavgat_2021,bejis_2022_to_manavgat_2021,burnable_tree_shrub_grass,3dec785a7d8e31db2d67ed283546bbfbca1559f56df46663488d0afc24d9e393,054a1961fc0582a33d36413263668b63074b21ae8b03d12269b6e228787f3439,10,approximately_5_km,5,42,baseline,secondary,roc_auc,higher_is_better,4,10,0.420907601774425,0.4203268751105653,0.7475502988238435,0.420907601774425,0.4203268751105653,0.7475502988238435,-0.0005807266638596653,0.3266426970494185,-0.0017778651385914985,interpretable,false,false,true,false,0.4203268751105653,0.3816163972083738,0.48513628681373194,0.381303097226116,0.4932205989305034,10,-0.0017778651385914144,-0.12028802395085142,0.19663285179643752,391.7,82.2,4.0,0.0,0.0
few_shot_recovery.v1,7e4ca051c3e83074391652e28a163138129c1cb6610f8826248a90cd3d19409a,bejis_2022,manavgat_2021,bejis_2022_to_manavgat_2021,burnable_tree_shrub_grass,3dec785a7d8e31db2d67ed283546bbfbca1559f56df46663488d0afc24d9e393,054a1961fc0582a33d36413263668b63074b21ae8b03d12269b6e228787f3439,10,approximately_5_km,5,42,baseline,secondary,roc_auc,higher_is_better,8,10,0.420907601774425,0.46225136053559657,0.7475502988238435,0.420907601774425,0.46225136053559657,0.7475502988238435,0.04134375876117158,0.3266426970494185,0.12657181420136446,interpretable,false,false,false,false,0.46225136053559657,0.4169468231797712,0.4876946580388631,0.4150276271100522,0.4895583968620651,10,0.12657181420136437,-0.012125722174203504,0.2044651751523278,783.4,171.2,8.0,0.0,0.0
few_shot_recovery.v1,7e4ca051c3e83074391652e28a163138129c1cb6610f8826248a90cd3d19409a,bejis_2022,manavgat_2021,bejis_2022_to_manavgat_2021,burnable_tree_shrub_grass,3dec785a7d8e31db2d67ed283546bbfbca1559f56df46663488d0afc24d9e393,054a1961fc0582a33d36413263668b63074b21ae8b03d12269b6e228787f3439,10,approximately_5_km,5,42,baseline,secondary,roc_auc,higher_is_better,16,10,0.420907601774425,0.5095551891740626,0.7475502988238435,0.420907601774425,0.5095551891740626,0.7475502988238435,0.08864758739963763,0.3266426970494185,0.27139007913048774,interpretable,false,false,false,false,0.5095551891740626,0.48906800078727686,0.5162577230859394,0.4877115677466809,0.517265133356024,10,0.27139007913048796,0.20866959411169614,0.2919095457293774,1559.9,384.1,15.0,0.0,1.0
few_shot_recovery.v1,7e4ca051c3e83074391652e28a163138129c1cb6610f8826248a90cd3d19409a,bejis_2022,manavgat_2021,bejis_2022_to_manavgat_2021,burnable_tree_shrub_grass,3dec785a7d8e31db2d67ed283546bbfbca1559f56df46663488d0afc24d9e393,054a1961fc0582a33d36413263668b63074b21ae8b03d12269b6e228787f3439,10,approximately_5_km,5,42,baseline,secondary,roc_auc,higher_is_better,32,10,0.420907601774425,0.5741385537588077,0.7475502988238435,0.420907601774425,0.5741385537588077,0.7475502988238435,0.15323095198438275,0.3266426970494185,0.4691087643119726,interpretable,false,false,false,false,0.5741385537588077,0.5657467964501155,0.5776906552179598,0.5648880820133599,0.5782724689460109,10,0.4691087643119727,0.4434178262181613,0.47998334222612277,3012.1,627.0,21.0,2.0,10.0
few_shot_recovery.v1,7e4ca051c3e83074391652e28a163138129c1cb6610f8826248a90cd3d19409a,bejis_2022,manavgat_2021,bejis_2022_to_manavgat_2021,burnable_tree_shrub_grass,3dec785a7d8e31db2d67ed283546bbfbca1559f56df46663488d0afc24d9e393,054a1961fc0582a33d36413263668b63074b21ae8b03d12269b6e228787f3439,10,approximately_5_km,5,42,thermal,primary,brier_score,lower_is_better_oriented_by_negation,0,1,0.0891978888322011,0.0891978888322011,0.0550903044155172,-0.0891978888322011,-0.0891978888322011,-0.0550903044155172,0.0,0.034107584416683906,0.0,interpretable,false,false,false,false,0.0891978888322011,0.0891978888322011,0.0891978888322011,0.0891978888322011,0.0891978888322011,1,0.0,0.0,0.0,0.0,0.0,0.0,0.0,0.0
few_shot_recovery.v1,7e4ca051c3e83074391652e28a163138129c1cb6610f8826248a90cd3d19409a,bejis_2022,manavgat_2021,bejis_2022_to_manavgat_2021,burnable_tree_shrub_grass,3dec785a7d8e31db2d67ed283546bbfbca1559f56df46663488d0afc24d9e393,054a1961fc0582a33d36413263668b63074b21ae8b03d12269b6e228787f3439,10,approximately_5_km,5,42,thermal,primary,brier_score,lower_is_better_oriented_by_negation,1,10,0.0891978888322011,0.0986984641605156,0.0550903044155172,-0.0891978888322011,-0.0986984641605156,-0.0550903044155172,-0.009500575328314498,0.034107584416683906,-0.27854729353589874,interpretable,false,false,true,false,0.0986984641605156,0.08436348218074215,0.12298076730408705,0.0824573761639633,0.1235763950962692,10,-0.27854729353589874,-0.9904799489512036,0.14173993069688562,97.4,15.5,1.0,0.0,0.0
few_shot_recovery.v1,7e4ca051c3e83074391652e28a163138129c1cb6610f8826248a90cd3d19409a,bejis_2022,manavgat_2021,bejis_2022_to_manavgat_2021,burnable_tree_shrub_grass,3dec785a7d8e31db2d67ed283546bbfbca1559f56df46663488d0afc24d9e393,054a1961fc0582a33d36413263668b63074b21ae8b03d12269b6e228787f3439,10,approximately_5_km,5,42,thermal,primary,brier_score,lower_is_better_oriented_by_negation,2,10,0.0891978888322011,0.11030471505370085,0.0550903044155172,-0.0891978888322011,-0.11030471505370085,-0.0550903044155172,-0.021106826221499744,0.034107584416683906,-0.6188308724429992,interpretable,false,false,true,false,0.11030471505370085,0.08512811246846015,0.16252493369868928,0.0829677313550261,0.1665745680397098,10,-0.6188308724429992,-2.1498750533215674,0.11932174128843322,195.5,34.3,2.0,0.0,0.0
few_shot_recovery.v1,7e4ca051c3e83074391652e28a163138129c1cb6610f8826248a90cd3d19409a,bejis_2022,manavgat_2021,bejis_2022_to_manavgat_2021,burnable_tree_shrub_grass,3dec785a7d8e31db2d67ed283546bbfbca1559f56df46663488d0afc24d9e393,054a1961fc0582a33d36413263668b63074b21ae8b03d12269b6e228787f3439,10,approximately_5_km,5,42,thermal,primary,brier_score,lower_is_better_oriented_by_negation,4,10,0.0891978888322011,0.13345401542938135,0.0550903044155172,-0.0891978888322011,-0.13345401542938135,-0.0550903044155172,-0.04425612659718024,0.034107584416683906,-1.2975450285928816,interpretable,false,false,true,false,0.13345401542938135,0.10590723415806344,0.1960455315757093,0.105469431381565,0.2058693096715225,10,-1.2975450285928816,-3.1326651995690176,-0.48990116455414723,391.7,82.2,4.0,0.0,0.0
few_shot_recovery.v1,7e4ca051c3e83074391652e28a163138129c1cb6610f8826248a90cd3d19409a,bejis_2022,manavgat_2021,bejis_2022_to_manavgat_2021,burnable_tree_shrub_grass,3dec785a7d8e31db2d67ed283546bbfbca1559f56df46663488d0afc24d9e393,054a1961fc0582a33d36413263668b63074b21ae8b03d12269b6e228787f3439,10,approximately_5_km,5,42,thermal,primary,brier_score,lower_is_better_oriented_by_negation,8,10,0.0891978888322011,0.15367945556732887,0.0550903044155172,-0.0891978888322011,-0.15367945556732887,-0.0550903044155172,-0.06448156673512777,0.034107584416683906,-1.8905345493651045,interpretable,false,false,true,false,0.15367945556732887,0.14147919039639728,0.18723585702671325,0.1406001960216926,0.1924869872523723,10,-1.8905345493651042,-2.8743744205630803,-1.532835070507734,783.4,171.2,8.0,0.0,0.0
few_shot_recovery.v1,7e4ca051c3e83074391652e28a163138129c1cb6610f8826248a90cd3d19409a,bejis_2022,manavgat_2021,bejis_2022_to_manavgat_2021,burnable_tree_shrub_grass,3dec785a7d8e31db2d67ed283546bbfbca1559f56df46663488d0afc24d9e393,054a1961fc0582a33d36413263668b63074b21ae8b03d12269b6e228787f3439,10,approximately_5_km,5,42,thermal,primary,brier_score,lower_is_better_oriented_by_negation,16,10,0.0891978888322011,0.17331925243100949,0.0550903044155172,-0.0891978888322011,-0.17331925243100949,-0.0550903044155172,-0.08412136359880838,0.034107584416683906,-2.4663535995724155,interpretable,false,false,true,false,0.17331925243100949,0.16220300271124113,0.1927879661378361,0.1615786057370691,0.1928100387702185,10,-2.4663535995724164,-3.0371566640457646,-2.140436361225546,1559.9,384.1,15.0,0.0,1.0
few_shot_recovery.v1,7e4ca051c3e83074391652e28a163138129c1cb6610f8826248a90cd3d19409a,bejis_2022,manavgat_2021,bejis_2022_to_manavgat_2021,burnable_tree_shrub_grass,3dec785a7d8e31db2d67ed283546bbfbca1559f56df46663488d0afc24d9e393,054a1961fc0582a33d36413263668b63074b21ae8b03d12269b6e228787f3439,10,approximately_5_km,5,42,thermal,primary,brier_score,lower_is_better_oriented_by_negation,32,10,0.0891978888322011,0.1474924483361012,0.0550903044155172,-0.0891978888322011,-0.1474924483361012,-0.0550903044155172,-0.0582945595039001,0.034107584416683906,-1.7091377328787025,interpretable,false,false,true,false,0.1474924483361012,0.14275324044330806,0.15204326261451337,0.1425905779787756,0.1522224380360528,10,-1.7091377328787027,-1.8425630210145023,-1.5701889338404766,3012.1,627.0,21.0,2.0,10.0
few_shot_recovery.v1,7e4ca051c3e83074391652e28a163138129c1cb6610f8826248a90cd3d19409a,bejis_2022,manavgat_2021,bejis_2022_to_manavgat_2021,burnable_tree_shrub_grass,3dec785a7d8e31db2d67ed283546bbfbca1559f56df46663488d0afc24d9e393,054a1961fc0582a33d36413263668b63074b21ae8b03d12269b6e228787f3439,10,approximately_5_km,5,42,thermal,primary,pr_auc,higher_is_better,0,1,0.034406342979776,0.034406342979776,0.1356418692841229,0.034406342979776,0.034406342979776,0.1356418692841229,0.0,0.10123552630434689,0.0,interpretable,false,false,false,false,0.034406342979776,0.034406342979776,0.034406342979776,0.034406342979776,0.034406342979776,1,0.0,0.0,0.0,0.0,0.0,0.0,0.0,0.0
few_shot_recovery.v1,7e4ca051c3e83074391652e28a163138129c1cb6610f8826248a90cd3d19409a,bejis_2022,manavgat_2021,bejis_2022_to_manavgat_2021,burnable_tree_shrub_grass,3dec785a7d8e31db2d67ed283546bbfbca1559f56df46663488d0afc24d9e393,054a1961fc0582a33d36413263668b63074b21ae8b03d12269b6e228787f3439,10,approximately_5_km,5,42,thermal,primary,pr_auc,higher_is_better,1,10,0.034406342979776,0.036776112278609205,0.1356418692841229,0.034406342979776,0.036776112278609205,0.1356418692841229,0.002369769298833202,0.10123552630434689,0.023408475120768428,interpretable,false,false,false,false,0.036776112278609205,0.03070264295034055,0.04263392706885837,0.0306310183527491,0.0434759200402901,10,0.023408475120768393,-0.03658498320343517,0.08127170756585571,97.4,15.5,1.0,0.0,0.0
few_shot_recovery.v1,7e4ca051c3e83074391652e28a163138129c1cb6610f8826248a90cd3d19409a,bejis_2022,manavgat_2021,bejis_2022_to_manavgat_2021,burnable_tree_shrub_grass,3dec785a7d8e31db2d67ed283546bbfbca1559f56df46663488d0afc24d9e393,054a1961fc0582a33d36413263668b63074b21ae8b03d12269b6e228787f3439,10,approximately_5_km,5,42,thermal,primary,pr_auc,higher_is_better,2,10,0.034406342979776,0.0347216010454566,0.1356418692841229,0.034406342979776,0.0347216010454566,0.1356418692841229,0.00031525806568059866,0.10123552630434689,0.003114105069526981,interpretable,false,false,false,false,0.0347216010454566,0.03056059725311774,0.05424288180252316,0.0301851997685937,0.0570183381031167,10,0.003114105069526981,-0.037988104246099344,0.1959444430911741,195.5,34.3,2.0,0.0,0.0
few_shot_recovery.v1,7e4ca051c3e83074391652e28a163138129c1cb6610f8826248a90cd3d19409a,bejis_2022,manavgat_2021,bejis_2022_to_manavgat_2021,burnable_tree_shrub_grass,3dec785a7d8e31db2d67ed283546bbfbca1559f56df46663488d0afc24d9e393,054a1961fc0582a33d36413263668b63074b21ae8b03d12269b6e228787f3439,10,approximately_5_km,5,42,thermal,primary,pr_auc,higher_is_better,4,10,0.034406342979776,0.0421836644040587,0.1356418692841229,0.034406342979776,0.0421836644040587,0.1356418692841229,0.007777321424282696,0.10123552630434689,0.07682403310574532,interpretable,false,false,false,false,0.0421836644040587,0.03652559914672583,0.05506956822587328,0.0363678554899842,0.0555495535061174,10,0.07682403310574534,0.02093391761088547,0.2041104145986944,391.7,82.2,4.0,0.0,0.0
few_shot_recovery.v1,7e4ca051c3e83074391652e28a163138129c1cb6610f8826248a90cd3d19409a,bejis_2022,manavgat_2021,bejis_2022_to_manavgat_2021,burnable_tree_shrub_grass,3dec785a7d8e31db2d67ed283546bbfbca1559f56df46663488d0afc24d9e393,054a1961fc0582a33d36413263668b63074b21ae8b03d12269b6e228787f3439,10,approximately_5_km,5,42,thermal,primary,pr_auc,higher_is_better,8,10,0.034406342979776,0.05000280613717685,0.1356418692841229,0.034406342979776,0.05000280613717685,0.1356418692841229,0.015596463157400847,0.10123552630434689,0.15406116535130968,interpretable,false,false,false,false,0.05000280613717685,0.04272983103270202,0.06699239413761218,0.0425242880553476,0.0695767209087738,10,0.15406116535130968,0.08221904263037962,0.3218835555798063,783.4,171.2,8.0,0.0,0.0
few_shot_recovery.v1,7e4ca051c3e83074391652e28a163138129c1cb6610f8826248a90cd3d19409a,bejis_2022,manavgat_2021,bejis_2022_to_manavgat_2021,burnable_tree_shrub_grass,3dec785a7d8e31db2d67ed283546bbfbca1559f56df46663488d0afc24d9e393,054a1961fc0582a33d36413263668b63074b21ae8b03d12269b6e228787f3439,10,approximately_5_km,5,42,thermal,primary,pr_auc,higher_is_better,16,10,0.034406342979776,0.064095380014174,0.1356418692841229,0.034406342979776,0.064095380014174,0.1356418692841229,0.029689037034398,0.10123552630434689,0.2932669796682156,interpretable,false,false,false,false,0.064095380014174,0.06012828253684861,0.07006984975429477,0.0599614729592725,0.0705292189519174,10,0.29326697966821547,0.2540801682577725,0.35228252448950254,1559.9,384.1,15.0,0.0,1.0
few_shot_recovery.v1,7e4ca051c3e83074391652e28a163138129c1cb6610f8826248a90cd3d19409a,bejis_2022,manavgat_2021,bejis_2022_to_manavgat_2021,burnable_tree_shrub_grass,3dec785a7d8e31db2d67ed283546bbfbca1559f56df46663488d0afc24d9e393,054a1961fc0582a33d36413263668b63074b21ae8b03d12269b6e228787f3439,10,approximately_5_km,5,42,thermal,primary,pr_auc,higher_is_better,32,10,0.034406342979776,0.08891421228240204,0.1356418692841229,0.034406342979776,0.08891421228240204,0.1356418692841229,0.054507869302626036,0.10123552630434689,0.5384262945278485,interpretable,false,false,false,false,0.08891421228240204,0.08434392684924036,0.09201504762060296,0.0838121350612329,0.0921552271939377,10,0.5384262945278486,0.4932812194736436,0.5690562072807966,3012.1,627.0,21.0,2.0,10.0
few_shot_recovery.v1,7e4ca051c3e83074391652e28a163138129c1cb6610f8826248a90cd3d19409a,bejis_2022,manavgat_2021,bejis_2022_to_manavgat_2021,burnable_tree_shrub_grass,3dec785a7d8e31db2d67ed283546bbfbca1559f56df46663488d0afc24d9e393,054a1961fc0582a33d36413263668b63074b21ae8b03d12269b6e228787f3439,10,approximately_5_km,5,42,thermal,primary,roc_auc,higher_is_better,0,1,0.4435284296463047,0.4435284296463047,0.797429847262066,0.4435284296463047,0.4435284296463047,0.797429847262066,0.0,0.3539014176157613,0.0,interpretable,false,false,false,false,0.4435284296463047,0.4435284296463047,0.4435284296463047,0.4435284296463047,0.4435284296463047,1,0.0,0.0,0.0,0.0,0.0,0.0,0.0,0.0
few_shot_recovery.v1,7e4ca051c3e83074391652e28a163138129c1cb6610f8826248a90cd3d19409a,bejis_2022,manavgat_2021,bejis_2022_to_manavgat_2021,burnable_tree_shrub_grass,3dec785a7d8e31db2d67ed283546bbfbca1559f56df46663488d0afc24d9e393,054a1961fc0582a33d36413263668b63074b21ae8b03d12269b6e228787f3439,10,approximately_5_km,5,42,thermal,primary,roc_auc,higher_is_better,1,10,0.4435284296463047,0.4541475030854841,0.797429847262066,0.4435284296463047,0.4541475030854841,0.797429847262066,0.01061907343917945,0.3539014176157613,0.0300057386339967,interpretable,false,false,false,false,0.4541475030854841,0.39197780087221185,0.48368958218457453,0.3891821708153024,0.4854036940979058,10,0.030005738633996776,-0.1456638097733265,0.11348118583089066,97.4,15.5,1.0,0.0,0.0
few_shot_recovery.v1,7e4ca051c3e83074391652e28a163138129c1cb6610f8826248a90cd3d19409a,bejis_2022,manavgat_2021,bejis_2022_to_manavgat_2021,burnable_tree_shrub_grass,3dec785a7d8e31db2d67ed283546bbfbca1559f56df46663488d0afc24d9e393,054a1961fc0582a33d36413263668b63074b21ae8b03d12269b6e228787f3439,10,approximately_5_km,5,42,thermal,primary,roc_auc,higher_is_better,2,10,0.4435284296463047,0.43500169210229833,0.797429847262066,0.4435284296463047,0.43500169210229833,0.797429847262066,-0.008526737544006346,0.3539014176157613,-0.02409353882064416,interpretable,false,false,true,false,0.43500169210229833,0.38954788507256705,0.546268974240733,0.3857874269492863,0.5547282265164393,10,-0.02409353882064408,-0.15252989077411808,0.29030837255920805,195.5,34.3,2.0,0.0,0.0
few_shot_recovery.v1,7e4ca051c3e83074391652e28a163138129c1cb6610f8826248a90cd3d19409a,bejis_2022,manavgat_2021,bejis_2022_to_manavgat_2021,burnable_tree_shrub_grass,3dec785a7d8e31db2d67ed283546bbfbca1559f56df46663488d0afc24d9e393,054a1961fc0582a33d36413263668b63074b21ae8b03d12269b6e228787f3439,10,approximately_5_km,5,42,thermal,primary,roc_auc,higher_is_better,4,10,0.4435284296463047,0.5038420808836537,0.797429847262066,0.4435284296463047,0.5038420808836537,0.797429847262066,0.060313651237349,0.3539014176157613,0.1704250060473984,interpretable,false,false,false,false,0.5038420808836537,0.42794621794769,0.608377382198127,0.4227021548214764,0.6161942789484629,10,0.1704250060473984,-0.044029808650081825,0.46580472511924903,391.7,82.2,4.0,0.0,0.0
few_shot_recovery.v1,7e4ca051c3e83074391652e28a163138129c1cb6610f8826248a90cd3d19409a,bejis_2022,manavgat_2021,bejis_2022_to_manavgat_2021,burnable_tree_shrub_grass,3dec785a7d8e31db2d67ed283546bbfbca1559f56df46663488d0afc24d9e393,054a1961fc0582a33d36413263668b63074b21ae8b03d12269b6e228787f3439,10,approximately_5_km,5,42,thermal,primary,roc_auc,higher_is_better,8,10,0.4435284296463047,0.575175022992418,0.797429847262066,0.4435284296463047,0.575175022992418,0.797429847262066,0.13164659334611328,0.3539014176157613,0.3719866233738711,interpretable,false,false,false,false,0.575175022992418,0.4973798908028259,0.6612503142383329,0.496850762913773,0.6717925447666775,10,0.37198662337387123,0.1521651467782166,0.61520489535991,783.4,171.2,8.0,0.0,0.0
few_shot_recovery.v1,7e4ca051c3e83074391652e28a163138129c1cb6610f8826248a90cd3d19409a,bejis_2022,manavgat_2021,bejis_2022_to_manavgat_2021,burnable_tree_shrub_grass,3dec785a7d8e31db2d67ed283546bbfbca1559f56df46663488d0afc24d9e393,054a1961fc0582a33d36413263668b63074b21ae8b03d12269b6e228787f3439,10,approximately_5_km,5,42,thermal,primary,roc_auc,higher_is_better,16,10,0.4435284296463047,0.6367509295247475,0.797429847262066,0.4435284296463047,0.6367509295247475,0.797429847262066,0.19322249987844287,0.3539014176157613,0.545978315600388,interpretable,false,false,false,false,0.6367509295247475,0.6191871873134613,0.677340275435718,0.6177050152955185,0.6817883626812108,10,0.5459783156003879,0.4963494038836355,0.660669424170739,1559.9,384.1,15.0,0.0,1.0
few_shot_recovery.v1,7e4ca051c3e83074391652e28a163138129c1cb6610f8826248a90cd3d19409a,bejis_2022,manavgat_2021,bejis_2022_to_manavgat_2021,burnable_tree_shrub_grass,3dec785a7d8e31db2d67ed283546bbfbca1559f56df46663488d0afc24d9e393,054a1961fc0582a33d36413263668b63074b21ae8b03d12269b6e228787f3439,10,approximately_5_km,5,42,thermal,primary,roc_auc,higher_is_better,32,10,0.4435284296463047,0.7426453358755172,0.797429847262066,0.4435284296463047,0.7426453358755172,0.797429847262066,0.2991169062292125,0.3539014176157613,0.8451983839012773,interpretable,false,false,false,false,0.7426453358755172,0.7326004376189063,0.7480582673519045,0.7314724820328091,0.7481321570043336,10,0.8451983839012771,0.8168150608722725,0.8604934101626985,3012.1,627.0,21.0,2.0,10.0
few_shot_recovery.v1,7e4ca051c3e83074391652e28a163138129c1cb6610f8826248a90cd3d19409a,bejis_2022,mugla_2021,bejis_2022_to_mugla_2021,burnable_tree_shrub_grass,3dec785a7d8e31db2d67ed283546bbfbca1559f56df46663488d0afc24d9e393,c4ab107db2207f9f20775ccc0b3bf39381173fd07d4e82f6821ce7f40be7db8e,10,approximately_5_km,5,42,baseline,secondary,brier_score,lower_is_better_oriented_by_negation,0,1,0.0898777465781487,0.0898777465781487,0.1127183407826073,-0.0898777465781487,-0.0898777465781487,-0.1127183407826073,0.0,-0.022840594204458595,-0.0,ceiling_not_above_raw,false,true,false,false,0.0898777465781487,0.0898777465781487,0.0898777465781487,0.0898777465781487,0.0898777465781487,1,0.0,-0.0,-0.0,0.0,0.0,0.0,0.0,0.0
few_shot_recovery.v1,7e4ca051c3e83074391652e28a163138129c1cb6610f8826248a90cd3d19409a,bejis_2022,mugla_2021,bejis_2022_to_mugla_2021,burnable_tree_shrub_grass,3dec785a7d8e31db2d67ed283546bbfbca1559f56df46663488d0afc24d9e393,c4ab107db2207f9f20775ccc0b3bf39381173fd07d4e82f6821ce7f40be7db8e,10,approximately_5_km,5,42,baseline,secondary,brier_score,lower_is_better_oriented_by_negation,1,10,0.0898777465781487,0.1267001969484707,0.1127183407826073,-0.0898777465781487,-0.1267001969484707,-0.1127183407826073,-0.036822450370322,-0.022840594204458595,1.6121494056023324,ceiling_not_above_raw,false,true,true,true,0.1267001969484707,0.09215107171714937,0.15317121870524428,0.0918978471051502,0.1564533047628949,10,1.6121494056023324,0.09953003493039156,2.7710956886901124,80.0,42.5,1.0,0.0,0.0
few_shot_recovery.v1,7e4ca051c3e83074391652e28a163138129c1cb6610f8826248a90cd3d19409a,bejis_2022,mugla_2021,bejis_2022_to_mugla_2021,burnable_tree_shrub_grass,3dec785a7d8e31db2d67ed283546bbfbca1559f56df46663488d0afc24d9e393,c4ab107db2207f9f20775ccc0b3bf39381173fd07d4e82f6821ce7f40be7db8e,10,approximately_5_km,5,42,baseline,secondary,brier_score,lower_is_better_oriented_by_negation,2,10,0.0898777465781487,0.13378558335569568,0.1127183407826073,-0.0898777465781487,-0.13378558335569568,-0.1127183407826073,-0.04390783677754698,-0.022840594204458595,1.9223596542412174,ceiling_not_above_raw,false,true,true,true,0.13378558335569568,0.10146551262366957,0.16303845523168825,0.0990050206889386,0.1680674549269218,10,1.9223596542412178,0.5073320747171661,3.203100059422194,166.2,75.7,2.0,0.0,0.0
few_shot_recovery.v1,7e4ca051c3e83074391652e28a163138129c1cb6610f8826248a90cd3d19409a,bejis_2022,mugla_2021,bejis_2022_to_mugla_2021,burnable_tree_shrub_grass,3dec785a7d8e31db2d67ed283546bbfbca1559f56df46663488d0afc24d9e393,c4ab107db2207f9f20775ccc0b3bf39381173fd07d4e82f6821ce7f40be7db8e,10,approximately_5_km,5,42,baseline,secondary,brier_score,lower_is_better_oriented_by_negation,4,10,0.0898777465781487,0.15348507019613006,0.1127183407826073,-0.0898777465781487,-0.15348507019613006,-0.1127183407826073,-0.06360732361798135,-0.022840594204458595,2.784836639913899,ceiling_not_above_raw,false,true,true,true,0.15348507019613006,0.12466623779779835,0.17844250374091314,0.1240341383145741,0.1788446813256824,10,2.7848366399138986,1.5230992201095523,3.87751546084892,334.0,134.0,4.0,0.0,0.0
few_shot_recovery.v1,7e4ca051c3e83074391652e28a163138129c1cb6610f8826248a90cd3d19409a,bejis_2022,mugla_2021,bejis_2022_to_mugla_2021,burnable_tree_shrub_grass,3dec785a7d8e31db2d67ed283546bbfbca1559f56df46663488d0afc24d9e393,c4ab107db2207f9f20775ccc0b3bf39381173fd07d4e82f6821ce7f40be7db8e,10,approximately_5_km,5,42,baseline,secondary,brier_score,lower_is_better_oriented_by_negation,8,10,0.0898777465781487,0.1655997734326845,0.1127183407826073,-0.0898777465781487,-0.1655997734326845,-0.1127183407826073,-0.0757220268545358,-0.022840594204458595,3.3152389196492313,ceiling_not_above_raw,false,true,true,true,0.1655997734326845,0.1471623437617446,0.19880937831022194,0.14649985112082,0.1993726981327666,10,3.3152389196492313,2.508016939962695,4.76921181458621,681.3,275.9,8.0,0.0,0.0
few_shot_recovery.v1,7e4ca051c3e83074391652e28a163138129c1cb6610f8826248a90cd3d19409a,bejis_2022,mugla_2021,bejis_2022_to_mugla_2021,burnable_tree_shrub_grass,3dec785a7d8e31db2d67ed283546bbfbca1559f56df46663488d0afc24d9e393,c4ab107db2207f9f20775ccc0b3bf39381173fd07d4e82f6821ce7f40be7db8e,10,approximately_5_km,5,42,baseline,secondary,brier_score,lower_is_better_oriented_by_negation,16,10,0.0898777465781487,0.1920145688394309,0.1127183407826073,-0.0898777465781487,-0.1920145688394309,-0.1127183407826073,-0.1021368222612822,-0.022840594204458595,4.4717235176545715,ceiling_not_above_raw,false,true,true,true,0.1920145688394309,0.16816251627503565,0.21797208610649893,0.1667877552655997,0.2204035580265237,10,4.471723517654571,3.4274401530939764,5.608187702198466,1363.4,556.0,16.0,0.0,0.0
few_shot_recovery.v1,7e4ca051c3e83074391652e28a163138129c1cb6610f8826248a90cd3d19409a,bejis_2022,mugla_2021,bejis_2022_to_mugla_2021,burnable_tree_shrub_grass,3dec785a7d8e31db2d67ed283546bbfbca1559f56df46663488d0afc24d9e393,c4ab107db2207f9f20775ccc0b3bf39381173fd07d4e82f6821ce7f40be7db8e,10,approximately_5_km,5,42,baseline,secondary,brier_score,lower_is_better_oriented_by_negation,32,10,0.0898777465781487,0.2110018875291112,0.1127183407826073,-0.0898777465781487,-0.2110018875291112,-0.1127183407826073,-0.1211241409509625,-0.022840594204458595,5.303020572350892,ceiling_not_above_raw,false,true,true,true,0.2110018875291112,0.205615617466899,0.22223649475521695,0.2053534628553965,0.2225950857465013,10,5.303020572350892,5.067200522574745,5.794890754253284,2749.3,1121.1,32.0,0.0,0.0
few_shot_recovery.v1,7e4ca051c3e83074391652e28a163138129c1cb6610f8826248a90cd3d19409a,bejis_2022,mugla_2021,bejis_2022_to_mugla_2021,burnable_tree_shrub_grass,3dec785a7d8e31db2d67ed283546bbfbca1559f56df46663488d0afc24d9e393,c4ab107db2207f9f20775ccc0b3bf39381173fd07d4e82f6821ce7f40be7db8e,10,approximately_5_km,5,42,baseline,secondary,pr_auc,higher_is_better,0,1,0.0936314651659495,0.0936314651659495,0.163687445860183,0.0936314651659495,0.0936314651659495,0.163687445860183,0.0,0.0700559806942335,0.0,interpretable,false,false,false,false,0.0936314651659495,0.0936314651659495,0.0936314651659495,0.0936314651659495,0.0936314651659495,1,0.0,0.0,0.0,0.0,0.0,0.0,0.0,0.0
few_shot_recovery.v1,7e4ca051c3e83074391652e28a163138129c1cb6610f8826248a90cd3d19409a,bejis_2022,mugla_2021,bejis_2022_to_mugla_2021,burnable_tree_shrub_grass,3dec785a7d8e31db2d67ed283546bbfbca1559f56df46663488d0afc24d9e393,c4ab107db2207f9f20775ccc0b3bf39381173fd07d4e82f6821ce7f40be7db8e,10,approximately_5_km,5,42,baseline,secondary,pr_auc,higher_is_better,1,10,0.0936314651659495,0.0848361565865346,0.163687445860183,0.0936314651659495,0.0848361565865346,0.163687445860183,-0.008795308579414907,0.0700559806942335,-0.1255468625555744,interpretable,false,false,true,false,0.0848361565865346,0.07052407561345779,0.09814709928050165,0.0699906737299248,0.0985292676511968,10,-0.1255468625555743,-0.3298417825787962,0.06445751054804448,80.0,42.5,1.0,0.0,0.0
few_shot_recovery.v1,7e4ca051c3e83074391652e28a163138129c1cb6610f8826248a90cd3d19409a,bejis_2022,mugla_2021,bejis_2022_to_mugla_2021,burnable_tree_shrub_grass,3dec785a7d8e31db2d67ed283546bbfbca1559f56df46663488d0afc24d9e393,c4ab107db2207f9f20775ccc0b3bf39381173fd07d4e82f6821ce7f40be7db8e,10,approximately_5_km,5,42,baseline,secondary,pr_auc,higher_is_better,2,10,0.0936314651659495,0.08001969635901304,0.163687445860183,0.0936314651659495,0.08001969635901304,0.163687445860183,-0.013611768806936458,0.0700559806942335,-0.1942984549220204,interpretable,false,false,true,false,0.08001969635901304,0.07230896674318396,0.09140237890196842,0.070991864632878,0.0917697305855103,10,-0.1942984549220203,-0.3043637132970811,-0.03181864334624264,166.2,75.7,2.0,0.0,0.0
few_shot_recovery.v1,7e4ca051c3e83074391652e28a163138129c1cb6610f8826248a90cd3d19409a,bejis_2022,mugla_2021,bejis_2022_to_mugla_2021,burnable_tree_shrub_grass,3dec785a7d8e31db2d67ed283546bbfbca1559f56df46663488d0afc24d9e393,c4ab107db2207f9f20775ccc0b3bf39381173fd07d4e82f6821ce7f40be7db8e,10,approximately_5_km,5,42,baseline,secondary,pr_auc,higher_is_better,4,10,0.0936314651659495,0.08106388087718085,0.163687445860183,0.0936314651659495,0.08106388087718085,0.163687445860183,-0.012567584288768655,0.0700559806942335,-0.1793934531245971,interpretable,false,false,true,false,0.08106388087718085,0.07672976804881035,0.08997315122697054,0.0763799354663215,0.0910965202188203,10,-0.1793934531245971,-0.24125987459812093,-0.05221986620879727,334.0,134.0,4.0,0.0,0.0
few_shot_recovery.v1,7e4ca051c3e83074391652e28a163138129c1cb6610f8826248a90cd3d19409a,bejis_2022,mugla_2021,bejis_2022_to_mugla_2021,burnable_tree_shrub_grass,3dec785a7d8e31db2d67ed283546bbfbca1559f56df46663488d0afc24d9e393,c4ab107db2207f9f20775ccc0b3bf39381173fd07d4e82f6821ce7f40be7db8e,10,approximately_5_km,5,42,baseline,secondary,pr_auc,higher_is_better,8,10,0.0936314651659495,0.0866064499516361,0.163687445860183,0.0936314651659495,0.0866064499516361,0.163687445860183,-0.007025015214313396,0.0700559806942335,-0.10027716612768287,interpretable,false,false,true,false,0.0866064499516361,0.07898610713923551,0.10153189081176558,0.078928935465848,0.1040076379216231,10,-0.10027716612768298,-0.20905221626452072,0.11277303618513754,681.3,275.9,8.0,0.0,0.0
few_shot_recovery.v1,7e4ca051c3e83074391652e28a163138129c1cb6610f8826248a90cd3d19409a,bejis_2022,mugla_2021,bejis_2022_to_mugla_2021,burnable_tree_shrub_grass,3dec785a7d8e31db2d67ed283546bbfbca1559f56df46663488d0afc24d9e393,c4ab107db2207f9f20775ccc0b3bf39381173fd07d4e82f6821ce7f40be7db8e,10,approximately_5_km,5,42,baseline,secondary,pr_auc,higher_is_better,16,10,0.0936314651659495,0.09219005817615636,0.163687445860183,0.0936314651659495,0.09219005817615636,0.163687445860183,-0.0014414069897931425,0.0700559806942335,-0.020575074040920373,interpretable,false,false,true,false,0.09219005817615636,0.08310776444961884,0.0981202696598561,0.0823839786171996,0.0984777834776904,10,-0.020575074040920474,-0.15021844833294726,0.06407453652670202,1363.4,556.0,16.0,0.0,0.0
few_shot_recovery.v1,7e4ca051c3e83074391652e28a163138129c1cb6610f8826248a90cd3d19409a,bejis_2022,mugla_2021,bejis_2022_to_mugla_2021,burnable_tree_shrub_grass,3dec785a7d8e31db2d67ed283546bbfbca1559f56df46663488d0afc24d9e393,c4ab107db2207f9f20775ccc0b3bf39381173fd07d4e82f6821ce7f40be7db8e,10,approximately_5_km,5,42,baseline,secondary,pr_auc,higher_is_better,32,10,0.0936314651659495,0.0990984669459213,0.163687445860183,0.0936314651659495,0.0990984669459213,0.163687445860183,0.005467001779971795,0.0700559806942335,0.07803761685719716,interpretable,false,false,false,false,0.0990984669459213,0.09409021530523326,0.10644650338472689,0.0940177216860263,0.1075044583922613,10,0.07803761685719715,0.0065483365551046195,0.18292568445669094,2749.3,1121.1,32.0,0.0,0.0
few_shot_recovery.v1,7e4ca051c3e83074391652e28a163138129c1cb6610f8826248a90cd3d19409a,bejis_2022,mugla_2021,bejis_2022_to_mugla_2021,burnable_tree_shrub_grass,3dec785a7d8e31db2d67ed283546bbfbca1559f56df46663488d0afc24d9e393,c4ab107db2207f9f20775ccc0b3bf39381173fd07d4e82f6821ce7f40be7db8e,10,approximately_5_km,5,42,baseline,secondary,roc_auc,higher_is_better,0,1,0.5922389820175833,0.5922389820175833,0.6979859420145867,0.5922389820175833,0.5922389820175833,0.6979859420145867,0.0,0.10574695999700345,0.0,interpretable,false,false,false,false,0.5922389820175833,0.5922389820175833,0.5922389820175833,0.5922389820175833,0.5922389820175833,1,0.0,0.0,0.0,0.0,0.0,0.0,0.0,0.0
few_shot_recovery.v1,7e4ca051c3e83074391652e28a163138129c1cb6610f8826248a90cd3d19409a,bejis_2022,mugla_2021,bejis_2022_to_mugla_2021,burnable_tree_shrub_grass,3dec785a7d8e31db2d67ed283546bbfbca1559f56df46663488d0afc24d9e393,c4ab107db2207f9f20775ccc0b3bf39381173fd07d4e82f6821ce7f40be7db8e,10,approximately_5_km,5,42,baseline,secondary,roc_auc,higher_is_better,1,10,0.5922389820175833,0.5518068605250545,0.6979859420145867,0.5922389820175833,0.5518068605250545,0.6979859420145867,-0.04043212149252884,0.10574695999700345,-0.3823478376463452,interpretable,false,false,true,false,0.5518068605250545,0.49880064417647274,0.5948906309792855,0.4925588335700884,0.5957945307020774,10,-0.3823478376463452,-0.8836030638021015,0.025075415518113937,80.0,42.5,1.0,0.0,0.0
few_shot_recovery.v1,7e4ca051c3e83074391652e28a163138129c1cb6610f8826248a90cd3d19409a,bejis_2022,mugla_2021,bejis_2022_to_mugla_2021,burnable_tree_shrub_grass,3dec785a7d8e31db2d67ed283546bbfbca1559f56df46663488d0afc24d9e393,c4ab107db2207f9f20775ccc0b3bf39381173fd07d4e82f6821ce7f40be7db8e,10,approximately_5_km,5,42,baseline,secondary,roc_auc,higher_is_better,2,10,0.5922389820175833,0.5385981977557606,0.6979859420145867,0.5922389820175833,0.5385981977557606,0.6979859420145867,-0.05364078426182273,0.10574695999700345,-0.5072560408672054,interpretable,false,false,true,false,0.5385981977557606,0.5055984850026117,0.5770942100293014,0.5010109590078535,0.5773344637311151,10,-0.507256040867206,-0.8193190330712741,-0.14321709095666724,166.2,75.7,2.0,0.0,0.0
few_shot_recovery.v1,7e4ca051c3e83074391652e28a163138129c1cb6610f8826248a90cd3d19409a,bejis_2022,mugla_2021,bejis_2022_to_mugla_2021,burnable_tree_shrub_grass,3dec785a7d8e31db2d67ed283546bbfbca1559f56df46663488d0afc24d9e393,c4ab107db2207f9f20775ccc0b3bf39381173fd07d4e82f6821ce7f40be7db8e,10,approximately_5_km,5,42,baseline,secondary,roc_auc,higher_is_better,4,10,0.5922389820175833,0.5350112912494404,0.6979859420145867,0.5922389820175833,0.5350112912494404,0.6979859420145867,-0.057227690768142936,0.10574695999700345,-0.5411757536080904,interpretable,false,false,true,false,0.5350112912494404,0.5182825094441378,0.5623886535161924,0.5169154011099031,0.5631215166081547,10,-0.5411757536080904,-0.6993720914108658,-0.2822807246869014,334.0,134.0,4.0,0.0,0.0
few_shot_recovery.v1,7e4ca051c3e83074391652e28a163138129c1cb6610f8826248a90cd3d19409a,bejis_2022,mugla_2021,bejis_2022_to_mugla_2021,burnable_tree_shrub_grass,3dec785a7d8e31db2d67ed283546bbfbca1559f56df46663488d0afc24d9e393,c4ab107db2207f9f20775ccc0b3bf39381173fd07d4e82f6821ce7f40be7db8e,10,approximately_5_km,5,42,baseline,secondary,roc_auc,higher_is_better,8,10,0.5922389820175833,0.5499997814200086,0.6979859420145867,0.5922389820175833,0.5499997814200086,0.6979859420145867,-0.04223920059757469,0.10574695999700345,-0.39943654738416706,interpretable,false,false,true,false,0.5499997814200086,0.5347973361718409,0.5739501194840532,0.5331349258269154,0.5761889939593959,10,-0.39943654738416656,-0.5431990276351221,-0.1729492983443528,681.3,275.9,8.0,0.0,0.0
few_shot_recovery.v1,7e4ca051c3e83074391652e28a163138129c1cb6610f8826248a90cd3d19409a,bejis_2022,mugla_2021,bejis_2022_to_mugla_2021,burnable_tree_shrub_grass,3dec785a7d8e31db2d67ed283546bbfbca1559f56df46663488d0afc24d9e393,c4ab107db2207f9f20775ccc0b3bf39381173fd07d4e82f6821ce7f40be7db8e,10,approximately_5_km,5,42,baseline,secondary,roc_auc,higher_is_better,16,10,0.5922389820175833,0.5694949596029222,0.6979859420145867,0.5922389820175833,0.5694949596029222,0.6979859420145867,-0.022744022414661114,0.10574695999700345,-0.2150796809223226,interpretable,false,false,true,false,0.5694949596029222,0.5572311422523981,0.5810678355348218,0.5561598058315884,0.5813219424072873,10,-0.2150796809223231,-0.331052918837357,-0.1056403558369725,1363.4,556.0,16.0,0.0,0.0
few_shot_recovery.v1,7e4ca051c3e83074391652e28a163138129c1cb6610f8826248a90cd3d19409a,bejis_2022,mugla_2021,bejis_2022_to_mugla_2021,burnable_tree_shrub_grass,3dec785a7d8e31db2d67ed283546bbfbca1559f56df46663488d0afc24d9e393,c4ab107db2207f9f20775ccc0b3bf39381173fd07d4e82f6821ce7f40be7db8e,10,approximately_5_km,5,42,baseline,secondary,roc_auc,higher_is_better,32,10,0.5922389820175833,0.5936560573396025,0.6979859420145867,0.5922389820175833,0.5936560573396025,0.6979859420145867,0.001417075322019179,0.10574695999700345,0.013400624680457334,interpretable,false,false,false,false,0.5936560573396025,0.5809057352416317,0.6004993259683321,0.579222176286993,0.6009809294798206,10,0.013400624680457334,-0.10717326319615042,0.07811424509019402,2749.3,1121.1,32.0,0.0,0.0
few_shot_recovery.v1,7e4ca051c3e83074391652e28a163138129c1cb6610f8826248a90cd3d19409a,bejis_2022,mugla_2021,bejis_2022_to_mugla_2021,burnable_tree_shrub_grass,3dec785a7d8e31db2d67ed283546bbfbca1559f56df46663488d0afc24d9e393,c4ab107db2207f9f20775ccc0b3bf39381173fd07d4e82f6821ce7f40be7db8e,10,approximately_5_km,5,42,thermal,primary,brier_score,lower_is_better_oriented_by_negation,0,1,0.078925903541469,0.078925903541469,0.0772666711161345,-0.078925903541469,-0.078925903541469,-0.0772666711161345,0.0,0.0016592324253345003,0.0,interpretable,false,false,false,false,0.078925903541469,0.078925903541469,0.078925903541469,0.078925903541469,0.078925903541469,1,0.0,0.0,0.0,0.0,0.0,0.0,0.0,0.0
few_shot_recovery.v1,7e4ca051c3e83074391652e28a163138129c1cb6610f8826248a90cd3d19409a,bejis_2022,mugla_2021,bejis_2022_to_mugla_2021,burnable_tree_shrub_grass,3dec785a7d8e31db2d67ed283546bbfbca1559f56df46663488d0afc24d9e393,c4ab107db2207f9f20775ccc0b3bf39381173fd07d4e82f6821ce7f40be7db8e,10,approximately_5_km,5,42,thermal,primary,brier_score,lower_is_better_oriented_by_negation,1,10,0.078925903541469,0.12109602866068225,0.0772666711161345,-0.078925903541469,-0.12109602866068225,-0.0772666711161345,-0.04217012511921325,0.0016592324253345003,-25.415441788218295,interpretable,false,false,true,false,0.12109602866068225,0.10216672862326125,0.15156795678905446,0.101993650555127,0.1538490977813154,10,-25.415441788218295,-43.780516905544964,-14.00697378313765,80.0,42.5,1.0,0.0,0.0
few_shot_recovery.v1,7e4ca051c3e83074391652e28a163138129c1cb6610f8826248a90cd3d19409a,bejis_2022,mugla_2021,bejis_2022_to_mugla_2021,burnable_tree_shrub_grass,3dec785a7d8e31db2d67ed283546bbfbca1559f56df46663488d0afc24d9e393,c4ab107db2207f9f20775ccc0b3bf39381173fd07d4e82f6821ce7f40be7db8e,10,approximately_5_km,5,42,thermal,primary,brier_score,lower_is_better_oriented_by_negation,2,10,0.078925903541469,0.13599216066240016,0.0772666711161345,-0.078925903541469,-0.13599216066240016,-0.0772666711161345,-0.05706625712093116,0.0016592324253345003,-34.393166532667436,interpretable,false,false,true,false,0.13599216066240016,0.10942968526700025,0.16478730158261046,0.1050268910136571,0.1658115946578831,10,-34.393166532667436,-51.747661587454715,-18.384272908228454,166.2,75.7,2.0,0.0,0.0
few_shot_recovery.v1,7e4ca051c3e83074391652e28a163138129c1cb6610f8826248a90cd3d19409a,bejis_2022,mugla_2021,bejis_2022_to_mugla_2021,burnable_tree_shrub_grass,3dec785a7d8e31db2d67ed283546bbfbca1559f56df46663488d0afc24d9e393,c4ab107db2207f9f20775ccc0b3bf39381173fd07d4e82f6821ce7f40be7db8e,10,approximately_5_km,5,42,thermal,primary,brier_score,lower_is_better_oriented_by_negation,4,10,0.078925903541469,0.1658707590219512,0.0772666711161345,-0.078925903541469,-0.1658707590219512,-0.0772666711161345,-0.0869448554804822,0.0016592324253345003,-52.40064872945945,interpretable,false,false,true,false,0.1658707590219512,0.13945465032233195,0.18912904958587284,0.1365389038844825,0.1903414271695877,10,-52.40064872945945,-66.41814875464898,-36.47996860274738,334.0,134.0,4.0,0.0,0.0
few_shot_recovery.v1,7e4ca051c3e83074391652e28a163138129c1cb6610f8826248a90cd3d19409a,bejis_2022,mugla_2021,bejis_2022_to_mugla_2021,burnable_tree_shrub_grass,3dec785a7d8e31db2d67ed283546bbfbca1559f56df46663488d0afc24d9e393,c4ab107db2207f9f20775ccc0b3bf39381173fd07d4e82f6821ce7f40be7db8e,10,approximately_5_km,5,42,thermal,primary,brier_score,lower_is_better_oriented_by_negation,8,10,0.078925903541469,0.20352995538458704,0.0772666711161345,-0.078925903541469,-0.20352995538458704,-0.0772666711161345,-0.12460405184311804,0.0016592324253345003,-75.09740645165968,interpretable,false,false,true,false,0.20352995538458704,0.17693008491669437,0.23274850993335675,0.1757823351036489,0.2350530687017198,10,-75.09740645165968,-92.70708795416483,-59.065975253869446,681.3,275.9,8.0,0.0,0.0
few_shot_recovery.v1,7e4ca051c3e83074391652e28a163138129c1cb6610f8826248a90cd3d19409a,bejis_2022,mugla_2021,bejis_2022_to_mugla_2021,burnable_tree_shrub_grass,3dec785a7d8e31db2d67ed283546bbfbca1559f56df46663488d0afc24d9e393,c4ab107db2207f9f20775ccc0b3bf39381173fd07d4e82f6821ce7f40be7db8e,10,approximately_5_km,5,42,thermal,primary,brier_score,lower_is_better_oriented_by_negation,16,10,0.078925903541469,0.25121649312147254,0.0772666711161345,-0.078925903541469,-0.25121649312147254,-0.0772666711161345,-0.17229058958000354,0.0016592324253345003,-103.83752568316031,interpretable,false,false,true,false,0.25121649312147254,0.21847068087203253,0.2776199229797369,0.2175042868363017,0.2777906202974857,10,-103.8375256831603,-119.75056442029894,-84.10200716902659,1363.4,556.0,16.0,0.0,0.0
few_shot_recovery.v1,7e4ca051c3e83074391652e28a163138129c1cb6610f8826248a90cd3d19409a,bejis_2022,mugla_2021,bejis_2022_to_mugla_2021,burnable_tree_shrub_grass,3dec785a7d8e31db2d67ed283546bbfbca1559f56df46663488d0afc24d9e393,c4ab107db2207f9f20775ccc0b3bf39381173fd07d4e82f6821ce7f40be7db8e,10,approximately_5_km,5,42,thermal,primary,brier_score,lower_is_better_oriented_by_negation,32,10,0.078925903541469,0.27323159890246734,0.0772666711161345,-0.078925903541469,-0.27323159890246734,-0.0772666711161345,-0.19430569536099834,0.0016592324253345003,-117.1057727622617,interpretable,false,false,true,false,0.27323159890246734,0.2560492080712398,0.29152095713507686,0.2549943237684772,0.2917607272344447,10,-117.1057727622617,-128.12855531722678,-106.75014652878595,2749.3,1121.1,32.0,0.0,0.0
few_shot_recovery.v1,7e4ca051c3e83074391652e28a163138129c1cb6610f8826248a90cd3d19409a,bejis_2022,mugla_2021,bejis_2022_to_mugla_2021,burnable_tree_shrub_grass,3dec785a7d8e31db2d67ed283546bbfbca1559f56df46663488d0afc24d9e393,c4ab107db2207f9f20775ccc0b3bf39381173fd07d4e82f6821ce7f40be7db8e,10,approximately_5_km,5,42,thermal,primary,pr_auc,higher_is_better,0,1,0.0925385912286984,0.0925385912286984,0.301925915788068,0.0925385912286984,0.0925385912286984,0.301925915788068,0.0,0.2093873245593696,0.0,interpretable,false,false,false,false,0.0925385912286984,0.0925385912286984,0.0925385912286984,0.0925385912286984,0.0925385912286984,1,0.0,0.0,0.0,0.0,0.0,0.0,0.0,0.0
few_shot_recovery.v1,7e4ca051c3e83074391652e28a163138129c1cb6610f8826248a90cd3d19409a,bejis_2022,mugla_2021,bejis_2022_to_mugla_2021,burnable_tree_shrub_grass,3dec785a7d8e31db2d67ed283546bbfbca1559f56df46663488d0afc24d9e393,c4ab107db2207f9f20775ccc0b3bf39381173fd07d4e82f6821ce7f40be7db8e,10,approximately_5_km,5,42,thermal,primary,pr_auc,higher_is_better,1,10,0.0925385912286984,0.09522402779222311,0.301925915788068,0.0925385912286984,0.09522402779222311,0.301925915788068,0.0026854365635247124,0.2093873245593696,0.012825210738882547,interpretable,false,false,false,false,0.09522402779222311,0.07168464234335753,0.10743826557801307,0.0697458274291084,0.1081865680697673,10,0.012825210738882514,-0.09959508737802295,0.07115843511859779,80.0,42.5,1.0,0.0,0.0
few_shot_recovery.v1,7e4ca051c3e83074391652e28a163138129c1cb6610f8826248a90cd3d19409a,bejis_2022,mugla_2021,bejis_2022_to_mugla_2021,burnable_tree_shrub_grass,3dec785a7d8e31db2d67ed283546bbfbca1559f56df46663488d0afc24d9e393,c4ab107db2207f9f20775ccc0b3bf39381173fd07d4e82f6821ce7f40be7db8e,10,approximately_5_km,5,42,thermal,primary,pr_auc,higher_is_better,2,10,0.0925385912286984,0.09457488378779665,0.301925915788068,0.0925385912286984,0.09457488378779665,0.301925915788068,0.002036292559098249,0.2093873245593696,0.009725003953240156,interpretable,false,false,false,false,0.09457488378779665,0.08530657048369418,0.1013458800949978,0.0845430134183791,0.1019025819361556,10,0.009725003953240156,-0.03453896151652513,0.042062187311640194,166.2,75.7,2.0,0.0,0.0
few_shot_recovery.v1,7e4ca051c3e83074391652e28a163138129c1cb6610f8826248a90cd3d19409a,bejis_2022,mugla_2021,bejis_2022_to_mugla_2021,burnable_tree_shrub_grass,3dec785a7d8e31db2d67ed283546bbfbca1559f56df46663488d0afc24d9e393,c4ab107db2207f9f20775ccc0b3bf39381173fd07d4e82f6821ce7f40be7db8e,10,approximately_5_km,5,42,thermal,primary,pr_auc,higher_is_better,4,10,0.0925385912286984,0.09424888656236036,0.301925915788068,0.0925385912286984,0.09424888656236036,0.301925915788068,0.0017102953336619597,0.2093873245593696,0.008168093924792584,interpretable,false,false,false,false,0.09424888656236036,0.0849745352506126,0.11387874266525677,0.0832803459336011,0.1157086381723041,10,0.008168093924792551,-0.0361247080930206,0.1019171121340136,334.0,134.0,4.0,0.0,0.0
few_shot_recovery.v1,7e4ca051c3e83074391652e28a163138129c1cb6610f8826248a90cd3d19409a,bejis_2022,mugla_2021,bejis_2022_to_mugla_2021,burnable_tree_shrub_grass,3dec785a7d8e31db2d67ed283546bbfbca1559f56df46663488d0afc24d9e393,c4ab107db2207f9f20775ccc0b3bf39381173fd07d4e82f6821ce7f40be7db8e,10,approximately_5_km,5,42,thermal,primary,pr_auc,higher_is_better,8,10,0.0925385912286984,0.10923433239205775,0.301925915788068,0.0925385912286984,0.10923433239205775,0.301925915788068,0.016695741163359354,0.2093873245593696,0.07973615976274366,interpretable,false,false,false,false,0.10923433239205775,0.0913107839583137,0.12571339129192152,0.0887175303735243,0.1270325330120054,10,0.07973615976274366,-0.005863808962497942,0.1584374800768647,681.3,275.9,8.0,0.0,0.0
few_shot_recovery.v1,7e4ca051c3e83074391652e28a163138129c1cb6610f8826248a90cd3d19409a,bejis_2022,mugla_2021,bejis_2022_to_mugla_2021,burnable_tree_shrub_grass,3dec785a7d8e31db2d67ed283546bbfbca1559f56df46663488d0afc24d9e393,c4ab107db2207f9f20775ccc0b3bf39381173fd07d4e82f6821ce7f40be7db8e,10,approximately_5_km,5,42,thermal,primary,pr_auc,higher_is_better,16,10,0.0925385912286984,0.12511899376374555,0.301925915788068,0.0925385912286984,0.12511899376374555,0.301925915788068,0.032580402535047154,0.2093873245593696,0.15559873360820042,interpretable,false,false,false,false,0.12511899376374555,0.10409266579072171,0.14538447916536074,0.1037248380005105,0.1462833811381208,10,0.15559873360820048,0.055180391584531065,0.25238341455420077,1363.4,556.0,16.0,0.0,0.0
few_shot_recovery.v1,7e4ca051c3e83074391652e28a163138129c1cb6610f8826248a90cd3d19409a,bejis_2022,mugla_2021,bejis_2022_to_mugla_2021,burnable_tree_shrub_grass,3dec785a7d8e31db2d67ed283546bbfbca1559f56df46663488d0afc24d9e393,c4ab107db2207f9f20775ccc0b3bf39381173fd07d4e82f6821ce7f40be7db8e,10,approximately_5_km,5,42,thermal,primary,pr_auc,higher_is_better,32,10,0.0925385912286984,0.1333583522684857,0.301925915788068,0.0925385912286984,0.1333583522684857,0.301925915788068,0.040819761039787295,0.2093873245593696,0.1949485773586704,interpretable,false,false,false,false,0.1333583522684857,0.12120326115923426,0.15634150555930915,0.1202880057211191,0.1594040284133863,10,0.1949485773586705,0.13689782794090907,0.3047124006425713,2749.3,1121.1,32.0,0.0,0.0
few_shot_recovery.v1,7e4ca051c3e83074391652e28a163138129c1cb6610f8826248a90cd3d19409a,bejis_2022,mugla_2021,bejis_2022_to_mugla_2021,burnable_tree_shrub_grass,3dec785a7d8e31db2d67ed283546bbfbca1559f56df46663488d0afc24d9e393,c4ab107db2207f9f20775ccc0b3bf39381173fd07d4e82f6821ce7f40be7db8e,10,approximately_5_km,5,42,thermal,primary,roc_auc,higher_is_better,0,1,0.6184747489978262,0.6184747489978262,0.7773268638729566,0.6184747489978262,0.6184747489978262,0.7773268638729566,0.0,0.1588521148751304,0.0,interpretable,false,false,false,false,0.6184747489978262,0.6184747489978262,0.6184747489978262,0.6184747489978262,0.6184747489978262,1,0.0,0.0,0.0,0.0,0.0,0.0,0.0,0.0
few_shot_recovery.v1,7e4ca051c3e83074391652e28a163138129c1cb6610f8826248a90cd3d19409a,bejis_2022,mugla_2021,bejis_2022_to_mugla_2021,burnable_tree_shrub_grass,3dec785a7d8e31db2d67ed283546bbfbca1559f56df46663488d0afc24d9e393,c4ab107db2207f9f20775ccc0b3bf39381173fd07d4e82f6821ce7f40be7db8e,10,approximately_5_km,5,42,thermal,primary,roc_auc,higher_is_better,1,10,0.6184747489978262,0.5758796899976442,0.7773268638729566,0.6184747489978262,0.5758796899976442,0.7773268638729566,-0.04259505900018201,0.1588521148751304,-0.26814285119001974,interpretable,false,false,true,false,0.5758796899976442,0.5330428584080674,0.6173138398018748,0.5264181706555583,0.6189826465982152,10,-0.2681428511900194,-0.5378077003061282,-0.007308112938023545,80.0,42.5,1.0,0.0,0.0
few_shot_recovery.v1,7e4ca051c3e83074391652e28a163138129c1cb6610f8826248a90cd3d19409a,bejis_2022,mugla_2021,bejis_2022_to_mugla_2021,burnable_tree_shrub_grass,3dec785a7d8e31db2d67ed283546bbfbca1559f56df46663488d0afc24d9e393,c4ab107db2207f9f20775ccc0b3bf39381173fd07d4e82f6821ce7f40be7db8e,10,approximately_5_km,5,42,thermal,primary,roc_auc,higher_is_better,2,10,0.6184747489978262,0.577376204102527,0.7773268638729566,0.6184747489978262,0.577376204102527,0.7773268638729566,-0.04109854489529918,0.1588521148751304,-0.2587220505537852,interpretable,false,false,true,false,0.577376204102527,0.5454865783743912,0.6098064510459712,0.5425830105524845,0.6117472329653599,10,-0.25872205055378555,-0.4594724513476518,-0.05456835093866359,166.2,75.7,2.0,0.0,0.0
few_shot_recovery.v1,7e4ca051c3e83074391652e28a163138129c1cb6610f8826248a90cd3d19409a,bejis_2022,mugla_2021,bejis_2022_to_mugla_2021,burnable_tree_shrub_grass,3dec785a7d8e31db2d67ed283546bbfbca1559f56df46663488d0afc24d9e393,c4ab107db2207f9f20775ccc0b3bf39381173fd07d4e82f6821ce7f40be7db8e,10,approximately_5_km,5,42,thermal,primary,roc_auc,higher_is_better,4,10,0.6184747489978262,0.5784583166496476,0.7773268638729566,0.6184747489978262,0.5784583166496476,0.7773268638729566,-0.04001643234817853,0.1588521148751304,-0.2519099753858136,interpretable,false,false,true,false,0.5784583166496476,0.5377977432261906,0.6010292380914767,0.5356653962980461,0.6049862750791669,10,-0.2519099753858136,-0.507874924013783,-0.10982233960223275,334.0,134.0,4.0,0.0,0.0
few_shot_recovery.v1,7e4ca051c3e83074391652e28a163138129c1cb6610f8826248a90cd3d19409a,bejis_2022,mugla_2021,bejis_2022_to_mugla_2021,burnable_tree_shrub_grass,3dec785a7d8e31db2d67ed283546bbfbca1559f56df46663488d0afc24d9e393,c4ab107db2207f9f20775ccc0b3bf39381173fd07d4e82f6821ce7f40be7db8e,10,approximately_5_km,5,42,thermal,primary,roc_auc,higher_is_better,8,10,0.6184747489978262,0.5977047516874221,0.7773268638729566,0.6184747489978262,0.5977047516874221,0.7773268638729566,-0.020769997310404076,0.1588521148751304,-0.13075052432717588,interpretable,false,false,true,false,0.5977047516874221,0.5503794170337122,0.6396418206451351,0.5466338243297743,0.6431753986113657,10,-0.13075052432717624,-0.42867123310030836,0.13325017211100876,681.3,275.9,8.0,0.0,0.0
few_shot_recovery.v1,7e4ca051c3e83074391652e28a163138129c1cb6610f8826248a90cd3d19409a,bejis_2022,mugla_2021,bejis_2022_to_mugla_2021,burnable_tree_shrub_grass,3dec785a7d8e31db2d67ed283546bbfbca1559f56df46663488d0afc24d9e393,c4ab107db2207f9f20775ccc0b3bf39381173fd07d4e82f6821ce7f40be7db8e,10,approximately_5_km,5,42,thermal,primary,roc_auc,higher_is_better,16,10,0.6184747489978262,0.6372394983353806,0.7773268638729566,0.6184747489978262,0.6372394983353806,0.7773268638729566,0.018764749337554454,0.1588521148751304,0.11812716092766498,interpretable,false,false,false,false,0.6372394983353806,0.5743463325538464,0.6522113523120175,0.5683832768112319,0.6536415351327647,10,0.11812716092766534,-0.27779558666038534,0.21237742626663048,1363.4,556.0,16.0,0.0,0.0
few_shot_recovery.v1,7e4ca051c3e83074391652e28a163138129c1cb6610f8826248a90cd3d19409a,bejis_2022,mugla_2021,bejis_2022_to_mugla_2021,burnable_tree_shrub_grass,3dec785a7d8e31db2d67ed283546bbfbca1559f56df46663488d0afc24d9e393,c4ab107db2207f9f20775ccc0b3bf39381173fd07d4e82f6821ce7f40be7db8e,10,approximately_5_km,5,42,thermal,primary,roc_auc,higher_is_better,32,10,0.6184747489978262,0.6661356138937193,0.7773268638729566,0.6184747489978262,0.6661356138937193,0.7773268638729566,0.04766086489589316,0.1588521148751304,0.300032926431972,interpretable,false,false,false,false,0.6661356138937193,0.6298895620611824,0.6948220926566955,0.6239479565819431,0.7009710765663675,10,0.3000329264319723,0.07185811200769454,0.48061899408065184,2749.3,1121.1,32.0,0.0,0.0
few_shot_recovery.v1,7e4ca051c3e83074391652e28a163138129c1cb6610f8826248a90cd3d19409a,manavgat_2021,bejis_2022,manavgat_2021_to_bejis_2022,burnable_tree_shrub_grass,054a1961fc0582a33d36413263668b63074b21ae8b03d12269b6e228787f3439,3dec785a7d8e31db2d67ed283546bbfbca1559f56df46663488d0afc24d9e393,10,approximately_5_km,5,42,baseline,secondary,brier_score,lower_is_better_oriented_by_negation,0,1,0.1243403264122426,0.1243403264122426,0.1053875824204019,-0.1243403264122426,-0.1243403264122426,-0.1053875824204019,0.0,0.0189527439918407,0.0,interpretable,false,false,false,false,0.1243403264122426,0.1243403264122426,0.1243403264122426,0.1243403264122426,0.1243403264122426,1,0.0,0.0,0.0,0.0,0.0,0.0,0.0,0.0
few_shot_recovery.v1,7e4ca051c3e83074391652e28a163138129c1cb6610f8826248a90cd3d19409a,manavgat_2021,bejis_2022,manavgat_2021_to_bejis_2022,burnable_tree_shrub_grass,054a1961fc0582a33d36413263668b63074b21ae8b03d12269b6e228787f3439,3dec785a7d8e31db2d67ed283546bbfbca1559f56df46663488d0afc24d9e393,10,approximately_5_km,5,42,baseline,secondary,brier_score,lower_is_better_oriented_by_negation,1,10,0.1243403264122426,0.1330254784827733,0.1053875824204019,-0.1243403264122426,-0.1330254784827733,-0.1053875824204019,-0.008685152070530694,0.0189527439918407,-0.4582530146700508,interpretable,false,false,true,false,0.1330254784827733,0.1261087616208347,0.13934073649730244,0.1249768635579761,0.1397097836499559,10,-0.45825301467005075,-0.7914637633219563,-0.0933076080884877,98.9,47.2,1.0,0.0,0.0
few_shot_recovery.v1,7e4ca051c3e83074391652e28a163138129c1cb6610f8826248a90cd3d19409a,manavgat_2021,bejis_2022,manavgat_2021_to_bejis_2022,burnable_tree_shrub_grass,054a1961fc0582a33d36413263668b63074b21ae8b03d12269b6e228787f3439,3dec785a7d8e31db2d67ed283546bbfbca1559f56df46663488d0afc24d9e393,10,approximately_5_km,5,42,baseline,secondary,brier_score,lower_is_better_oriented_by_negation,2,10,0.1243403264122426,0.14311303567214934,0.1053875824204019,-0.1243403264122426,-0.14311303567214934,-0.1053875824204019,-0.018772709259906734,0.0189527439918407,-0.9905008619326323,interpretable,false,false,true,false,0.14311303567214934,0.13290754828955656,0.15161456733514606,0.1323826116951,0.1518437883442306,10,-0.9905008619326331,-1.4390655482206285,-0.4520306864801327,197.9,92.1,2.0,0.0,0.0
few_shot_recovery.v1,7e4ca051c3e83074391652e28a163138129c1cb6610f8826248a90cd3d19409a,manavgat_2021,bejis_2022,manavgat_2021_to_bejis_2022,burnable_tree_shrub_grass,054a1961fc0582a33d36413263668b63074b21ae8b03d12269b6e228787f3439,3dec785a7d8e31db2d67ed283546bbfbca1559f56df46663488d0afc24d9e393,10,approximately_5_km,5,42,baseline,secondary,brier_score,lower_is_better_oriented_by_negation,4,10,0.1243403264122426,0.15310884040056694,0.1053875824204019,-0.1243403264122426,-0.15310884040056694,-0.1053875824204019,-0.028768513988324335,0.0189527439918407,-1.5179075916769307,interpretable,false,false,true,false,0.15310884040056694,0.14785158939750767,0.1681964529828435,0.1476060785458267,0.1689329491631047,10,-1.5179075916769313,-2.3139724036520146,-1.2405202642628863,394.4,187.9,4.0,0.0,0.0
few_shot_recovery.v1,7e4ca051c3e83074391652e28a163138129c1cb6610f8826248a90cd3d19409a,manavgat_2021,bejis_2022,manavgat_2021_to_bejis_2022,burnable_tree_shrub_grass,054a1961fc0582a33d36413263668b63074b21ae8b03d12269b6e228787f3439,3dec785a7d8e31db2d67ed283546bbfbca1559f56df46663488d0afc24d9e393,10,approximately_5_km,5,42,baseline,secondary,brier_score,lower_is_better_oriented_by_negation,8,10,0.1243403264122426,0.16878159726778091,0.1053875824204019,-0.1243403264122426,-0.16878159726778091,-0.1053875824204019,-0.04444127085553831,0.0189527439918407,-2.344846259447741,interpretable,false,false,true,false,0.16878159726778091,0.16433960050655708,0.17731375521478424,0.1643343450870944,0.1777075197523217,10,-2.34484625944774,-2.7950268744909486,-2.1104740353974316,788.3,377.0,8.0,0.0,0.0
few_shot_recovery.v1,7e4ca051c3e83074391652e28a163138129c1cb6610f8826248a90cd3d19409a,manavgat_2021,bejis_2022,manavgat_2021_to_bejis_2022,burnable_tree_shrub_grass,054a1961fc0582a33d36413263668b63074b21ae8b03d12269b6e228787f3439,3dec785a7d8e31db2d67ed283546bbfbca1559f56df46663488d0afc24d9e393,10,approximately_5_km,5,42,baseline,secondary,brier_score,lower_is_better_oriented_by_negation,16,10,0.1243403264122426,0.1832879256864186,0.1053875824204019,-0.1243403264122426,-0.1832879256864186,-0.1053875824204019,-0.058947599274176005,0.0189527439918407,-3.110240886467595,interpretable,false,false,true,false,0.1832879256864186,0.182916863407023,0.1848244548388653,0.1828972451022476,0.1850853710706746,10,-3.110240886467594,-3.191312479747607,-3.090662598513337,1569.8,860.0,12.0,3.0,1.0
few_shot_recovery.v1,7e4ca051c3e83074391652e28a163138129c1cb6610f8826248a90cd3d19409a,manavgat_2021,bejis_2022,manavgat_2021_to_bejis_2022,burnable_tree_shrub_grass,054a1961fc0582a33d36413263668b63074b21ae8b03d12269b6e228787f3439,3dec785a7d8e31db2d67ed283546bbfbca1559f56df46663488d0afc24d9e393,10,approximately_5_km,5,42,baseline,secondary,brier_score,lower_is_better_oriented_by_negation,32,10,0.1243403264122426,0.1617135646096059,0.1053875824204019,-0.1243403264122426,-0.1617135646096059,-0.1053875824204019,-0.037373238197363295,0.0189527439918407,-1.9719170065006288,interpretable,false,false,true,false,0.1617135646096059,0.1598869152651565,0.16401526291529891,0.1596974617035876,0.1640587017893438,10,-1.9719170065006288,-2.093361073211175,-1.8755378571154109,2920.1,880.0,12.0,3.0,17.0
few_shot_recovery.v1,7e4ca051c3e83074391652e28a163138129c1cb6610f8826248a90cd3d19409a,manavgat_2021,bejis_2022,manavgat_2021_to_bejis_2022,burnable_tree_shrub_grass,054a1961fc0582a33d36413263668b63074b21ae8b03d12269b6e228787f3439,3dec785a7d8e31db2d67ed283546bbfbca1559f56df46663488d0afc24d9e393,10,approximately_5_km,5,42,baseline,secondary,pr_auc,higher_is_better,0,1,0.0492849230291798,0.0492849230291798,0.1898914005576024,0.0492849230291798,0.0492849230291798,0.1898914005576024,0.0,0.1406064775284226,0.0,interpretable,false,false,false,false,0.0492849230291798,0.0492849230291798,0.0492849230291798,0.0492849230291798,0.0492849230291798,1,0.0,0.0,0.0,0.0,0.0,0.0,0.0,0.0
few_shot_recovery.v1,7e4ca051c3e83074391652e28a163138129c1cb6610f8826248a90cd3d19409a,manavgat_2021,bejis_2022,manavgat_2021_to_bejis_2022,burnable_tree_shrub_grass,054a1961fc0582a33d36413263668b63074b21ae8b03d12269b6e228787f3439,3dec785a7d8e31db2d67ed283546bbfbca1559f56df46663488d0afc24d9e393,10,approximately_5_km,5,42,baseline,secondary,pr_auc,higher_is_better,1,10,0.0492849230291798,0.0806359319006776,0.1898914005576024,0.0492849230291798,0.0806359319006776,0.1898914005576024,0.0313510088714978,0.1406064775284226,0.2229698760866861,interpretable,false,false,false,false,0.0806359319006776,0.05893510279143559,0.1368123619291046,0.0581930876137432,0.1414735146684413,10,0.2229698760866861,0.06863254049092495,0.6224993360084121,98.9,47.2,1.0,0.0,0.0
few_shot_recovery.v1,7e4ca051c3e83074391652e28a163138129c1cb6610f8826248a90cd3d19409a,manavgat_2021,bejis_2022,manavgat_2021_to_bejis_2022,burnable_tree_shrub_grass,054a1961fc0582a33d36413263668b63074b21ae8b03d12269b6e228787f3439,3dec785a7d8e31db2d67ed283546bbfbca1559f56df46663488d0afc24d9e393,10,approximately_5_km,5,42,baseline,secondary,pr_auc,higher_is_better,2,10,0.0492849230291798,0.0986310610755729,0.1898914005576024,0.0492849230291798,0.0986310610755729,0.1898914005576024,0.0493461380463931,0.1406064775284226,0.35095209633153734,interpretable,false,false,false,false,0.0986310610755729,0.0675243636927106,0.13575543741445478,0.066706122459125,0.1368661574876569,10,0.35095209633153734,0.1297197752489307,0.6149824382578362,197.9,92.1,2.0,0.0,0.0
few_shot_recovery.v1,7e4ca051c3e83074391652e28a163138129c1cb6610f8826248a90cd3d19409a,manavgat_2021,bejis_2022,manavgat_2021_to_bejis_2022,burnable_tree_shrub_grass,054a1961fc0582a33d36413263668b63074b21ae8b03d12269b6e228787f3439,3dec785a7d8e31db2d67ed283546bbfbca1559f56df46663488d0afc24d9e393,10,approximately_5_km,5,42,baseline,secondary,pr_auc,higher_is_better,4,10,0.0492849230291798,0.13015224480539866,0.1898914005576024,0.0492849230291798,0.13015224480539866,0.1898914005576024,0.08086732177621886,0.1406064775284226,0.5751322641581154,interpretable,false,false,false,false,0.13015224480539866,0.10078957794164618,0.17720144971460317,0.0973844489878958,0.180117451473205,10,0.5751322641581154,0.36630357162638605,0.9097484620476746,394.4,187.9,4.0,0.0,0.0
few_shot_recovery.v1,7e4ca051c3e83074391652e28a163138129c1cb6610f8826248a90cd3d19409a,manavgat_2021,bejis_2022,manavgat_2021_to_bejis_2022,burnable_tree_shrub_grass,054a1961fc0582a33d36413263668b63074b21ae8b03d12269b6e228787f3439,3dec785a7d8e31db2d67ed283546bbfbca1559f56df46663488d0afc24d9e393,10,approximately_5_km,5,42,baseline,secondary,pr_auc,higher_is_better,8,10,0.0492849230291798,0.15144848386189325,0.1898914005576024,0.0492849230291798,0.15144848386189325,0.1898914005576024,0.10216356083271344,0.1406064775284226,0.7265921359281745,interpretable,false,false,false,false,0.15144848386189325,0.13235378541540613,0.17366663863508378,0.131244448941487,0.1736810155689468,10,0.7265921359281746,0.5907897263796722,0.884608716413944,788.3,377.0,8.0,0.0,0.0
few_shot_recovery.v1,7e4ca051c3e83074391652e28a163138129c1cb6610f8826248a90cd3d19409a,manavgat_2021,bejis_2022,manavgat_2021_to_bejis_2022,burnable_tree_shrub_grass,054a1961fc0582a33d36413263668b63074b21ae8b03d12269b6e228787f3439,3dec785a7d8e31db2d67ed283546bbfbca1559f56df46663488d0afc24d9e393,10,approximately_5_km,5,42,baseline,secondary,pr_auc,higher_is_better,16,10,0.0492849230291798,0.1832493197433642,0.1898914005576024,0.0492849230291798,0.1832493197433642,0.1898914005576024,0.1339643967141844,0.1406064775284226,0.9527612032461623,interpretable,false,false,false,false,0.1832493197433642,0.1781527077547873,0.18711836956946884,0.1771193524395688,0.1878112784362823,10,0.9527612032461623,0.9165138547728556,0.9802780708479594,1569.8,860.0,12.0,3.0,1.0
few_shot_recovery.v1,7e4ca051c3e83074391652e28a163138129c1cb6610f8826248a90cd3d19409a,manavgat_2021,bejis_2022,manavgat_2021_to_bejis_2022,burnable_tree_shrub_grass,054a1961fc0582a33d36413263668b63074b21ae8b03d12269b6e228787f3439,3dec785a7d8e31db2d67ed283546bbfbca1559f56df46663488d0afc24d9e393,10,approximately_5_km,5,42,baseline,secondary,pr_auc,higher_is_better,32,10,0.0492849230291798,0.18224860823070554,0.1898914005576024,0.0492849230291798,0.18224860823070554,0.1898914005576024,0.13296368520152574,0.1406064775284226,0.9456440950570579,interpretable,false,false,false,false,0.18224860823070554,0.17362964573468942,0.1869737072584599,0.1733997902972726,0.1874162180276349,10,0.9456440950570579,0.88434562113523,0.9792492255660648,2920.1,880.0,12.0,3.0,17.0
few_shot_recovery.v1,7e4ca051c3e83074391652e28a163138129c1cb6610f8826248a90cd3d19409a,manavgat_2021,bejis_2022,manavgat_2021_to_bejis_2022,burnable_tree_shrub_grass,054a1961fc0582a33d36413263668b63074b21ae8b03d12269b6e228787f3439,3dec785a7d8e31db2d67ed283546bbfbca1559f56df46663488d0afc24d9e393,10,approximately_5_km,5,42,baseline,secondary,roc_auc,higher_is_better,0,1,0.3321873669268985,0.3321873669268985,0.7793700238725079,0.3321873669268985,0.3321873669268985,0.7793700238725079,0.0,0.4471826569456094,0.0,interpretable,false,false,false,false,0.3321873669268985,0.3321873669268985,0.3321873669268985,0.3321873669268985,0.3321873669268985,1,0.0,0.0,0.0,0.0,0.0,0.0,0.0,0.0
few_shot_recovery.v1,7e4ca051c3e83074391652e28a163138129c1cb6610f8826248a90cd3d19409a,manavgat_2021,bejis_2022,manavgat_2021_to_bejis_2022,burnable_tree_shrub_grass,054a1961fc0582a33d36413263668b63074b21ae8b03d12269b6e228787f3439,3dec785a7d8e31db2d67ed283546bbfbca1559f56df46663488d0afc24d9e393,10,approximately_5_km,5,42,baseline,secondary,roc_auc,higher_is_better,1,10,0.3321873669268985,0.4707961642686625,0.7793700238725079,0.3321873669268985,0.4707961642686625,0.7793700238725079,0.138608797341764,0.4471826569456094,0.30996013639818537,interpretable,false,false,false,false,0.4707961642686625,0.418746017484999,0.5308902259823215,0.4160593586683012,0.5401227821149752,10,0.30996013639818537,0.1935644176125297,0.4443438401941226,98.9,47.2,1.0,0.0,0.0
few_shot_recovery.v1,7e4ca051c3e83074391652e28a163138129c1cb6610f8826248a90cd3d19409a,manavgat_2021,bejis_2022,manavgat_2021_to_bejis_2022,burnable_tree_shrub_grass,054a1961fc0582a33d36413263668b63074b21ae8b03d12269b6e228787f3439,3dec785a7d8e31db2d67ed283546bbfbca1559f56df46663488d0afc24d9e393,10,approximately_5_km,5,42,baseline,secondary,roc_auc,higher_is_better,2,10,0.3321873669268985,0.497384540938125,0.7793700238725079,0.3321873669268985,0.497384540938125,0.7793700238725079,0.16519717401122652,0.4471826569456094,0.3694176673567181,interpretable,false,false,false,false,0.497384540938125,0.4420801737208852,0.5491107297244984,0.4357359184463514,0.550410994257694,10,0.3694176673567181,0.24574478702860997,0.48508894392115065,197.9,92.1,2.0,0.0,0.0
few_shot_recovery.v1,7e4ca051c3e83074391652e28a163138129c1cb6610f8826248a90cd3d19409a,manavgat_2021,bejis_2022,manavgat_2021_to_bejis_2022,burnable_tree_shrub_grass,054a1961fc0582a33d36413263668b63074b21ae8b03d12269b6e228787f3439,3dec785a7d8e31db2d67ed283546bbfbca1559f56df46663488d0afc24d9e393,10,approximately_5_km,5,42,baseline,secondary,roc_auc,higher_is_better,4,10,0.3321873669268985,0.5853176495257758,0.7793700238725079,0.3321873669268985,0.5853176495257758,0.7793700238725079,0.2531302825988773,0.4471826569456094,0.566055679188975,interpretable,false,false,false,false,0.5853176495257758,0.5476672051422672,0.6294283340860701,0.5411472353055036,0.6318145041615588,10,0.566055679188975,0.48186090150982186,0.664696992475996,394.4,187.9,4.0,0.0,0.0
few_shot_recovery.v1,7e4ca051c3e83074391652e28a163138129c1cb6610f8826248a90cd3d19409a,manavgat_2021,bejis_2022,manavgat_2021_to_bejis_2022,burnable_tree_shrub_grass,054a1961fc0582a33d36413263668b63074b21ae8b03d12269b6e228787f3439,3dec785a7d8e31db2d67ed283546bbfbca1559f56df46663488d0afc24d9e393,10,approximately_5_km,5,42,baseline,secondary,roc_auc,higher_is_better,8,10,0.3321873669268985,0.6329573843473772,0.7793700238725079,0.3321873669268985,0.6329573843473772,0.7793700238725079,0.30077001742047876,0.4471826569456094,0.6725887347126284,interpretable,false,false,false,false,0.6329573843473772,0.6081025195173883,0.6460591618814117,0.6061984321569134,0.6478775404864829,10,0.6725887347126284,0.6170077222472633,0.7018872267953121,788.3,377.0,8.0,0.0,0.0
few_shot_recovery.v1,7e4ca051c3e83074391652e28a163138129c1cb6610f8826248a90cd3d19409a,manavgat_2021,bejis_2022,manavgat_2021_to_bejis_2022,burnable_tree_shrub_grass,054a1961fc0582a33d36413263668b63074b21ae8b03d12269b6e228787f3439,3dec785a7d8e31db2d67ed283546bbfbca1559f56df46663488d0afc24d9e393,10,approximately_5_km,5,42,baseline,secondary,roc_auc,higher_is_better,16,10,0.3321873669268985,0.6815517452738886,0.7793700238725079,0.3321873669268985,0.6815517452738886,0.7793700238725079,0.34936437834699013,0.4471826569456094,0.7812565467839312,interpretable,false,false,false,false,0.6815517452738886,0.6795545115813925,0.684721854635783,0.6792285308729596,0.6850561971740112,10,0.7812565467839311,0.7767902875015656,0.7883456172401674,1569.8,860.0,12.0,3.0,1.0
few_shot_recovery.v1,7e4ca051c3e83074391652e28a163138129c1cb6610f8826248a90cd3d19409a,manavgat_2021,bejis_2022,manavgat_2021_to_bejis_2022,burnable_tree_shrub_grass,054a1961fc0582a33d36413263668b63074b21ae8b03d12269b6e228787f3439,3dec785a7d8e31db2d67ed283546bbfbca1559f56df46663488d0afc24d9e393,10,approximately_5_km,5,42,baseline,secondary,roc_auc,higher_is_better,32,10,0.3321873669268985,0.6940648428930899,0.7793700238725079,0.3321873669268985,0.6940648428930899,0.7793700238725079,0.3618774759661914,0.4471826569456094,0.8092386194892313,interpretable,false,false,false,false,0.6940648428930899,0.6873558777985677,0.6984587634686109,0.6870703271178785,0.6986243306019744,10,0.8092386194892311,0.7942358795789974,0.8190644043386098,2920.1,880.0,12.0,3.0,17.0
few_shot_recovery.v1,7e4ca051c3e83074391652e28a163138129c1cb6610f8826248a90cd3d19409a,manavgat_2021,bejis_2022,manavgat_2021_to_bejis_2022,burnable_tree_shrub_grass,054a1961fc0582a33d36413263668b63074b21ae8b03d12269b6e228787f3439,3dec785a7d8e31db2d67ed283546bbfbca1559f56df46663488d0afc24d9e393,10,approximately_5_km,5,42,thermal,primary,brier_score,lower_is_better_oriented_by_negation,0,1,0.0881729110692977,0.0881729110692977,0.0786090110370667,-0.0881729110692977,-0.0881729110692977,-0.0786090110370667,0.0,0.009563900032230996,0.0,interpretable,false,false,false,false,0.0881729110692977,0.0881729110692977,0.0881729110692977,0.0881729110692977,0.0881729110692977,1,0.0,0.0,0.0,0.0,0.0,0.0,0.0,0.0
few_shot_recovery.v1,7e4ca051c3e83074391652e28a163138129c1cb6610f8826248a90cd3d19409a,manavgat_2021,bejis_2022,manavgat_2021_to_bejis_2022,burnable_tree_shrub_grass,054a1961fc0582a33d36413263668b63074b21ae8b03d12269b6e228787f3439,3dec785a7d8e31db2d67ed283546bbfbca1559f56df46663488d0afc24d9e393,10,approximately_5_km,5,42,thermal,primary,brier_score,lower_is_better_oriented_by_negation,1,10,0.0881729110692977,0.11997094182907289,0.0786090110370667,-0.0881729110692977,-0.11997094182907289,-0.0786090110370667,-0.03179803075977519,0.009563900032230996,-3.324797483517567,interpretable,false,false,true,false,0.11997094182907289,0.10001692676155821,0.16077114342867496,0.0973178399349907,0.1611494313425438,10,-3.3247974835175675,-7.5908606441636,-1.2384085626517816,98.9,47.2,1.0,0.0,0.0
few_shot_recovery.v1,7e4ca051c3e83074391652e28a163138129c1cb6610f8826248a90cd3d19409a,manavgat_2021,bejis_2022,manavgat_2021_to_bejis_2022,burnable_tree_shrub_grass,054a1961fc0582a33d36413263668b63074b21ae8b03d12269b6e228787f3439,3dec785a7d8e31db2d67ed283546bbfbca1559f56df46663488d0afc24d9e393,10,approximately_5_km,5,42,thermal,primary,brier_score,lower_is_better_oriented_by_negation,2,10,0.0881729110692977,0.14354564702524142,0.0786090110370667,-0.0881729110692977,-0.14354564702524142,-0.0786090110370667,-0.05537273595594372,0.009563900032230996,-5.789765239006454,interpretable,false,false,true,false,0.14354564702524142,0.13072721078536984,0.1913377945295326,0.1300955294832244,0.193703748827413,10,-5.789765239006452,-10.786905249172637,-4.449471405249033,197.9,92.1,2.0,0.0,0.0
few_shot_recovery.v1,7e4ca051c3e83074391652e28a163138129c1cb6610f8826248a90cd3d19409a,manavgat_2021,bejis_2022,manavgat_2021_to_bejis_2022,burnable_tree_shrub_grass,054a1961fc0582a33d36413263668b63074b21ae8b03d12269b6e228787f3439,3dec785a7d8e31db2d67ed283546bbfbca1559f56df46663488d0afc24d9e393,10,approximately_5_km,5,42,thermal,primary,brier_score,lower_is_better_oriented_by_negation,4,10,0.0881729110692977,0.2041743408598406,0.0786090110370667,-0.0881729110692977,-0.2041743408598406,-0.0786090110370667,-0.1160014297905429,0.009563900032230996,-12.12909267135898,interpretable,false,false,true,false,0.2041743408598406,0.15498664688900649,0.25414032586887086,0.1522686094471571,0.2591495730577039,10,-12.129092671358983,-17.35352881567683,-6.9860345250935225,394.4,187.9,4.0,0.0,0.0
few_shot_recovery.v1,7e4ca051c3e83074391652e28a163138129c1cb6610f8826248a90cd3d19409a,manavgat_2021,bejis_2022,manavgat_2021_to_bejis_2022,burnable_tree_shrub_grass,054a1961fc0582a33d36413263668b63074b21ae8b03d12269b6e228787f3439,3dec785a7d8e31db2d67ed283546bbfbca1559f56df46663488d0afc24d9e393,10,approximately_5_km,5,42,thermal,primary,brier_score,lower_is_better_oriented_by_negation,8,10,0.0881729110692977,0.25173928678146107,0.0786090110370667,-0.0881729110692977,-0.25173928678146107,-0.0786090110370667,-0.16356637571216337,0.009563900032230996,-17.102476516999708,interpretable,false,false,true,false,0.25173928678146107,0.2282518074263111,0.2852268996555826,0.2258892841933015,0.2875765496570533,10,-17.102476516999708,-20.603936461297117,-14.646629082794462,788.3,377.0,8.0,0.0,0.0
few_shot_recovery.v1,7e4ca051c3e83074391652e28a163138129c1cb6610f8826248a90cd3d19409a,manavgat_2021,bejis_2022,manavgat_2021_to_bejis_2022,burnable_tree_shrub_grass,054a1961fc0582a33d36413263668b63074b21ae8b03d12269b6e228787f3439,3dec785a7d8e31db2d67ed283546bbfbca1559f56df46663488d0afc24d9e393,10,approximately_5_km,5,42,thermal,primary,brier_score,lower_is_better_oriented_by_negation,16,10,0.0881729110692977,0.3188412845416211,0.0786090110370667,-0.0881729110692977,-0.3188412845416211,-0.0786090110370667,-0.23066837347232338,0.009563900032230996,-24.11865166877061,interpretable,false,false,true,false,0.3188412845416211,0.310597517507833,0.32319480101654824,0.3104555661612219,0.3237374013940127,10,-24.118651668770603,-24.5738547198539,-23.256684583585066,1569.8,860.0,12.0,3.0,1.0
few_shot_recovery.v1,7e4ca051c3e83074391652e28a163138129c1cb6610f8826248a90cd3d19409a,manavgat_2021,bejis_2022,manavgat_2021_to_bejis_2022,burnable_tree_shrub_grass,054a1961fc0582a33d36413263668b63074b21ae8b03d12269b6e228787f3439,3dec785a7d8e31db2d67ed283546bbfbca1559f56df46663488d0afc24d9e393,10,approximately_5_km,5,42,thermal,primary,brier_score,lower_is_better_oriented_by_negation,32,10,0.0881729110692977,0.1818358140030064,0.0786090110370667,-0.0881729110692977,-0.1818358140030064,-0.0786090110370667,-0.09366290293370871,0.009563900032230996,-9.793379543706891,interpretable,false,false,true,false,0.1818358140030064,0.17526247866419023,0.18601283917311964,0.174663233068845,0.1861760716554265,10,-9.793379543706891,-10.230128689561235,-9.106072554229417,2920.1,880.0,12.0,3.0,17.0
few_shot_recovery.v1,7e4ca051c3e83074391652e28a163138129c1cb6610f8826248a90cd3d19409a,manavgat_2021,bejis_2022,manavgat_2021_to_bejis_2022,burnable_tree_shrub_grass,054a1961fc0582a33d36413263668b63074b21ae8b03d12269b6e228787f3439,3dec785a7d8e31db2d67ed283546bbfbca1559f56df46663488d0afc24d9e393,10,approximately_5_km,5,42,thermal,primary,pr_auc,higher_is_better,0,1,0.0487581216869248,0.0487581216869248,0.2977139932662314,0.0487581216869248,0.0487581216869248,0.2977139932662314,0.0,0.24895587157930657,0.0,interpretable,false,false,false,false,0.0487581216869248,0.0487581216869248,0.0487581216869248,0.0487581216869248,0.0487581216869248,1,0.0,0.0,0.0,0.0,0.0,0.0,0.0,0.0
few_shot_recovery.v1,7e4ca051c3e83074391652e28a163138129c1cb6610f8826248a90cd3d19409a,manavgat_2021,bejis_2022,manavgat_2021_to_bejis_2022,burnable_tree_shrub_grass,054a1961fc0582a33d36413263668b63074b21ae8b03d12269b6e228787f3439,3dec785a7d8e31db2d67ed283546bbfbca1559f56df46663488d0afc24d9e393,10,approximately_5_km,5,42,thermal,primary,pr_auc,higher_is_better,1,10,0.0487581216869248,0.081134298201261,0.2977139932662314,0.0487581216869248,0.081134298201261,0.2977139932662314,0.0323761765143362,0.24895587157930657,0.1300478526935347,interpretable,false,false,false,false,0.081134298201261,0.06024034273651089,0.11893410434719681,0.0599145621208316,0.1196526922828297,10,0.1300478526935347,0.046121511321448566,0.28188121137732225,98.9,47.2,1.0,0.0,0.0
few_shot_recovery.v1,7e4ca051c3e83074391652e28a163138129c1cb6610f8826248a90cd3d19409a,manavgat_2021,bejis_2022,manavgat_2021_to_bejis_2022,burnable_tree_shrub_grass,054a1961fc0582a33d36413263668b63074b21ae8b03d12269b6e228787f3439,3dec785a7d8e31db2d67ed283546bbfbca1559f56df46663488d0afc24d9e393,10,approximately_5_km,5,42,thermal,primary,pr_auc,higher_is_better,2,10,0.0487581216869248,0.09903404481128066,0.2977139932662314,0.0487581216869248,0.09903404481128066,0.2977139932662314,0.05027592312435585,0.24895587157930657,0.2019471274383666,interpretable,false,false,false,false,0.09903404481128066,0.06679300755464972,0.13095501646056842,0.0662594406314346,0.1346634474055415,10,0.2019471274383666,0.07244209888811469,0.3301665241000723,197.9,92.1,2.0,0.0,0.0
few_shot_recovery.v1,7e4ca051c3e83074391652e28a163138129c1cb6610f8826248a90cd3d19409a,manavgat_2021,bejis_2022,manavgat_2021_to_bejis_2022,burnable_tree_shrub_grass,054a1961fc0582a33d36413263668b63074b21ae8b03d12269b6e228787f3439,3dec785a7d8e31db2d67ed283546bbfbca1559f56df46663488d0afc24d9e393,10,approximately_5_km,5,42,thermal,primary,pr_auc,higher_is_better,4,10,0.0487581216869248,0.14194074650013744,0.2977139932662314,0.0487581216869248,0.14194074650013744,0.2977139932662314,0.09318262481321263,0.24895587157930657,0.3742937421884773,interpretable,false,false,false,false,0.14194074650013744,0.11986966914014775,0.18298132771143888,0.1180772355618983,0.1889240383508906,10,0.37429374218847733,0.2856391656967604,0.5391445687665027,394.4,187.9,4.0,0.0,0.0
few_shot_recovery.v1,7e4ca051c3e83074391652e28a163138129c1cb6610f8826248a90cd3d19409a,manavgat_2021,bejis_2022,manavgat_2021_to_bejis_2022,burnable_tree_shrub_grass,054a1961fc0582a33d36413263668b63074b21ae8b03d12269b6e228787f3439,3dec785a7d8e31db2d67ed283546bbfbca1559f56df46663488d0afc24d9e393,10,approximately_5_km,5,42,thermal,primary,pr_auc,higher_is_better,8,10,0.0487581216869248,0.1785310713808747,0.2977139932662314,0.0487581216869248,0.1785310713808747,0.2977139932662314,0.1297729496939499,0.24895587157930657,0.5212688854081108,interpretable,false,false,false,false,0.1785310713808747,0.14592627963998206,0.1991922195395616,0.1420255762584969,0.2001529392370411,10,0.5212688854081108,0.390302736531778,0.6042600919525409,788.3,377.0,8.0,0.0,0.0
few_shot_recovery.v1,7e4ca051c3e83074391652e28a163138129c1cb6610f8826248a90cd3d19409a,manavgat_2021,bejis_2022,manavgat_2021_to_bejis_2022,burnable_tree_shrub_grass,054a1961fc0582a33d36413263668b63074b21ae8b03d12269b6e228787f3439,3dec785a7d8e31db2d67ed283546bbfbca1559f56df46663488d0afc24d9e393,10,approximately_5_km,5,42,thermal,primary,pr_auc,higher_is_better,16,10,0.0487581216869248,0.2109889303205439,0.2977139932662314,0.0487581216869248,0.2109889303205439,0.2977139932662314,0.16223080863361908,0.24895587157930657,0.6516448381171815,interpretable,false,false,false,false,0.2109889303205439,0.20430557850186323,0.2223774850471068,0.2039172440317447,0.2226077423255375,10,0.6516448381171817,0.6247993101274888,0.6973901127890224,1569.8,860.0,12.0,3.0,1.0
few_shot_recovery.v1,7e4ca051c3e83074391652e28a163138129c1cb6610f8826248a90cd3d19409a,manavgat_2021,bejis_2022,manavgat_2021_to_bejis_2022,burnable_tree_shrub_grass,054a1961fc0582a33d36413263668b63074b21ae8b03d12269b6e228787f3439,3dec785a7d8e31db2d67ed283546bbfbca1559f56df46663488d0afc24d9e393,10,approximately_5_km,5,42,thermal,primary,pr_auc,higher_is_better,32,10,0.0487581216869248,0.24985592240372922,0.2977139932662314,0.0487581216869248,0.24985592240372922,0.2977139932662314,0.20109780071680441,0.24895587157930657,0.8077648437897692,interpretable,false,false,false,false,0.24985592240372922,0.23912654498989747,0.2653384020700495,0.2372067667045385,0.2663418170902707,10,0.8077648437897693,0.7646673368068345,0.8699544983984505,2920.1,880.0,12.0,3.0,17.0
few_shot_recovery.v1,7e4ca051c3e83074391652e28a163138129c1cb6610f8826248a90cd3d19409a,manavgat_2021,bejis_2022,manavgat_2021_to_bejis_2022,burnable_tree_shrub_grass,054a1961fc0582a33d36413263668b63074b21ae8b03d12269b6e228787f3439,3dec785a7d8e31db2d67ed283546bbfbca1559f56df46663488d0afc24d9e393,10,approximately_5_km,5,42,thermal,primary,roc_auc,higher_is_better,0,1,0.3258336344280276,0.3258336344280276,0.8244685786179753,0.3258336344280276,0.3258336344280276,0.8244685786179753,0.0,0.4986349441899477,0.0,interpretable,false,false,false,false,0.3258336344280276,0.3258336344280276,0.3258336344280276,0.3258336344280276,0.3258336344280276,1,0.0,0.0,0.0,0.0,0.0,0.0,0.0,0.0
few_shot_recovery.v1,7e4ca051c3e83074391652e28a163138129c1cb6610f8826248a90cd3d19409a,manavgat_2021,bejis_2022,manavgat_2021_to_bejis_2022,burnable_tree_shrub_grass,054a1961fc0582a33d36413263668b63074b21ae8b03d12269b6e228787f3439,3dec785a7d8e31db2d67ed283546bbfbca1559f56df46663488d0afc24d9e393,10,approximately_5_km,5,42,thermal,primary,roc_auc,higher_is_better,1,10,0.3258336344280276,0.4751458481192335,0.8244685786179753,0.3258336344280276,0.4751458481192335,0.8244685786179753,0.1493122136912059,0.4986349441899477,0.29944193729496743,interpretable,false,false,false,false,0.4751458481192335,0.40900011129750297,0.5321339392864056,0.405137686302342,0.5348594748048261,10,0.29944193729496743,0.16678830442696435,0.41373013917731144,98.9,47.2,1.0,0.0,0.0
few_shot_recovery.v1,7e4ca051c3e83074391652e28a163138129c1cb6610f8826248a90cd3d19409a,manavgat_2021,bejis_2022,manavgat_2021_to_bejis_2022,burnable_tree_shrub_grass,054a1961fc0582a33d36413263668b63074b21ae8b03d12269b6e228787f3439,3dec785a7d8e31db2d67ed283546bbfbca1559f56df46663488d0afc24d9e393,10,approximately_5_km,5,42,thermal,primary,roc_auc,higher_is_better,2,10,0.3258336344280276,0.500477934060262,0.8244685786179753,0.3258336344280276,0.500477934060262,0.8244685786179753,0.17464429963223438,0.4986349441899477,0.35024480668107005,interpretable,false,false,false,false,0.500477934060262,0.4344677075940383,0.5569970449706433,0.4270773598296664,0.5600620040002581,10,0.35024480668107,0.21786293646645857,0.46359248030269884,197.9,92.1,2.0,0.0,0.0
few_shot_recovery.v1,7e4ca051c3e83074391652e28a163138129c1cb6610f8826248a90cd3d19409a,manavgat_2021,bejis_2022,manavgat_2021_to_bejis_2022,burnable_tree_shrub_grass,054a1961fc0582a33d36413263668b63074b21ae8b03d12269b6e228787f3439,3dec785a7d8e31db2d67ed283546bbfbca1559f56df46663488d0afc24d9e393,10,approximately_5_km,5,42,thermal,primary,roc_auc,higher_is_better,4,10,0.3258336344280276,0.6070858119878701,0.8244685786179753,0.3258336344280276,0.6070858119878701,0.8244685786179753,0.28125217755984255,0.4986349441899477,0.5640442589051754,interpretable,false,false,false,false,0.6070858119878701,0.526471677204981,0.6541374782244016,0.5112196270727144,0.6592771146525582,10,0.5640442589051755,0.40237461316093254,0.6584052072999349,394.4,187.9,4.0,0.0,0.0
few_shot_recovery.v1,7e4ca051c3e83074391652e28a163138129c1cb6610f8826248a90cd3d19409a,manavgat_2021,bejis_2022,manavgat_2021_to_bejis_2022,burnable_tree_shrub_grass,054a1961fc0582a33d36413263668b63074b21ae8b03d12269b6e228787f3439,3dec785a7d8e31db2d67ed283546bbfbca1559f56df46663488d0afc24d9e393,10,approximately_5_km,5,42,thermal,primary,roc_auc,higher_is_better,8,10,0.3258336344280276,0.6588180850377443,0.8244685786179753,0.3258336344280276,0.6588180850377443,0.8244685786179753,0.3329844506097167,0.4986349441899477,0.6677920480496272,interpretable,false,false,false,false,0.6588180850377443,0.6300064988063747,0.6790698883798956,0.6272003355055166,0.6807226272662753,10,0.6677920480496273,0.6100111272235201,0.7084065368216708,788.3,377.0,8.0,0.0,0.0
few_shot_recovery.v1,7e4ca051c3e83074391652e28a163138129c1cb6610f8826248a90cd3d19409a,manavgat_2021,bejis_2022,manavgat_2021_to_bejis_2022,burnable_tree_shrub_grass,054a1961fc0582a33d36413263668b63074b21ae8b03d12269b6e228787f3439,3dec785a7d8e31db2d67ed283546bbfbca1559f56df46663488d0afc24d9e393,10,approximately_5_km,5,42,thermal,primary,roc_auc,higher_is_better,16,10,0.3258336344280276,0.7238371830440673,0.8244685786179753,0.3258336344280276,0.7238371830440673,0.8244685786179753,0.3980035486160397,0.4986349441899477,0.7981862347465686,interpretable,false,false,false,false,0.7238371830440673,0.7196368749596748,0.7307318617330151,0.7194740951029098,0.7307857926317827,10,0.7981862347465687,0.7897626211724816,0.8120133416697474,1569.8,860.0,12.0,3.0,1.0
few_shot_recovery.v1,7e4ca051c3e83074391652e28a163138129c1cb6610f8826248a90cd3d19409a,manavgat_2021,bejis_2022,manavgat_2021_to_bejis_2022,burnable_tree_shrub_grass,054a1961fc0582a33d36413263668b63074b21ae8b03d12269b6e228787f3439,3dec785a7d8e31db2d67ed283546bbfbca1559f56df46663488d0afc24d9e393,10,approximately_5_km,5,42,thermal,primary,roc_auc,higher_is_better,32,10,0.3258336344280276,0.7716763016968837,0.8244685786179753,0.3258336344280276,0.7716763016968837,0.8244685786179753,0.44584266726885613,0.4986349441899477,0.8941263994105854,interpretable,false,false,false,false,0.7716763016968837,0.7577837763726692,0.779182444028647,0.7569105748757985,0.7805526808181172,10,0.8941263994105852,0.8662652848094348,0.9091797814874418,2920.1,880.0,12.0,3.0,17.0
few_shot_recovery.v1,7e4ca051c3e83074391652e28a163138129c1cb6610f8826248a90cd3d19409a,manavgat_2021,mugla_2021,manavgat_2021_to_mugla_2021,burnable_tree_shrub_grass,054a1961fc0582a33d36413263668b63074b21ae8b03d12269b6e228787f3439,c4ab107db2207f9f20775ccc0b3bf39381173fd07d4e82f6821ce7f40be7db8e,10,approximately_5_km,5,42,baseline,secondary,brier_score,lower_is_better_oriented_by_negation,0,1,0.1156993972525345,0.1156993972525345,0.1127183407826073,-0.1156993972525345,-0.1156993972525345,-0.1127183407826073,0.0,0.002981056469927204,0.0,interpretable,false,false,false,false,0.1156993972525345,0.1156993972525345,0.1156993972525345,0.1156993972525345,0.1156993972525345,1,0.0,0.0,0.0,0.0,0.0,0.0,0.0,0.0
few_shot_recovery.v1,7e4ca051c3e83074391652e28a163138129c1cb6610f8826248a90cd3d19409a,manavgat_2021,mugla_2021,manavgat_2021_to_mugla_2021,burnable_tree_shrub_grass,054a1961fc0582a33d36413263668b63074b21ae8b03d12269b6e228787f3439,c4ab107db2207f9f20775ccc0b3bf39381173fd07d4e82f6821ce7f40be7db8e,10,approximately_5_km,5,42,baseline,secondary,brier_score,lower_is_better_oriented_by_negation,1,10,0.1156993972525345,0.11678121628764934,0.1127183407826073,-0.1156993972525345,-0.11678121628764934,-0.1127183407826073,-0.0010818190351148393,0.002981056469927204,-0.3628978672588704,interpretable,false,false,true,false,0.11678121628764934,0.11590387761804508,0.12166602083981982,0.1158690404336345,0.121932909314481,10,-0.36289786725887274,-2.0015131036518166,-0.0685932546308225,90.0,35.2,1.0,0.0,0.0
few_shot_recovery.v1,7e4ca051c3e83074391652e28a163138129c1cb6610f8826248a90cd3d19409a,manavgat_2021,mugla_2021,manavgat_2021_to_mugla_2021,burnable_tree_shrub_grass,054a1961fc0582a33d36413263668b63074b21ae8b03d12269b6e228787f3439,c4ab107db2207f9f20775ccc0b3bf39381173fd07d4e82f6821ce7f40be7db8e,10,approximately_5_km,5,42,baseline,secondary,brier_score,lower_is_better_oriented_by_negation,2,10,0.1156993972525345,0.1192257567357834,0.1127183407826073,-0.1156993972525345,-0.1192257567357834,-0.1127183407826073,-0.003526359483248892,0.002981056469927204,-1.1829227385736185,interpretable,false,false,true,false,0.1192257567357834,0.11596630201144811,0.12427599541822182,0.1153998235643158,0.12521870830307,10,-1.182922738573621,-2.8770331096400694,-0.08953361387351486,175.6,68.8,2.0,0.0,0.0
few_shot_recovery.v1,7e4ca051c3e83074391652e28a163138129c1cb6610f8826248a90cd3d19409a,manavgat_2021,mugla_2021,manavgat_2021_to_mugla_2021,burnable_tree_shrub_grass,054a1961fc0582a33d36413263668b63074b21ae8b03d12269b6e228787f3439,c4ab107db2207f9f20775ccc0b3bf39381173fd07d4e82f6821ce7f40be7db8e,10,approximately_5_km,5,42,baseline,secondary,brier_score,lower_is_better_oriented_by_negation,4,10,0.1156993972525345,0.12316452642306919,0.1127183407826073,-0.1156993972525345,-0.12316452642306919,-0.1127183407826073,-0.0074651291705346845,0.002981056469927204,-2.5041891174631052,interpretable,false,false,true,false,0.12316452642306919,0.12112480000044888,0.12652297264304702,0.1211014817054277,0.1265813720429302,10,-2.5041891174631075,-3.630785092365864,-1.8199597366388915,349.5,139.5,4.0,0.0,0.0
few_shot_recovery.v1,7e4ca051c3e83074391652e28a163138129c1cb6610f8826248a90cd3d19409a,manavgat_2021,mugla_2021,manavgat_2021_to_mugla_2021,burnable_tree_shrub_grass,054a1961fc0582a33d36413263668b63074b21ae8b03d12269b6e228787f3439,c4ab107db2207f9f20775ccc0b3bf39381173fd07d4e82f6821ce7f40be7db8e,10,approximately_5_km,5,42,baseline,secondary,brier_score,lower_is_better_oriented_by_negation,8,10,0.1156993972525345,0.13181250895801339,0.1127183407826073,-0.1156993972525345,-0.13181250895801339,-0.1127183407826073,-0.016113111705478883,0.002981056469927204,-5.405168224093506,interpretable,false,false,true,false,0.13181250895801339,0.12876385210469993,0.13867395159912946,0.1284988171043995,0.1389769765666612,10,-5.4051682240935115,-7.7068497622777254,-4.382491571011555,688.3,277.7,8.0,0.0,0.0
few_shot_recovery.v1,7e4ca051c3e83074391652e28a163138129c1cb6610f8826248a90cd3d19409a,manavgat_2021,mugla_2021,manavgat_2021_to_mugla_2021,burnable_tree_shrub_grass,054a1961fc0582a33d36413263668b63074b21ae8b03d12269b6e228787f3439,c4ab107db2207f9f20775ccc0b3bf39381173fd07d4e82f6821ce7f40be7db8e,10,approximately_5_km,5,42,baseline,secondary,brier_score,lower_is_better_oriented_by_negation,16,10,0.1156993972525345,0.14414092913186785,0.1127183407826073,-0.1156993972525345,-0.14414092913186785,-0.1127183407826073,-0.028441531879333348,0.002981056469927204,-9.54075582473883,interpretable,false,false,true,false,0.14414092913186785,0.14117122030420334,0.1530887410486586,0.1411137853316588,0.1538977190224124,10,-9.54075582473883,-12.542313160889945,-8.544562408873404,1371.4,550.3,16.0,0.0,0.0
few_shot_recovery.v1,7e4ca051c3e83074391652e28a163138129c1cb6610f8826248a90cd3d19409a,manavgat_2021,mugla_2021,manavgat_2021_to_mugla_2021,burnable_tree_shrub_grass,054a1961fc0582a33d36413263668b63074b21ae8b03d12269b6e228787f3439,c4ab107db2207f9f20775ccc0b3bf39381173fd07d4e82f6821ce7f40be7db8e,10,approximately_5_km,5,42,baseline,secondary,brier_score,lower_is_better_oriented_by_negation,32,10,0.1156993972525345,0.16312939863160086,0.1127183407826073,-0.1156993972525345,-0.16312939863160086,-0.1127183407826073,-0.04743000137906636,0.002981056469927204,-15.910467264722623,interpretable,false,false,true,false,0.16312939863160086,0.15881391935122163,0.1667294566888804,0.1585299098284838,0.1673049496190645,10,-15.910467264722618,-17.11811230385449,-14.462833070632833,2738.8,1065.5,32.0,0.0,0.0
few_shot_recovery.v1,7e4ca051c3e83074391652e28a163138129c1cb6610f8826248a90cd3d19409a,manavgat_2021,mugla_2021,manavgat_2021_to_mugla_2021,burnable_tree_shrub_grass,054a1961fc0582a33d36413263668b63074b21ae8b03d12269b6e228787f3439,c4ab107db2207f9f20775ccc0b3bf39381173fd07d4e82f6821ce7f40be7db8e,10,approximately_5_km,5,42,baseline,secondary,pr_auc,higher_is_better,0,1,0.0749055111757259,0.0749055111757259,0.163687445860183,0.0749055111757259,0.0749055111757259,0.163687445860183,0.0,0.0887819346844571,0.0,interpretable,false,false,false,false,0.0749055111757259,0.0749055111757259,0.0749055111757259,0.0749055111757259,0.0749055111757259,1,0.0,0.0,0.0,0.0,0.0,0.0,0.0,0.0
few_shot_recovery.v1,7e4ca051c3e83074391652e28a163138129c1cb6610f8826248a90cd3d19409a,manavgat_2021,mugla_2021,manavgat_2021_to_mugla_2021,burnable_tree_shrub_grass,054a1961fc0582a33d36413263668b63074b21ae8b03d12269b6e228787f3439,c4ab107db2207f9f20775ccc0b3bf39381173fd07d4e82f6821ce7f40be7db8e,10,approximately_5_km,5,42,baseline,secondary,pr_auc,higher_is_better,1,10,0.0749055111757259,0.07488013820506775,0.163687445860183,0.0749055111757259,0.07488013820506775,0.163687445860183,-2.537297065814681e-05,0.0887819346844571,-0.0002857897921274835,interpretable,false,false,true,false,0.07488013820506775,0.0737546007082789,0.07754895636334222,0.0735534419180365,0.0778876139039622,10,-0.00028578979212748345,-0.012963340701433096,0.02977458417651609,90.0,35.2,1.0,0.0,0.0
few_shot_recovery.v1,7e4ca051c3e83074391652e28a163138129c1cb6610f8826248a90cd3d19409a,manavgat_2021,mugla_2021,manavgat_2021_to_mugla_2021,burnable_tree_shrub_grass,054a1961fc0582a33d36413263668b63074b21ae8b03d12269b6e228787f3439,c4ab107db2207f9f20775ccc0b3bf39381173fd07d4e82f6821ce7f40be7db8e,10,approximately_5_km,5,42,baseline,secondary,pr_auc,higher_is_better,2,10,0.0749055111757259,0.07462183493249941,0.163687445860183,0.0749055111757259,0.07462183493249941,0.163687445860183,-0.0002836762432264911,0.0887819346844571,-0.0031952023149159174,interpretable,false,false,true,false,0.07462183493249941,0.07304732615670578,0.0773868344717175,0.0729411699673214,0.0779931472375455,10,-0.0031952023149159955,-0.020929764885439305,0.027948515706608022,175.6,68.8,2.0,0.0,0.0
few_shot_recovery.v1,7e4ca051c3e83074391652e28a163138129c1cb6610f8826248a90cd3d19409a,manavgat_2021,mugla_2021,manavgat_2021_to_mugla_2021,burnable_tree_shrub_grass,054a1961fc0582a33d36413263668b63074b21ae8b03d12269b6e228787f3439,c4ab107db2207f9f20775ccc0b3bf39381173fd07d4e82f6821ce7f40be7db8e,10,approximately_5_km,5,42,baseline,secondary,pr_auc,higher_is_better,4,10,0.0749055111757259,0.07507798397163976,0.163687445860183,0.0749055111757259,0.07507798397163976,0.163687445860183,0.00017247279591385556,0.0887819346844571,0.0019426564258466208,interpretable,false,false,false,false,0.07507798397163976,0.0723981503229465,0.07760455286151097,0.0723695793791103,0.0780907641844815,10,0.0019426564258465426,-0.0282417910996297,0.030400798263496093,349.5,139.5,4.0,0.0,0.0
few_shot_recovery.v1,7e4ca051c3e83074391652e28a163138129c1cb6610f8826248a90cd3d19409a,manavgat_2021,mugla_2021,manavgat_2021_to_mugla_2021,burnable_tree_shrub_grass,054a1961fc0582a33d36413263668b63074b21ae8b03d12269b6e228787f3439,c4ab107db2207f9f20775ccc0b3bf39381173fd07d4e82f6821ce7f40be7db8e,10,approximately_5_km,5,42,baseline,secondary,pr_auc,higher_is_better,8,10,0.0749055111757259,0.07476741795687056,0.163687445860183,0.0749055111757259,0.07476741795687056,0.163687445860183,-0.00013809321885534243,0.0887819346844571,-0.0015554202478932706,interpretable,false,false,true,false,0.07476741795687056,0.07127176636414136,0.08064177128569125,0.0710397211407246,0.0814811337047037,10,-0.0015554202478933487,-0.04092887617846304,0.06461066804133962,688.3,277.7,8.0,0.0,0.0
few_shot_recovery.v1,7e4ca051c3e83074391652e28a163138129c1cb6610f8826248a90cd3d19409a,manavgat_2021,mugla_2021,manavgat_2021_to_mugla_2021,burnable_tree_shrub_grass,054a1961fc0582a33d36413263668b63074b21ae8b03d12269b6e228787f3439,c4ab107db2207f9f20775ccc0b3bf39381173fd07d4e82f6821ce7f40be7db8e,10,approximately_5_km,5,42,baseline,secondary,pr_auc,higher_is_better,16,10,0.0749055111757259,0.07628241812285225,0.163687445860183,0.0749055111757259,0.07628241812285225,0.163687445860183,0.0013769069471263468,0.0887819346844571,0.015508863959994325,interpretable,false,false,false,false,0.07628241812285225,0.07155238075964195,0.08020465677996452,0.0710934518874689,0.0802776612372859,10,0.015508863959994325,-0.03776816114676297,0.05968720577077412,1371.4,550.3,16.0,0.0,0.0
few_shot_recovery.v1,7e4ca051c3e83074391652e28a163138129c1cb6610f8826248a90cd3d19409a,manavgat_2021,mugla_2021,manavgat_2021_to_mugla_2021,burnable_tree_shrub_grass,054a1961fc0582a33d36413263668b63074b21ae8b03d12269b6e228787f3439,c4ab107db2207f9f20775ccc0b3bf39381173fd07d4e82f6821ce7f40be7db8e,10,approximately_5_km,5,42,baseline,secondary,pr_auc,higher_is_better,32,10,0.0749055111757259,0.07775791136516905,0.163687445860183,0.0749055111757259,0.07775791136516905,0.163687445860183,0.0028524001894431467,0.0887819346844571,0.03212815985122378,interpretable,false,false,false,false,0.07775791136516905,0.07376961984718607,0.07982658481872143,0.0735923394533816,0.0800231719281437,10,0.03212815985122386,-0.012794171838864943,0.055428772311458305,2738.8,1065.5,32.0,0.0,0.0
few_shot_recovery.v1,7e4ca051c3e83074391652e28a163138129c1cb6610f8826248a90cd3d19409a,manavgat_2021,mugla_2021,manavgat_2021_to_mugla_2021,burnable_tree_shrub_grass,054a1961fc0582a33d36413263668b63074b21ae8b03d12269b6e228787f3439,c4ab107db2207f9f20775ccc0b3bf39381173fd07d4e82f6821ce7f40be7db8e,10,approximately_5_km,5,42,baseline,secondary,roc_auc,higher_is_better,0,1,0.5079294316533508,0.5079294316533508,0.6979859420145867,0.5079294316533508,0.5079294316533508,0.6979859420145867,0.0,0.19005651036123594,0.0,interpretable,false,false,false,false,0.5079294316533508,0.5079294316533508,0.5079294316533508,0.5079294316533508,0.5079294316533508,1,0.0,0.0,0.0,0.0,0.0,0.0,0.0,0.0
few_shot_recovery.v1,7e4ca051c3e83074391652e28a163138129c1cb6610f8826248a90cd3d19409a,manavgat_2021,mugla_2021,manavgat_2021_to_mugla_2021,burnable_tree_shrub_grass,054a1961fc0582a33d36413263668b63074b21ae8b03d12269b6e228787f3439,c4ab107db2207f9f20775ccc0b3bf39381173fd07d4e82f6821ce7f40be7db8e,10,approximately_5_km,5,42,baseline,secondary,roc_auc,higher_is_better,1,10,0.5079294316533508,0.5121082518911217,0.6979859420145867,0.5079294316533508,0.5121082518911217,0.6979859420145867,0.004178820237770942,0.19005651036123594,0.021987251211907217,interpretable,false,false,false,false,0.5121082518911217,0.5018680297373919,0.5235947822000384,0.5013416032792803,0.5240350292931258,10,0.02198725121190722,-0.03189262974700615,0.08242469840634675,90.0,35.2,1.0,0.0,0.0
few_shot_recovery.v1,7e4ca051c3e83074391652e28a163138129c1cb6610f8826248a90cd3d19409a,manavgat_2021,mugla_2021,manavgat_2021_to_mugla_2021,burnable_tree_shrub_grass,054a1961fc0582a33d36413263668b63074b21ae8b03d12269b6e228787f3439,c4ab107db2207f9f20775ccc0b3bf39381173fd07d4e82f6821ce7f40be7db8e,10,approximately_5_km,5,42,baseline,secondary,roc_auc,higher_is_better,2,10,0.5079294316533508,0.5097651850019895,0.6979859420145867,0.5079294316533508,0.5097651850019895,0.6979859420145867,0.0018357533486387245,0.19005651036123594,0.009658986925254763,interpretable,false,false,false,false,0.5097651850019895,0.4993295053236573,0.524883954378232,0.4986803874607331,0.5280028003725135,10,0.009658986925255056,-0.04524931197225429,0.08920779768425809,175.6,68.8,2.0,0.0,0.0
few_shot_recovery.v1,7e4ca051c3e83074391652e28a163138129c1cb6610f8826248a90cd3d19409a,manavgat_2021,mugla_2021,manavgat_2021_to_mugla_2021,burnable_tree_shrub_grass,054a1961fc0582a33d36413263668b63074b21ae8b03d12269b6e228787f3439,c4ab107db2207f9f20775ccc0b3bf39381173fd07d4e82f6821ce7f40be7db8e,10,approximately_5_km,5,42,baseline,secondary,roc_auc,higher_is_better,4,10,0.5079294316533508,0.511775466066744,0.6979859420145867,0.5079294316533508,0.511775466066744,0.6979859420145867,0.0038460344133931512,0.19005651036123594,0.02023626765577819,interpretable,false,false,false,false,0.511775466066744,0.5027882810355336,0.5235789744198491,0.5026446630301387,0.5240965812416829,10,0.02023626765577819,-0.027050641980353805,0.08234152430113356,349.5,139.5,4.0,0.0,0.0
few_shot_recovery.v1,7e4ca051c3e83074391652e28a163138129c1cb6610f8826248a90cd3d19409a,manavgat_2021,mugla_2021,manavgat_2021_to_mugla_2021,burnable_tree_shrub_grass,054a1961fc0582a33d36413263668b63074b21ae8b03d12269b6e228787f3439,c4ab107db2207f9f20775ccc0b3bf39381173fd07d4e82f6821ce7f40be7db8e,10,approximately_5_km,5,42,baseline,secondary,roc_auc,higher_is_better,8,10,0.5079294316533508,0.5144527147718987,0.6979859420145867,0.5079294316533508,0.5144527147718987,0.6979859420145867,0.0065232831185478846,0.19005651036123594,0.03432286063839241,interpretable,false,false,false,false,0.5144527147718987,0.5016778985514332,0.5390436190885606,0.5011445051879517,0.5428014312547034,10,0.03432286063839212,-0.03289302265960544,0.16371019006963636,688.3,277.7,8.0,0.0,0.0
few_shot_recovery.v1,7e4ca051c3e83074391652e28a163138129c1cb6610f8826248a90cd3d19409a,manavgat_2021,mugla_2021,manavgat_2021_to_mugla_2021,burnable_tree_shrub_grass,054a1961fc0582a33d36413263668b63074b21ae8b03d12269b6e228787f3439,c4ab107db2207f9f20775ccc0b3bf39381173fd07d4e82f6821ce7f40be7db8e,10,approximately_5_km,5,42,baseline,secondary,roc_auc,higher_is_better,16,10,0.5079294316533508,0.5250972705297031,0.6979859420145867,0.5079294316533508,0.5250972705297031,0.6979859420145867,0.017167838876352315,0.19005651036123594,0.09033018044855085,interpretable,false,false,false,false,0.5250972705297031,0.5092973533573608,0.5417787062053859,0.5092800834363189,0.5427348617006785,10,0.09033018044855085,0.0071974472298267644,0.17810110523285216,1371.4,550.3,16.0,0.0,0.0
few_shot_recovery.v1,7e4ca051c3e83074391652e28a163138129c1cb6610f8826248a90cd3d19409a,manavgat_2021,mugla_2021,manavgat_2021_to_mugla_2021,burnable_tree_shrub_grass,054a1961fc0582a33d36413263668b63074b21ae8b03d12269b6e228787f3439,c4ab107db2207f9f20775ccc0b3bf39381173fd07d4e82f6821ce7f40be7db8e,10,approximately_5_km,5,42,baseline,secondary,roc_auc,higher_is_better,32,10,0.5079294316533508,0.5311076495041345,0.6979859420145867,0.5079294316533508,0.5311076495041345,0.6979859420145867,0.023178217850783667,0.19005651036123594,0.12195434824478979,interpretable,false,false,false,false,0.5311076495041345,0.5145694379252691,0.5381026872029442,0.5143685415641224,0.5382734759401703,10,0.12195434824479008,0.03493701036232728,0.15875938946918342,2738.8,1065.5,32.0,0.0,0.0
few_shot_recovery.v1,7e4ca051c3e83074391652e28a163138129c1cb6610f8826248a90cd3d19409a,manavgat_2021,mugla_2021,manavgat_2021_to_mugla_2021,burnable_tree_shrub_grass,054a1961fc0582a33d36413263668b63074b21ae8b03d12269b6e228787f3439,c4ab107db2207f9f20775ccc0b3bf39381173fd07d4e82f6821ce7f40be7db8e,10,approximately_5_km,5,42,thermal,primary,brier_score,lower_is_better_oriented_by_negation,0,1,0.1046815208105754,0.1046815208105754,0.0772666711161345,-0.1046815208105754,-0.1046815208105754,-0.0772666711161345,0.0,0.0274148496944409,0.0,interpretable,false,false,false,false,0.1046815208105754,0.1046815208105754,0.1046815208105754,0.1046815208105754,0.1046815208105754,1,0.0,0.0,0.0,0.0,0.0,0.0,0.0,0.0
few_shot_recovery.v1,7e4ca051c3e83074391652e28a163138129c1cb6610f8826248a90cd3d19409a,manavgat_2021,mugla_2021,manavgat_2021_to_mugla_2021,burnable_tree_shrub_grass,054a1961fc0582a33d36413263668b63074b21ae8b03d12269b6e228787f3439,c4ab107db2207f9f20775ccc0b3bf39381173fd07d4e82f6821ce7f40be7db8e,10,approximately_5_km,5,42,thermal,primary,brier_score,lower_is_better_oriented_by_negation,1,10,0.1046815208105754,0.1071148920315648,0.0772666711161345,-0.1046815208105754,-0.1071148920315648,-0.0772666711161345,-0.002433371220989397,0.0274148496944409,-0.08876106373411301,interpretable,false,false,true,false,0.1071148920315648,0.10650837615983455,0.11365471796873387,0.1064263503634135,0.1136925763442287,10,-0.08876106373411301,-0.32731155772041426,-0.06663743808997068,90.0,35.2,1.0,0.0,0.0
few_shot_recovery.v1,7e4ca051c3e83074391652e28a163138129c1cb6610f8826248a90cd3d19409a,manavgat_2021,mugla_2021,manavgat_2021_to_mugla_2021,burnable_tree_shrub_grass,054a1961fc0582a33d36413263668b63074b21ae8b03d12269b6e228787f3439,c4ab107db2207f9f20775ccc0b3bf39381173fd07d4e82f6821ce7f40be7db8e,10,approximately_5_km,5,42,thermal,primary,brier_score,lower_is_better_oriented_by_negation,2,10,0.1046815208105754,0.11464083003238776,0.0772666711161345,-0.1046815208105754,-0.11464083003238776,-0.0772666711161345,-0.00995930922181236,0.0274148496944409,-0.36328155480757124,interpretable,false,false,true,false,0.11464083003238776,0.10635193579966642,0.1211350371710864,0.1061809293446148,0.1220381869904897,10,-0.363281554807571,-0.6001680309721849,-0.0609310285377834,175.6,68.8,2.0,0.0,0.0
few_shot_recovery.v1,7e4ca051c3e83074391652e28a163138129c1cb6610f8826248a90cd3d19409a,manavgat_2021,mugla_2021,manavgat_2021_to_mugla_2021,burnable_tree_shrub_grass,054a1961fc0582a33d36413263668b63074b21ae8b03d12269b6e228787f3439,c4ab107db2207f9f20775ccc0b3bf39381173fd07d4e82f6821ce7f40be7db8e,10,approximately_5_km,5,42,thermal,primary,brier_score,lower_is_better_oriented_by_negation,4,10,0.1046815208105754,0.12242656614421404,0.0772666711161345,-0.1046815208105754,-0.12242656614421404,-0.0772666711161345,-0.017745045333638645,0.0274148496944409,-0.6472785928582688,interpretable,false,false,true,false,0.12242656614421404,0.11555567110818861,0.13218858619688142,0.1148290255830865,0.1327731939506419,10,-0.6472785928582687,-1.0033637132026236,-0.39665182989561454,349.5,139.5,4.0,0.0,0.0
few_shot_recovery.v1,7e4ca051c3e83074391652e28a163138129c1cb6610f8826248a90cd3d19409a,manavgat_2021,mugla_2021,manavgat_2021_to_mugla_2021,burnable_tree_shrub_grass,054a1961fc0582a33d36413263668b63074b21ae8b03d12269b6e228787f3439,c4ab107db2207f9f20775ccc0b3bf39381173fd07d4e82f6821ce7f40be7db8e,10,approximately_5_km,5,42,thermal,primary,brier_score,lower_is_better_oriented_by_negation,8,10,0.1046815208105754,0.13783578262864382,0.0772666711161345,-0.1046815208105754,-0.13783578262864382,-0.0772666711161345,-0.03315426181806842,0.0274148496944409,-1.209354134259264,interpretable,false,false,true,false,0.13783578262864382,0.13410878425481695,0.15521740144409651,0.133810656622408,0.156193601551374,10,-1.2093541342592635,-1.8433761700969171,-1.0734059742158182,688.3,277.7,8.0,0.0,0.0
few_shot_recovery.v1,7e4ca051c3e83074391652e28a163138129c1cb6610f8826248a90cd3d19409a,manavgat_2021,mugla_2021,manavgat_2021_to_mugla_2021,burnable_tree_shrub_grass,054a1961fc0582a33d36413263668b63074b21ae8b03d12269b6e228787f3439,c4ab107db2207f9f20775ccc0b3bf39381173fd07d4e82f6821ce7f40be7db8e,10,approximately_5_km,5,42,thermal,primary,brier_score,lower_is_better_oriented_by_negation,16,10,0.1046815208105754,0.17255078206029828,0.0772666711161345,-0.1046815208105754,-0.17255078206029828,-0.0772666711161345,-0.06786926124972288,0.0274148496944409,-2.4756386413267553,interpretable,false,false,true,false,0.17255078206029828,0.1586069447202632,0.17971093094471213,0.1584040420317967,0.1797246210577903,10,-2.475638641326756,-2.7368163958728897,-1.967015121757996,1371.4,550.3,16.0,0.0,0.0
few_shot_recovery.v1,7e4ca051c3e83074391652e28a163138129c1cb6610f8826248a90cd3d19409a,manavgat_2021,mugla_2021,manavgat_2021_to_mugla_2021,burnable_tree_shrub_grass,054a1961fc0582a33d36413263668b63074b21ae8b03d12269b6e228787f3439,c4ab107db2207f9f20775ccc0b3bf39381173fd07d4e82f6821ce7f40be7db8e,10,approximately_5_km,5,42,thermal,primary,brier_score,lower_is_better_oriented_by_negation,32,10,0.1046815208105754,0.19865112171814436,0.0772666711161345,-0.1046815208105754,-0.19865112171814436,-0.0772666711161345,-0.09396960090756896,0.0274148496944409,-3.427689808805475,interpretable,false,false,true,false,0.19865112171814436,0.1918638747859531,0.20588146916073938,0.1908092823338594,0.206570382281786,10,-3.427689808805475,-3.6914281667823623,-3.1801142427221216,2738.8,1065.5,32.0,0.0,0.0
few_shot_recovery.v1,7e4ca051c3e83074391652e28a163138129c1cb6610f8826248a90cd3d19409a,manavgat_2021,mugla_2021,manavgat_2021_to_mugla_2021,burnable_tree_shrub_grass,054a1961fc0582a33d36413263668b63074b21ae8b03d12269b6e228787f3439,c4ab107db2207f9f20775ccc0b3bf39381173fd07d4e82f6821ce7f40be7db8e,10,approximately_5_km,5,42,thermal,primary,pr_auc,higher_is_better,0,1,0.0626464704650159,0.0626464704650159,0.301925915788068,0.0626464704650159,0.0626464704650159,0.301925915788068,0.0,0.2392794453230521,0.0,interpretable,false,false,false,false,0.0626464704650159,0.0626464704650159,0.0626464704650159,0.0626464704650159,0.0626464704650159,1,0.0,0.0,0.0,0.0,0.0,0.0,0.0,0.0
few_shot_recovery.v1,7e4ca051c3e83074391652e28a163138129c1cb6610f8826248a90cd3d19409a,manavgat_2021,mugla_2021,manavgat_2021_to_mugla_2021,burnable_tree_shrub_grass,054a1961fc0582a33d36413263668b63074b21ae8b03d12269b6e228787f3439,c4ab107db2207f9f20775ccc0b3bf39381173fd07d4e82f6821ce7f40be7db8e,10,approximately_5_km,5,42,thermal,primary,pr_auc,higher_is_better,1,10,0.0626464704650159,0.0657574443456797,0.301925915788068,0.0626464704650159,0.0657574443456797,0.301925915788068,0.0031109738806638088,0.2392794453230521,0.013001425494211051,interpretable,false,false,false,false,0.0657574443456797,0.06161660250119079,0.07790752107111906,0.0613110263100479,0.0810681351735602,10,0.013001425494211022,-0.004304038578970623,0.06377919584985312,90.0,35.2,1.0,0.0,0.0
few_shot_recovery.v1,7e4ca051c3e83074391652e28a163138129c1cb6610f8826248a90cd3d19409a,manavgat_2021,mugla_2021,manavgat_2021_to_mugla_2021,burnable_tree_shrub_grass,054a1961fc0582a33d36413263668b63074b21ae8b03d12269b6e228787f3439,c4ab107db2207f9f20775ccc0b3bf39381173fd07d4e82f6821ce7f40be7db8e,10,approximately_5_km,5,42,thermal,primary,pr_auc,higher_is_better,2,10,0.0626464704650159,0.06860971459713261,0.301925915788068,0.0626464704650159,0.06860971459713261,0.301925915788068,0.005963244132116713,0.2392794453230521,0.024921673167813116,interpretable,false,false,false,false,0.06860971459713261,0.06259375679817895,0.07949976276216762,0.0622650045361094,0.0816186393222534,10,0.024921673167813088,-0.00022030169271651545,0.07043351456452113,175.6,68.8,2.0,0.0,0.0
few_shot_recovery.v1,7e4ca051c3e83074391652e28a163138129c1cb6610f8826248a90cd3d19409a,manavgat_2021,mugla_2021,manavgat_2021_to_mugla_2021,burnable_tree_shrub_grass,054a1961fc0582a33d36413263668b63074b21ae8b03d12269b6e228787f3439,c4ab107db2207f9f20775ccc0b3bf39381173fd07d4e82f6821ce7f40be7db8e,10,approximately_5_km,5,42,thermal,primary,pr_auc,higher_is_better,4,10,0.0626464704650159,0.0730084991306723,0.301925915788068,0.0626464704650159,0.0730084991306723,0.301925915788068,0.0103620286656564,0.2392794453230521,0.043305134929858206,interpretable,false,false,false,false,0.0730084991306723,0.06517592371678135,0.08638787838620407,0.0640433276457005,0.0881991130851249,10,0.04330513492985821,0.010571126359601984,0.09922042358939277,349.5,139.5,4.0,0.0,0.0
few_shot_recovery.v1,7e4ca051c3e83074391652e28a163138129c1cb6610f8826248a90cd3d19409a,manavgat_2021,mugla_2021,manavgat_2021_to_mugla_2021,burnable_tree_shrub_grass,054a1961fc0582a33d36413263668b63074b21ae8b03d12269b6e228787f3439,c4ab107db2207f9f20775ccc0b3bf39381173fd07d4e82f6821ce7f40be7db8e,10,approximately_5_km,5,42,thermal,primary,pr_auc,higher_is_better,8,10,0.0626464704650159,0.0852213970401001,0.301925915788068,0.0626464704650159,0.0852213970401001,0.301925915788068,0.022574926575084198,0.2392794453230521,0.09434544845507187,interpretable,false,false,false,false,0.0852213970401001,0.07708873937263186,0.10667707222046113,0.0765009882967227,0.1082890850015696,10,0.0943454484550719,0.06035733193930383,0.18401330584831196,688.3,277.7,8.0,0.0,0.0
few_shot_recovery.v1,7e4ca051c3e83074391652e28a163138129c1cb6610f8826248a90cd3d19409a,manavgat_2021,mugla_2021,manavgat_2021_to_mugla_2021,burnable_tree_shrub_grass,054a1961fc0582a33d36413263668b63074b21ae8b03d12269b6e228787f3439,c4ab107db2207f9f20775ccc0b3bf39381173fd07d4e82f6821ce7f40be7db8e,10,approximately_5_km,5,42,thermal,primary,pr_auc,higher_is_better,16,10,0.0626464704650159,0.11172965533291485,0.301925915788068,0.0626464704650159,0.11172965533291485,0.301925915788068,0.04908318486789895,0.2392794453230521,0.20512913176320496,interpretable,false,false,false,false,0.11172965533291485,0.0854969826842715,0.12273899903515967,0.0838135549648157,0.123558631485449,10,0.205129131763205,0.09549717982840121,0.2511395347352658,1371.4,550.3,16.0,0.0,0.0
few_shot_recovery.v1,7e4ca051c3e83074391652e28a163138129c1cb6610f8826248a90cd3d19409a,manavgat_2021,mugla_2021,manavgat_2021_to_mugla_2021,burnable_tree_shrub_grass,054a1961fc0582a33d36413263668b63074b21ae8b03d12269b6e228787f3439,c4ab107db2207f9f20775ccc0b3bf39381173fd07d4e82f6821ce7f40be7db8e,10,approximately_5_km,5,42,thermal,primary,pr_auc,higher_is_better,32,10,0.0626464704650159,0.12549214898946343,0.301925915788068,0.0626464704650159,0.12549214898946343,0.301925915788068,0.06284567852444753,0.2392794453230521,0.2626455374785717,interpretable,false,false,false,false,0.12549214898946343,0.1048386567559563,0.13933807812756646,0.1021365515578535,0.1406122669776533,10,0.26264553747857167,0.17633017426121397,0.32051063792382556,2738.8,1065.5,32.0,0.0,0.0
few_shot_recovery.v1,7e4ca051c3e83074391652e28a163138129c1cb6610f8826248a90cd3d19409a,manavgat_2021,mugla_2021,manavgat_2021_to_mugla_2021,burnable_tree_shrub_grass,054a1961fc0582a33d36413263668b63074b21ae8b03d12269b6e228787f3439,c4ab107db2207f9f20775ccc0b3bf39381173fd07d4e82f6821ce7f40be7db8e,10,approximately_5_km,5,42,thermal,primary,roc_auc,higher_is_better,0,1,0.4701598710870077,0.4701598710870077,0.7773268638729566,0.4701598710870077,0.4701598710870077,0.7773268638729566,0.0,0.3071669927859489,0.0,interpretable,false,false,false,false,0.4701598710870077,0.4701598710870077,0.4701598710870077,0.4701598710870077,0.4701598710870077,1,0.0,0.0,0.0,0.0,0.0,0.0,0.0,0.0
few_shot_recovery.v1,7e4ca051c3e83074391652e28a163138129c1cb6610f8826248a90cd3d19409a,manavgat_2021,mugla_2021,manavgat_2021_to_mugla_2021,burnable_tree_shrub_grass,054a1961fc0582a33d36413263668b63074b21ae8b03d12269b6e228787f3439,c4ab107db2207f9f20775ccc0b3bf39381173fd07d4e82f6821ce7f40be7db8e,10,approximately_5_km,5,42,thermal,primary,roc_auc,higher_is_better,1,10,0.4701598710870077,0.4825923647141842,0.7773268638729566,0.4701598710870077,0.4825923647141842,0.7773268638729566,0.012432493627176522,0.3071669927859489,0.040474705678549834,interpretable,false,false,false,false,0.4825923647141842,0.4627423007875011,0.5023695322137749,0.4601936190412162,0.503223621251175,10,0.04047470567854984,-0.024148331278144607,0.10486042407952557,90.0,35.2,1.0,0.0,0.0
few_shot_recovery.v1,7e4ca051c3e83074391652e28a163138129c1cb6610f8826248a90cd3d19409a,manavgat_2021,mugla_2021,manavgat_2021_to_mugla_2021,burnable_tree_shrub_grass,054a1961fc0582a33d36413263668b63074b21ae8b03d12269b6e228787f3439,c4ab107db2207f9f20775ccc0b3bf39381173fd07d4e82f6821ce7f40be7db8e,10,approximately_5_km,5,42,thermal,primary,roc_auc,higher_is_better,2,10,0.4701598710870077,0.4945353564153391,0.7773268638729566,0.4701598710870077,0.4945353564153391,0.7773268638729566,0.024375485328331392,0.3071669927859489,0.0793558093831963,interpretable,false,false,false,false,0.4945353564153391,0.4668561409327325,0.517024622522753,0.464770909718154,0.5177699957794593,10,0.07935580938319639,-0.010755485556279896,0.15257092245065332,175.6,68.8,2.0,0.0,0.0
few_shot_recovery.v1,7e4ca051c3e83074391652e28a163138129c1cb6610f8826248a90cd3d19409a,manavgat_2021,mugla_2021,manavgat_2021_to_mugla_2021,burnable_tree_shrub_grass,054a1961fc0582a33d36413263668b63074b21ae8b03d12269b6e228787f3439,c4ab107db2207f9f20775ccc0b3bf39381173fd07d4e82f6821ce7f40be7db8e,10,approximately_5_km,5,42,thermal,primary,roc_auc,higher_is_better,4,10,0.4701598710870077,0.5099286753134846,0.7773268638729566,0.4701598710870077,0.5099286753134846,0.7773268638729566,0.03976880422647694,0.3071669927859489,0.12946965383806736,interpretable,false,false,false,false,0.5099286753134846,0.4710181676786227,0.5288466245572462,0.4652589979537462,0.5313880248022629,10,0.12946965383806736,0.002794234445017821,0.19105813726260204,349.5,139.5,4.0,0.0,0.0
few_shot_recovery.v1,7e4ca051c3e83074391652e28a163138129c1cb6610f8826248a90cd3d19409a,manavgat_2021,mugla_2021,manavgat_2021_to_mugla_2021,burnable_tree_shrub_grass,054a1961fc0582a33d36413263668b63074b21ae8b03d12269b6e228787f3439,c4ab107db2207f9f20775ccc0b3bf39381173fd07d4e82f6821ce7f40be7db8e,10,approximately_5_km,5,42,thermal,primary,roc_auc,higher_is_better,8,10,0.4701598710870077,0.5394376024433314,0.7773268638729566,0.4701598710870077,0.5394376024433314,0.7773268638729566,0.0692777313563237,0.3071669927859489,0.22553768140250763,interpretable,false,false,false,false,0.5394376024433314,0.5064796322739428,0.55164060721203,0.5047219162962702,0.5524688127723351,10,0.22553768140250763,0.11824109373706287,0.26526527276256734,688.3,277.7,8.0,0.0,0.0
few_shot_recovery.v1,7e4ca051c3e83074391652e28a163138129c1cb6610f8826248a90cd3d19409a,manavgat_2021,mugla_2021,manavgat_2021_to_mugla_2021,burnable_tree_shrub_grass,054a1961fc0582a33d36413263668b63074b21ae8b03d12269b6e228787f3439,c4ab107db2207f9f20775ccc0b3bf39381173fd07d4e82f6821ce7f40be7db8e,10,approximately_5_km,5,42,thermal,primary,roc_auc,higher_is_better,16,10,0.4701598710870077,0.5887120323568474,0.7773268638729566,0.4701598710870077,0.5887120323568474,0.7773268638729566,0.11855216126983975,0.3071669927859489,0.3859534522071957,interpretable,false,false,false,false,0.5887120323568474,0.5465221833824357,0.6187848181001648,0.5458509761087733,0.6246423020299559,10,0.3859534522071957,0.24860194646187664,0.48385715426373066,1371.4,550.3,16.0,0.0,0.0
few_shot_recovery.v1,7e4ca051c3e83074391652e28a163138129c1cb6610f8826248a90cd3d19409a,manavgat_2021,mugla_2021,manavgat_2021_to_mugla_2021,burnable_tree_shrub_grass,054a1961fc0582a33d36413263668b63074b21ae8b03d12269b6e228787f3439,c4ab107db2207f9f20775ccc0b3bf39381173fd07d4e82f6821ce7f40be7db8e,10,approximately_5_km,5,42,thermal,primary,roc_auc,higher_is_better,32,10,0.4701598710870077,0.6269847671604076,0.7773268638729566,0.4701598710870077,0.6269847671604076,0.7773268638729566,0.15682489607339994,0.3071669927859489,0.5105525650755199,interpretable,false,false,false,false,0.6269847671604076,0.6053379073438355,0.6427189077948979,0.6048722506586138,0.6431638280308556,10,0.51055256507552,0.4400799546552433,0.5617759745043276,2738.8,1065.5,32.0,0.0,0.0
few_shot_recovery.v1,7e4ca051c3e83074391652e28a163138129c1cb6610f8826248a90cd3d19409a,mugla_2021,bejis_2022,mugla_2021_to_bejis_2022,burnable_tree_shrub_grass,c4ab107db2207f9f20775ccc0b3bf39381173fd07d4e82f6821ce7f40be7db8e,3dec785a7d8e31db2d67ed283546bbfbca1559f56df46663488d0afc24d9e393,10,approximately_5_km,5,42,baseline,secondary,brier_score,lower_is_better_oriented_by_negation,0,1,0.1309666514126394,0.1309666514126394,0.1053875824204019,-0.1309666514126394,-0.1309666514126394,-0.1053875824204019,0.0,0.02557906899223751,0.0,interpretable,false,false,false,false,0.1309666514126394,0.1309666514126394,0.1309666514126394,0.1309666514126394,0.1309666514126394,1,0.0,0.0,0.0,0.0,0.0,0.0,0.0,0.0
few_shot_recovery.v1,7e4ca051c3e83074391652e28a163138129c1cb6610f8826248a90cd3d19409a,mugla_2021,bejis_2022,mugla_2021_to_bejis_2022,burnable_tree_shrub_grass,c4ab107db2207f9f20775ccc0b3bf39381173fd07d4e82f6821ce7f40be7db8e,3dec785a7d8e31db2d67ed283546bbfbca1559f56df46663488d0afc24d9e393,10,approximately_5_km,5,42,baseline,secondary,brier_score,lower_is_better_oriented_by_negation,1,10,0.1309666514126394,0.14520548246837295,0.1053875824204019,-0.1309666514126394,-0.14520548246837295,-0.1053875824204019,-0.014238831055733536,0.02557906899223751,-0.5566594726357945,interpretable,false,false,true,false,0.14520548246837295,0.1428889658217521,0.15847731064918685,0.1426595751358371,0.1604776136126988,10,-0.5566594726357945,-1.0755144858828176,-0.46609649525284735,98.3,53.0,1.0,0.0,0.0
few_shot_recovery.v1,7e4ca051c3e83074391652e28a163138129c1cb6610f8826248a90cd3d19409a,mugla_2021,bejis_2022,mugla_2021_to_bejis_2022,burnable_tree_shrub_grass,c4ab107db2207f9f20775ccc0b3bf39381173fd07d4e82f6821ce7f40be7db8e,3dec785a7d8e31db2d67ed283546bbfbca1559f56df46663488d0afc24d9e393,10,approximately_5_km,5,42,baseline,secondary,brier_score,lower_is_better_oriented_by_negation,2,10,0.1309666514126394,0.1600677152448276,0.1053875824204019,-0.1309666514126394,-0.1600677152448276,-0.1053875824204019,-0.02910106383218819,0.02557906899223751,-1.1376905015979861,interpretable,false,false,true,false,0.1600677152448276,0.15067021132925523,0.16358157973044915,0.1499398127660864,0.1636675455220939,10,-1.1376905015979863,-1.2750631513487614,-0.7703001200941002,197.2,102.8,2.0,0.0,0.0
few_shot_recovery.v1,7e4ca051c3e83074391652e28a163138129c1cb6610f8826248a90cd3d19409a,mugla_2021,bejis_2022,mugla_2021_to_bejis_2022,burnable_tree_shrub_grass,c4ab107db2207f9f20775ccc0b3bf39381173fd07d4e82f6821ce7f40be7db8e,3dec785a7d8e31db2d67ed283546bbfbca1559f56df46663488d0afc24d9e393,10,approximately_5_km,5,42,baseline,secondary,brier_score,lower_is_better_oriented_by_negation,4,10,0.1309666514126394,0.1696137093495253,0.1053875824204019,-0.1309666514126394,-0.1696137093495253,-0.1053875824204019,-0.03864705793688589,0.02557906899223751,-1.5108860275021785,interpretable,false,false,true,false,0.1696137093495253,0.16240946808901635,0.1799498526189388,0.1615262480400451,0.1806488067881782,10,-1.5108860275021785,-1.9149720117321054,-1.2292400746062693,394.4,191.6,4.0,0.0,0.0
few_shot_recovery.v1,7e4ca051c3e83074391652e28a163138129c1cb6610f8826248a90cd3d19409a,mugla_2021,bejis_2022,mugla_2021_to_bejis_2022,burnable_tree_shrub_grass,c4ab107db2207f9f20775ccc0b3bf39381173fd07d4e82f6821ce7f40be7db8e,3dec785a7d8e31db2d67ed283546bbfbca1559f56df46663488d0afc24d9e393,10,approximately_5_km,5,42,baseline,secondary,brier_score,lower_is_better_oriented_by_negation,8,10,0.1309666514126394,0.1871697132827854,0.1053875824204019,-0.1309666514126394,-0.1871697132827854,-0.1053875824204019,-0.05620306187014598,0.02557906899223751,-2.1972285968344645,interpretable,false,false,true,false,0.1871697132827854,0.18215420921755981,0.19045709412268846,0.1817507117166611,0.1908163002480759,10,-2.1972285968344645,-2.3257469897791294,-2.0011501521206383,787.9,383.6,8.0,0.0,0.0
few_shot_recovery.v1,7e4ca051c3e83074391652e28a163138129c1cb6610f8826248a90cd3d19409a,mugla_2021,bejis_2022,mugla_2021_to_bejis_2022,burnable_tree_shrub_grass,c4ab107db2207f9f20775ccc0b3bf39381173fd07d4e82f6821ce7f40be7db8e,3dec785a7d8e31db2d67ed283546bbfbca1559f56df46663488d0afc24d9e393,10,approximately_5_km,5,42,baseline,secondary,brier_score,lower_is_better_oriented_by_negation,16,10,0.1309666514126394,0.20049373660492198,0.1053875824204019,-0.1309666514126394,-0.20049373660492198,-0.1053875824204019,-0.06952708519228257,0.02557906899223751,-2.71812415117149,interpretable,false,false,true,false,0.20049373660492198,0.19760320806905654,0.2033397683354495,0.1972143196557047,0.2035457350231215,10,-2.718124151171491,-2.829388237107973,-2.6051204864664674,1572.6,860.0,12.0,3.0,1.0
few_shot_recovery.v1,7e4ca051c3e83074391652e28a163138129c1cb6610f8826248a90cd3d19409a,mugla_2021,bejis_2022,mugla_2021_to_bejis_2022,burnable_tree_shrub_grass,c4ab107db2207f9f20775ccc0b3bf39381173fd07d4e82f6821ce7f40be7db8e,3dec785a7d8e31db2d67ed283546bbfbca1559f56df46663488d0afc24d9e393,10,approximately_5_km,5,42,baseline,secondary,brier_score,lower_is_better_oriented_by_negation,32,10,0.1309666514126394,0.17628972884574678,0.1053875824204019,-0.1309666514126394,-0.17628972884574678,-0.1053875824204019,-0.04532307743310737,0.02557906899223751,-1.771881433482258,interpretable,false,false,true,false,0.17628972884574678,0.17345560725143444,0.18012698180846695,0.1731910010646327,0.1805463788243136,10,-1.7718814334822584,-1.9218967825117577,-1.66108296794106,2965.7,880.0,12.0,3.0,17.0
few_shot_recovery.v1,7e4ca051c3e83074391652e28a163138129c1cb6610f8826248a90cd3d19409a,mugla_2021,bejis_2022,mugla_2021_to_bejis_2022,burnable_tree_shrub_grass,c4ab107db2207f9f20775ccc0b3bf39381173fd07d4e82f6821ce7f40be7db8e,3dec785a7d8e31db2d67ed283546bbfbca1559f56df46663488d0afc24d9e393,10,approximately_5_km,5,42,baseline,secondary,pr_auc,higher_is_better,0,1,0.0641658658878618,0.0641658658878618,0.1898914005576024,0.0641658658878618,0.0641658658878618,0.1898914005576024,0.0,0.1257255346697406,0.0,interpretable,false,false,false,false,0.0641658658878618,0.0641658658878618,0.0641658658878618,0.0641658658878618,0.0641658658878618,1,0.0,0.0,0.0,0.0,0.0,0.0,0.0,0.0
few_shot_recovery.v1,7e4ca051c3e83074391652e28a163138129c1cb6610f8826248a90cd3d19409a,mugla_2021,bejis_2022,mugla_2021_to_bejis_2022,burnable_tree_shrub_grass,c4ab107db2207f9f20775ccc0b3bf39381173fd07d4e82f6821ce7f40be7db8e,3dec785a7d8e31db2d67ed283546bbfbca1559f56df46663488d0afc24d9e393,10,approximately_5_km,5,42,baseline,secondary,pr_auc,higher_is_better,1,10,0.0641658658878618,0.09878635509378081,0.1898914005576024,0.0641658658878618,0.09878635509378081,0.1898914005576024,0.03462048920591901,0.1257255346697406,0.2753656152416539,interpretable,false,false,false,false,0.09878635509378081,0.07576399665898514,0.15286213207816185,0.0738627185970978,0.1556932570648837,10,0.2753656152416538,0.0922496038818975,0.7054753548934187,98.3,53.0,1.0,0.0,0.0
few_shot_recovery.v1,7e4ca051c3e83074391652e28a163138129c1cb6610f8826248a90cd3d19409a,mugla_2021,bejis_2022,mugla_2021_to_bejis_2022,burnable_tree_shrub_grass,c4ab107db2207f9f20775ccc0b3bf39381173fd07d4e82f6821ce7f40be7db8e,3dec785a7d8e31db2d67ed283546bbfbca1559f56df46663488d0afc24d9e393,10,approximately_5_km,5,42,baseline,secondary,pr_auc,higher_is_better,2,10,0.0641658658878618,0.13376609519500685,0.1898914005576024,0.0641658658878618,0.13376609519500685,0.1898914005576024,0.06960022930714505,0.1257255346697406,0.553588652376567,interpretable,false,false,false,false,0.13376609519500685,0.10298850074949231,0.1691706689306265,0.1008251004936944,0.1699773720266533,10,0.553588652376567,0.3087887831506218,0.8351907456078377,197.2,102.8,2.0,0.0,0.0
few_shot_recovery.v1,7e4ca051c3e83074391652e28a163138129c1cb6610f8826248a90cd3d19409a,mugla_2021,bejis_2022,mugla_2021_to_bejis_2022,burnable_tree_shrub_grass,c4ab107db2207f9f20775ccc0b3bf39381173fd07d4e82f6821ce7f40be7db8e,3dec785a7d8e31db2d67ed283546bbfbca1559f56df46663488d0afc24d9e393,10,approximately_5_km,5,42,baseline,secondary,pr_auc,higher_is_better,4,10,0.0641658658878618,0.15646572484752147,0.1898914005576024,0.0641658658878618,0.15646572484752147,0.1898914005576024,0.09229985895965967,0.1257255346697406,0.7341377326580122,interpretable,false,false,false,false,0.15646572484752147,0.131772387786771,0.18586964453364135,0.1307759196226925,0.1890443074967298,10,0.7341377326580121,0.5377310351194762,0.9680116212309177,394.4,191.6,4.0,0.0,0.0
few_shot_recovery.v1,7e4ca051c3e83074391652e28a163138129c1cb6610f8826248a90cd3d19409a,mugla_2021,bejis_2022,mugla_2021_to_bejis_2022,burnable_tree_shrub_grass,c4ab107db2207f9f20775ccc0b3bf39381173fd07d4e82f6821ce7f40be7db8e,3dec785a7d8e31db2d67ed283546bbfbca1559f56df46663488d0afc24d9e393,10,approximately_5_km,5,42,baseline,secondary,pr_auc,higher_is_better,8,10,0.0641658658878618,0.1699133906242356,0.1898914005576024,0.0641658658878618,0.1699133906242356,0.1898914005576024,0.1057475247363738,0.1257255346697406,0.8410982304760477,interpretable,false,false,false,false,0.1699133906242356,0.1509493543381531,0.1884845049174108,0.1491323537195873,0.1893360516255477,10,0.8410982304760477,0.690261438762274,0.988809785984309,787.9,383.6,8.0,0.0,0.0
few_shot_recovery.v1,7e4ca051c3e83074391652e28a163138129c1cb6610f8826248a90cd3d19409a,mugla_2021,bejis_2022,mugla_2021_to_bejis_2022,burnable_tree_shrub_grass,c4ab107db2207f9f20775ccc0b3bf39381173fd07d4e82f6821ce7f40be7db8e,3dec785a7d8e31db2d67ed283546bbfbca1559f56df46663488d0afc24d9e393,10,approximately_5_km,5,42,baseline,secondary,pr_auc,higher_is_better,16,10,0.0641658658878618,0.19683360594475696,0.1898914005576024,0.0641658658878618,0.19683360594475696,0.1898914005576024,0.13266774005689516,0.1257255346697406,1.0552171474584742,interpretable,false,false,false,true,0.19683360594475696,0.19241243707696246,0.2004208465837876,0.192110201347087,0.2010585591873973,10,1.055217147458474,1.0200519053347628,1.083749463097089,1572.6,860.0,12.0,3.0,1.0
few_shot_recovery.v1,7e4ca051c3e83074391652e28a163138129c1cb6610f8826248a90cd3d19409a,mugla_2021,bejis_2022,mugla_2021_to_bejis_2022,burnable_tree_shrub_grass,c4ab107db2207f9f20775ccc0b3bf39381173fd07d4e82f6821ce7f40be7db8e,3dec785a7d8e31db2d67ed283546bbfbca1559f56df46663488d0afc24d9e393,10,approximately_5_km,5,42,baseline,secondary,pr_auc,higher_is_better,32,10,0.0641658658878618,0.19505269843844575,0.1898914005576024,0.0641658658878618,0.19505269843844575,0.1898914005576024,0.13088683255058395,0.1257255346697406,1.0410521052417967,interpretable,false,false,false,true,0.19505269843844575,0.18068929461939837,0.20048182124577804,0.1806440599321884,0.2014955806327045,10,1.0410521052417967,0.9268079792829962,1.0842344454210904,2965.7,880.0,12.0,3.0,17.0
few_shot_recovery.v1,7e4ca051c3e83074391652e28a163138129c1cb6610f8826248a90cd3d19409a,mugla_2021,bejis_2022,mugla_2021_to_bejis_2022,burnable_tree_shrub_grass,c4ab107db2207f9f20775ccc0b3bf39381173fd07d4e82f6821ce7f40be7db8e,3dec785a7d8e31db2d67ed283546bbfbca1559f56df46663488d0afc24d9e393,10,approximately_5_km,5,42,baseline,secondary,roc_auc,higher_is_better,0,1,0.4507383379572875,0.4507383379572875,0.7793700238725079,0.4507383379572875,0.4507383379572875,0.7793700238725079,0.0,0.32863168591522035,0.0,interpretable,false,false,false,false,0.4507383379572875,0.4507383379572875,0.4507383379572875,0.4507383379572875,0.4507383379572875,1,0.0,0.0,0.0,0.0,0.0,0.0,0.0,0.0
few_shot_recovery.v1,7e4ca051c3e83074391652e28a163138129c1cb6610f8826248a90cd3d19409a,mugla_2021,bejis_2022,mugla_2021_to_bejis_2022,burnable_tree_shrub_grass,c4ab107db2207f9f20775ccc0b3bf39381173fd07d4e82f6821ce7f40be7db8e,3dec785a7d8e31db2d67ed283546bbfbca1559f56df46663488d0afc24d9e393,10,approximately_5_km,5,42,baseline,secondary,roc_auc,higher_is_better,1,10,0.4507383379572875,0.5669143654429318,0.7793700238725079,0.4507383379572875,0.5669143654429318,0.7793700238725079,0.11617602748564432,0.32863168591522035,0.35351438240686,interpretable,false,false,false,false,0.5669143654429318,0.5341989805793922,0.6273066310729725,0.526790631653655,0.6301030389057358,10,0.35351438240685984,0.25396407650002334,0.537283228255828,98.3,53.0,1.0,0.0,0.0
few_shot_recovery.v1,7e4ca051c3e83074391652e28a163138129c1cb6610f8826248a90cd3d19409a,mugla_2021,bejis_2022,mugla_2021_to_bejis_2022,burnable_tree_shrub_grass,c4ab107db2207f9f20775ccc0b3bf39381173fd07d4e82f6821ce7f40be7db8e,3dec785a7d8e31db2d67ed283546bbfbca1559f56df46663488d0afc24d9e393,10,approximately_5_km,5,42,baseline,secondary,roc_auc,higher_is_better,2,10,0.4507383379572875,0.6597027872765986,0.7793700238725079,0.4507383379572875,0.6597027872765986,0.7793700238725079,0.20896444931931107,0.32863168591522035,0.6358621468205572,interpretable,false,false,false,false,0.6597027872765986,0.6024920333569909,0.6905477304987419,0.5989816762371767,0.6950721336860443,10,0.635862146820557,0.4617743872660301,0.7297208480478654,197.2,102.8,2.0,0.0,0.0
few_shot_recovery.v1,7e4ca051c3e83074391652e28a163138129c1cb6610f8826248a90cd3d19409a,mugla_2021,bejis_2022,mugla_2021_to_bejis_2022,burnable_tree_shrub_grass,c4ab107db2207f9f20775ccc0b3bf39381173fd07d4e82f6821ce7f40be7db8e,3dec785a7d8e31db2d67ed283546bbfbca1559f56df46663488d0afc24d9e393,10,approximately_5_km,5,42,baseline,secondary,roc_auc,higher_is_better,4,10,0.4507383379572875,0.6798490225175817,0.7793700238725079,0.4507383379572875,0.6798490225175817,0.7793700238725079,0.2291106845602942,0.32863168591522035,0.6971655332693624,interpretable,false,false,false,false,0.6798490225175817,0.6630083376346861,0.7249673543454417,0.6624078972836958,0.730254919672237,10,0.6971655332693624,0.6459206728232516,0.8344570172058795,394.4,191.6,4.0,0.0,0.0
few_shot_recovery.v1,7e4ca051c3e83074391652e28a163138129c1cb6610f8826248a90cd3d19409a,mugla_2021,bejis_2022,mugla_2021_to_bejis_2022,burnable_tree_shrub_grass,c4ab107db2207f9f20775ccc0b3bf39381173fd07d4e82f6821ce7f40be7db8e,3dec785a7d8e31db2d67ed283546bbfbca1559f56df46663488d0afc24d9e393,10,approximately_5_km,5,42,baseline,secondary,roc_auc,higher_is_better,8,10,0.4507383379572875,0.7112724046712691,0.7793700238725079,0.4507383379572875,0.7112724046712691,0.7793700238725079,0.26053406671398155,0.32863168591522035,0.7927843780139737,interpretable,false,false,false,false,0.7112724046712691,0.694604926124266,0.7233919591586554,0.6934878379250273,0.7240860055487451,10,0.7927843780139738,0.7420665706285262,0.8296632153471242,787.9,383.6,8.0,0.0,0.0
few_shot_recovery.v1,7e4ca051c3e83074391652e28a163138129c1cb6610f8826248a90cd3d19409a,mugla_2021,bejis_2022,mugla_2021_to_bejis_2022,burnable_tree_shrub_grass,c4ab107db2207f9f20775ccc0b3bf39381173fd07d4e82f6821ce7f40be7db8e,3dec785a7d8e31db2d67ed283546bbfbca1559f56df46663488d0afc24d9e393,10,approximately_5_km,5,42,baseline,secondary,roc_auc,higher_is_better,16,10,0.4507383379572875,0.7354169301245241,0.7793700238725079,0.4507383379572875,0.7354169301245241,0.7793700238725079,0.2846785921672366,0.32863168591522035,0.8662542425707463,interpretable,false,false,false,false,0.7354169301245241,0.7335040228401832,0.7375209190915544,0.7334008645719078,0.7376390734886122,10,0.8662542425707466,0.8604334183279057,0.8726565131283486,1572.6,860.0,12.0,3.0,1.0
few_shot_recovery.v1,7e4ca051c3e83074391652e28a163138129c1cb6610f8826248a90cd3d19409a,mugla_2021,bejis_2022,mugla_2021_to_bejis_2022,burnable_tree_shrub_grass,c4ab107db2207f9f20775ccc0b3bf39381173fd07d4e82f6821ce7f40be7db8e,3dec785a7d8e31db2d67ed283546bbfbca1559f56df46663488d0afc24d9e393,10,approximately_5_km,5,42,baseline,secondary,roc_auc,higher_is_better,32,10,0.4507383379572875,0.7388826375895219,0.7793700238725079,0.4507383379572875,0.7388826375895219,0.7793700238725079,0.28814429963223437,0.32863168591522035,0.8768001138714578,interpretable,false,false,false,false,0.7388826375895219,0.7355902735660365,0.7448681818181818,0.7349359313504097,0.7460931027808245,10,0.8768001138714581,0.8667817128328716,0.8950136473960494,2965.7,880.0,12.0,3.0,17.0
few_shot_recovery.v1,7e4ca051c3e83074391652e28a163138129c1cb6610f8826248a90cd3d19409a,mugla_2021,bejis_2022,mugla_2021_to_bejis_2022,burnable_tree_shrub_grass,c4ab107db2207f9f20775ccc0b3bf39381173fd07d4e82f6821ce7f40be7db8e,3dec785a7d8e31db2d67ed283546bbfbca1559f56df46663488d0afc24d9e393,10,approximately_5_km,5,42,thermal,primary,brier_score,lower_is_better_oriented_by_negation,0,1,0.1107930339544987,0.1107930339544987,0.0786090110370667,-0.1107930339544987,-0.1107930339544987,-0.0786090110370667,0.0,0.032184022917432,0.0,interpretable,false,false,false,false,0.1107930339544987,0.1107930339544987,0.1107930339544987,0.1107930339544987,0.1107930339544987,1,0.0,0.0,0.0,0.0,0.0,0.0,0.0,0.0
few_shot_recovery.v1,7e4ca051c3e83074391652e28a163138129c1cb6610f8826248a90cd3d19409a,mugla_2021,bejis_2022,mugla_2021_to_bejis_2022,burnable_tree_shrub_grass,c4ab107db2207f9f20775ccc0b3bf39381173fd07d4e82f6821ce7f40be7db8e,3dec785a7d8e31db2d67ed283546bbfbca1559f56df46663488d0afc24d9e393,10,approximately_5_km,5,42,thermal,primary,brier_score,lower_is_better_oriented_by_negation,1,10,0.1107930339544987,0.18036845649509442,0.0786090110370667,-0.1107930339544987,-0.18036845649509442,-0.0786090110370667,-0.06957542254059572,0.032184022917432,-2.1618000558566353,interpretable,false,false,true,false,0.18036845649509442,0.1520153003162605,0.2433433295848908,0.1497027996860873,0.2484261174853615,10,-2.161800055856635,-4.118512342923984,-1.2808301332470895,98.3,53.0,1.0,0.0,0.0
few_shot_recovery.v1,7e4ca051c3e83074391652e28a163138129c1cb6610f8826248a90cd3d19409a,mugla_2021,bejis_2022,mugla_2021_to_bejis_2022,burnable_tree_shrub_grass,c4ab107db2207f9f20775ccc0b3bf39381173fd07d4e82f6821ce7f40be7db8e,3dec785a7d8e31db2d67ed283546bbfbca1559f56df46663488d0afc24d9e393,10,approximately_5_km,5,42,thermal,primary,brier_score,lower_is_better_oriented_by_negation,2,10,0.1107930339544987,0.23100908457094843,0.0786090110370667,-0.1107930339544987,-0.23100908457094843,-0.0786090110370667,-0.12021605061644973,0.032184022917432,-3.7352710978631727,interpretable,false,false,true,false,0.23100908457094843,0.1625402782794492,0.2912205549054215,0.1509436781796025,0.2962849588925487,10,-3.735271097863173,-5.606120820066807,-1.6078550670221632,197.2,102.8,2.0,0.0,0.0
few_shot_recovery.v1,7e4ca051c3e83074391652e28a163138129c1cb6610f8826248a90cd3d19409a,mugla_2021,bejis_2022,mugla_2021_to_bejis_2022,burnable_tree_shrub_grass,c4ab107db2207f9f20775ccc0b3bf39381173fd07d4e82f6821ce7f40be7db8e,3dec785a7d8e31db2d67ed283546bbfbca1559f56df46663488d0afc24d9e393,10,approximately_5_km,5,42,thermal,primary,brier_score,lower_is_better_oriented_by_negation,4,10,0.1107930339544987,0.2631078301105122,0.0786090110370667,-0.1107930339544987,-0.2631078301105122,-0.0786090110370667,-0.1523147961560135,0.032184022917432,-4.732621417365275,interpretable,false,false,true,false,0.2631078301105122,0.19766998455065843,0.34445912962581704,0.1918458625075021,0.3535407520964118,10,-4.732621417365275,-7.260313487558343,-2.6993813302657115,394.4,191.6,4.0,0.0,0.0
few_shot_recovery.v1,7e4ca051c3e83074391652e28a163138129c1cb6610f8826248a90cd3d19409a,mugla_2021,bejis_2022,mugla_2021_to_bejis_2022,burnable_tree_shrub_grass,c4ab107db2207f9f20775ccc0b3bf39381173fd07d4e82f6821ce7f40be7db8e,3dec785a7d8e31db2d67ed283546bbfbca1559f56df46663488d0afc24d9e393,10,approximately_5_km,5,42,thermal,primary,brier_score,lower_is_better_oriented_by_negation,8,10,0.1107930339544987,0.3083291091977185,0.0786090110370667,-0.1107930339544987,-0.3083291091977185,-0.0786090110370667,-0.1975360752432198,0.032184022917432,-6.137706145375236,interpretable,false,false,true,false,0.3083291091977185,0.27024397000234535,0.33096074823403404,0.2681487900806063,0.3336954477745898,10,-6.137706145375236,-6.840900991289215,-4.9543506868895015,787.9,383.6,8.0,0.0,0.0
few_shot_recovery.v1,7e4ca051c3e83074391652e28a163138129c1cb6610f8826248a90cd3d19409a,mugla_2021,bejis_2022,mugla_2021_to_bejis_2022,burnable_tree_shrub_grass,c4ab107db2207f9f20775ccc0b3bf39381173fd07d4e82f6821ce7f40be7db8e,3dec785a7d8e31db2d67ed283546bbfbca1559f56df46663488d0afc24d9e393,10,approximately_5_km,5,42,thermal,primary,brier_score,lower_is_better_oriented_by_negation,16,10,0.1107930339544987,0.33107693272092087,0.0786090110370667,-0.1107930339544987,-0.33107693272092087,-0.0786090110370667,-0.22028389876642218,0.032184022917432,-6.844510996389723,interpretable,false,false,true,false,0.33107693272092087,0.32633779038645994,0.340992076397508,0.3260512540754799,0.3421912497661701,10,-6.844510996389724,-7.1525875753191,-6.6972595994273485,1572.6,860.0,12.0,3.0,1.0
few_shot_recovery.v1,7e4ca051c3e83074391652e28a163138129c1cb6610f8826248a90cd3d19409a,mugla_2021,bejis_2022,mugla_2021_to_bejis_2022,burnable_tree_shrub_grass,c4ab107db2207f9f20775ccc0b3bf39381173fd07d4e82f6821ce7f40be7db8e,3dec785a7d8e31db2d67ed283546bbfbca1559f56df46663488d0afc24d9e393,10,approximately_5_km,5,42,thermal,primary,brier_score,lower_is_better_oriented_by_negation,32,10,0.1107930339544987,0.1854364722275647,0.0786090110370667,-0.1107930339544987,-0.1854364722275647,-0.0786090110370667,-0.074643438273066,0.032184022917432,-2.319269982642117,interpretable,false,false,true,false,0.1854364722275647,0.18086187325839528,0.19526344887648367,0.1805750761317303,0.197170649175614,10,-2.3192699826421164,-2.624607095846704,-2.177131164853379,2965.7,880.0,12.0,3.0,17.0
few_shot_recovery.v1,7e4ca051c3e83074391652e28a163138129c1cb6610f8826248a90cd3d19409a,mugla_2021,bejis_2022,mugla_2021_to_bejis_2022,burnable_tree_shrub_grass,c4ab107db2207f9f20775ccc0b3bf39381173fd07d4e82f6821ce7f40be7db8e,3dec785a7d8e31db2d67ed283546bbfbca1559f56df46663488d0afc24d9e393,10,approximately_5_km,5,42,thermal,primary,pr_auc,higher_is_better,0,1,0.0882719168819328,0.0882719168819328,0.2977139932662314,0.0882719168819328,0.0882719168819328,0.2977139932662314,0.0,0.20944207638429857,0.0,interpretable,false,false,false,false,0.0882719168819328,0.0882719168819328,0.0882719168819328,0.0882719168819328,0.0882719168819328,1,0.0,0.0,0.0,0.0,0.0,0.0,0.0,0.0
few_shot_recovery.v1,7e4ca051c3e83074391652e28a163138129c1cb6610f8826248a90cd3d19409a,mugla_2021,bejis_2022,mugla_2021_to_bejis_2022,burnable_tree_shrub_grass,c4ab107db2207f9f20775ccc0b3bf39381173fd07d4e82f6821ce7f40be7db8e,3dec785a7d8e31db2d67ed283546bbfbca1559f56df46663488d0afc24d9e393,10,approximately_5_km,5,42,thermal,primary,pr_auc,higher_is_better,1,10,0.0882719168819328,0.10101723561083084,0.2977139932662314,0.0882719168819328,0.10101723561083084,0.2977139932662314,0.012745318728898045,0.20944207638429857,0.060853668703666146,interpretable,false,false,false,false,0.10101723561083084,0.08546282171420104,0.12168541013370641,0.0851304268996487,0.1247178884874809,10,0.06085366870366618,-0.013412277113684817,0.15953572380778092,98.3,53.0,1.0,0.0,0.0
few_shot_recovery.v1,7e4ca051c3e83074391652e28a163138129c1cb6610f8826248a90cd3d19409a,mugla_2021,bejis_2022,mugla_2021_to_bejis_2022,burnable_tree_shrub_grass,c4ab107db2207f9f20775ccc0b3bf39381173fd07d4e82f6821ce7f40be7db8e,3dec785a7d8e31db2d67ed283546bbfbca1559f56df46663488d0afc24d9e393,10,approximately_5_km,5,42,thermal,primary,pr_auc,higher_is_better,2,10,0.0882719168819328,0.12035171853230994,0.2977139932662314,0.0882719168819328,0.12035171853230994,0.2977139932662314,0.032079801650377146,0.20944207638429857,0.15316789350156623,interpretable,false,false,false,false,0.12035171853230994,0.10411147712086709,0.13558692072639109,0.1014819235232549,0.1370345575978486,10,0.1531678935015663,0.07562740263265337,0.22590973438231918,197.2,102.8,2.0,0.0,0.0
few_shot_recovery.v1,7e4ca051c3e83074391652e28a163138129c1cb6610f8826248a90cd3d19409a,mugla_2021,bejis_2022,mugla_2021_to_bejis_2022,burnable_tree_shrub_grass,c4ab107db2207f9f20775ccc0b3bf39381173fd07d4e82f6821ce7f40be7db8e,3dec785a7d8e31db2d67ed283546bbfbca1559f56df46663488d0afc24d9e393,10,approximately_5_km,5,42,thermal,primary,pr_auc,higher_is_better,4,10,0.0882719168819328,0.13528207192553027,0.2977139932662314,0.0882719168819328,0.13528207192553027,0.2977139932662314,0.04701015504359747,0.20944207638429857,0.22445420640950886,interpretable,false,false,false,false,0.13528207192553027,0.11322429923836948,0.15933628106341266,0.1130241802688477,0.1594992713407369,10,0.2244542064095088,0.11913739009468349,0.33930318782309116,394.4,191.6,4.0,0.0,0.0
few_shot_recovery.v1,7e4ca051c3e83074391652e28a163138129c1cb6610f8826248a90cd3d19409a,mugla_2021,bejis_2022,mugla_2021_to_bejis_2022,burnable_tree_shrub_grass,c4ab107db2207f9f20775ccc0b3bf39381173fd07d4e82f6821ce7f40be7db8e,3dec785a7d8e31db2d67ed283546bbfbca1559f56df46663488d0afc24d9e393,10,approximately_5_km,5,42,thermal,primary,pr_auc,higher_is_better,8,10,0.0882719168819328,0.15491524519046146,0.2977139932662314,0.0882719168819328,0.15491524519046146,0.2977139932662314,0.06664332830852866,0.20944207638429857,0.31819455507233874,interpretable,false,false,false,false,0.15491524519046146,0.12983053091925773,0.1685597586752495,0.1293906453612088,0.1692108437538849,10,0.31819455507233874,0.19842533436820198,0.3833415098788417,787.9,383.6,8.0,0.0,0.0
few_shot_recovery.v1,7e4ca051c3e83074391652e28a163138129c1cb6610f8826248a90cd3d19409a,mugla_2021,bejis_2022,mugla_2021_to_bejis_2022,burnable_tree_shrub_grass,c4ab107db2207f9f20775ccc0b3bf39381173fd07d4e82f6821ce7f40be7db8e,3dec785a7d8e31db2d67ed283546bbfbca1559f56df46663488d0afc24d9e393,10,approximately_5_km,5,42,thermal,primary,pr_auc,higher_is_better,16,10,0.0882719168819328,0.2124949196096804,0.2977139932662314,0.0882719168819328,0.2124949196096804,0.2977139932662314,0.1242230027277476,0.20944207638429857,0.5931138808030856,interpretable,false,false,false,false,0.2124949196096804,0.19949828866152328,0.22081016209799867,0.1994161328714845,0.2215834977449535,10,0.5931138808030856,0.5310602993426438,0.6328157527090005,1572.6,860.0,12.0,3.0,1.0
few_shot_recovery.v1,7e4ca051c3e83074391652e28a163138129c1cb6610f8826248a90cd3d19409a,mugla_2021,bejis_2022,mugla_2021_to_bejis_2022,burnable_tree_shrub_grass,c4ab107db2207f9f20775ccc0b3bf39381173fd07d4e82f6821ce7f40be7db8e,3dec785a7d8e31db2d67ed283546bbfbca1559f56df46663488d0afc24d9e393,10,approximately_5_km,5,42,thermal,primary,pr_auc,higher_is_better,32,10,0.0882719168819328,0.24872427251260504,0.2977139932662314,0.0882719168819328,0.24872427251260504,0.2977139932662314,0.16045235563067223,0.20944207638429857,0.7660941793580356,interpretable,false,false,false,false,0.24872427251260504,0.2310964079043909,0.266424150231309,0.2276769668550066,0.2703373203060558,10,0.7660941793580358,0.6819283569381445,0.8506038348401891,2965.7,880.0,12.0,3.0,17.0
few_shot_recovery.v1,7e4ca051c3e83074391652e28a163138129c1cb6610f8826248a90cd3d19409a,mugla_2021,bejis_2022,mugla_2021_to_bejis_2022,burnable_tree_shrub_grass,c4ab107db2207f9f20775ccc0b3bf39381173fd07d4e82f6821ce7f40be7db8e,3dec785a7d8e31db2d67ed283546bbfbca1559f56df46663488d0afc24d9e393,10,approximately_5_km,5,42,thermal,primary,roc_auc,higher_is_better,0,1,0.5831912381443964,0.5831912381443964,0.8244685786179753,0.5831912381443964,0.5831912381443964,0.8244685786179753,0.0,0.24127734047357885,0.0,interpretable,false,false,false,false,0.5831912381443964,0.5831912381443964,0.5831912381443964,0.5831912381443964,0.5831912381443964,1,0.0,0.0,0.0,0.0,0.0,0.0,0.0,0.0
few_shot_recovery.v1,7e4ca051c3e83074391652e28a163138129c1cb6610f8826248a90cd3d19409a,mugla_2021,bejis_2022,mugla_2021_to_bejis_2022,burnable_tree_shrub_grass,c4ab107db2207f9f20775ccc0b3bf39381173fd07d4e82f6821ce7f40be7db8e,3dec785a7d8e31db2d67ed283546bbfbca1559f56df46663488d0afc24d9e393,10,approximately_5_km,5,42,thermal,primary,roc_auc,higher_is_better,1,10,0.5831912381443964,0.5776048454739016,0.8244685786179753,0.5831912381443964,0.5776048454739016,0.8244685786179753,-0.005586392670494877,0.24127734047357885,-0.023153407856410856,interpretable,false,false,true,false,0.5776048454739016,0.5539309052196916,0.606996586070069,0.5523927350151623,0.6071302664688044,10,-0.02315340785641109,-0.1212726104626016,0.09866383589502216,98.3,53.0,1.0,0.0,0.0
few_shot_recovery.v1,7e4ca051c3e83074391652e28a163138129c1cb6610f8826248a90cd3d19409a,mugla_2021,bejis_2022,mugla_2021_to_bejis_2022,burnable_tree_shrub_grass,c4ab107db2207f9f20775ccc0b3bf39381173fd07d4e82f6821ce7f40be7db8e,3dec785a7d8e31db2d67ed283546bbfbca1559f56df46663488d0afc24d9e393,10,approximately_5_km,5,42,thermal,primary,roc_auc,higher_is_better,2,10,0.5831912381443964,0.6026361378153429,0.8244685786179753,0.5831912381443964,0.6026361378153429,0.8244685786179753,0.019444899670946425,0.24127734047357885,0.08059148709439519,interpretable,false,false,false,false,0.6026361378153429,0.574560111942706,0.6743722949867732,0.57043693141493,0.6812947286921736,10,0.08059148709439543,-0.03577263486388434,0.3779097393207615,197.2,102.8,2.0,0.0,0.0
few_shot_recovery.v1,7e4ca051c3e83074391652e28a163138129c1cb6610f8826248a90cd3d19409a,mugla_2021,bejis_2022,mugla_2021_to_bejis_2022,burnable_tree_shrub_grass,c4ab107db2207f9f20775ccc0b3bf39381173fd07d4e82f6821ce7f40be7db8e,3dec785a7d8e31db2d67ed283546bbfbca1559f56df46663488d0afc24d9e393,10,approximately_5_km,5,42,thermal,primary,roc_auc,higher_is_better,4,10,0.5831912381443964,0.6250342280147108,0.8244685786179753,0.5831912381443964,0.6250342280147108,0.8244685786179753,0.04184298987031432,0.24127734047357885,0.17342279133293226,interpretable,false,false,false,false,0.6250342280147108,0.6044761129750307,0.6885099764500936,0.6010544551261372,0.6891573649912898,10,0.17342279133293226,0.0882174628950084,0.4365048872761016,394.4,191.6,4.0,0.0,0.0
few_shot_recovery.v1,7e4ca051c3e83074391652e28a163138129c1cb6610f8826248a90cd3d19409a,mugla_2021,bejis_2022,mugla_2021_to_bejis_2022,burnable_tree_shrub_grass,c4ab107db2207f9f20775ccc0b3bf39381173fd07d4e82f6821ce7f40be7db8e,3dec785a7d8e31db2d67ed283546bbfbca1559f56df46663488d0afc24d9e393,10,approximately_5_km,5,42,thermal,primary,roc_auc,higher_is_better,8,10,0.5831912381443964,0.666243693141493,0.8244685786179753,0.5831912381443964,0.666243693141493,0.8244685786179753,0.08305245499709657,0.24127734047357885,0.3442198709339274,interpretable,false,false,false,false,0.666243693141493,0.6334842151106523,0.6994840263887993,0.6319467707594039,0.7008385702303375,10,0.3442198709339274,0.20844467560667285,0.48198802264706464,787.9,383.6,8.0,0.0,0.0
few_shot_recovery.v1,7e4ca051c3e83074391652e28a163138129c1cb6610f8826248a90cd3d19409a,mugla_2021,bejis_2022,mugla_2021_to_bejis_2022,burnable_tree_shrub_grass,c4ab107db2207f9f20775ccc0b3bf39381173fd07d4e82f6821ce7f40be7db8e,3dec785a7d8e31db2d67ed283546bbfbca1559f56df46663488d0afc24d9e393,10,approximately_5_km,5,42,thermal,primary,roc_auc,higher_is_better,16,10,0.5831912381443964,0.7431052003355054,0.8244685786179753,0.5831912381443964,0.7431052003355054,0.8244685786179753,0.15991396219110898,0.24127734047357885,0.662780689961312,interpretable,false,false,false,false,0.7431052003355054,0.7355433511839473,0.7485813423446674,0.7354547390154204,0.7486579779340603,10,0.6627806899613122,0.6314397893333638,0.685477152042722,1572.6,860.0,12.0,3.0,1.0
few_shot_recovery.v1,7e4ca051c3e83074391652e28a163138129c1cb6610f8826248a90cd3d19409a,mugla_2021,bejis_2022,mugla_2021_to_bejis_2022,burnable_tree_shrub_grass,c4ab107db2207f9f20775ccc0b3bf39381173fd07d4e82f6821ce7f40be7db8e,3dec785a7d8e31db2d67ed283546bbfbca1559f56df46663488d0afc24d9e393,10,approximately_5_km,5,42,thermal,primary,roc_auc,higher_is_better,32,10,0.5831912381443964,0.7888256016517194,0.8244685786179753,0.5831912381443964,0.7888256016517194,0.8244685786179753,0.205634363507323,0.24127734047357885,0.8522738318637968,interpretable,false,false,false,false,0.7888256016517194,0.7733260081295568,0.797340142912446,0.77180624556423,0.7985352603393768,10,0.852273831863797,0.7880340922689386,0.8875632678465305,2965.7,880.0,12.0,3.0,17.0
few_shot_recovery.v1,7e4ca051c3e83074391652e28a163138129c1cb6610f8826248a90cd3d19409a,mugla_2021,manavgat_2021,mugla_2021_to_manavgat_2021,burnable_tree_shrub_grass,c4ab107db2207f9f20775ccc0b3bf39381173fd07d4e82f6821ce7f40be7db8e,054a1961fc0582a33d36413263668b63074b21ae8b03d12269b6e228787f3439,10,approximately_5_km,5,42,baseline,secondary,brier_score,lower_is_better_oriented_by_negation,0,1,0.1962628794634544,0.1962628794634544,0.0751508582843908,-0.1962628794634544,-0.1962628794634544,-0.0751508582843908,0.0,0.12111202117906358,0.0,interpretable,false,false,false,false,0.1962628794634544,0.1962628794634544,0.1962628794634544,0.1962628794634544,0.1962628794634544,1,0.0,0.0,0.0,0.0,0.0,0.0,0.0,0.0
few_shot_recovery.v1,7e4ca051c3e83074391652e28a163138129c1cb6610f8826248a90cd3d19409a,mugla_2021,manavgat_2021,mugla_2021_to_manavgat_2021,burnable_tree_shrub_grass,c4ab107db2207f9f20775ccc0b3bf39381173fd07d4e82f6821ce7f40be7db8e,054a1961fc0582a33d36413263668b63074b21ae8b03d12269b6e228787f3439,10,approximately_5_km,5,42,baseline,secondary,brier_score,lower_is_better_oriented_by_negation,1,10,0.1962628794634544,0.1975598164721188,0.0751508582843908,-0.1962628794634544,-0.1975598164721188,-0.0751508582843908,-0.0012969370086644005,0.12111202117906358,-0.010708573732304286,interpretable,false,false,true,false,0.1975598164721188,0.19635728332434033,0.19992739866224735,0.1962055519096874,0.2001090247628457,10,-0.0107085737323044,-0.030257270608794455,-0.0007794755629284399,98.3,29.7,1.0,0.0,0.0
few_shot_recovery.v1,7e4ca051c3e83074391652e28a163138129c1cb6610f8826248a90cd3d19409a,mugla_2021,manavgat_2021,mugla_2021_to_manavgat_2021,burnable_tree_shrub_grass,c4ab107db2207f9f20775ccc0b3bf39381173fd07d4e82f6821ce7f40be7db8e,054a1961fc0582a33d36413263668b63074b21ae8b03d12269b6e228787f3439,10,approximately_5_km,5,42,baseline,secondary,brier_score,lower_is_better_oriented_by_negation,2,10,0.1962628794634544,0.19795746607286857,0.0751508582843908,-0.1962628794634544,-0.19795746607286857,-0.0751508582843908,-0.0016945866094141837,0.12111202117906358,-0.013991894387665654,interpretable,false,false,true,false,0.19795746607286857,0.19588305370037692,0.20063283338966692,0.1956584119116153,0.2007752391063607,10,-0.01399189438766554,-0.03608191725040712,0.0031361524593491374,195.0,52.2,2.0,0.0,0.0
few_shot_recovery.v1,7e4ca051c3e83074391652e28a163138129c1cb6610f8826248a90cd3d19409a,mugla_2021,manavgat_2021,mugla_2021_to_manavgat_2021,burnable_tree_shrub_grass,c4ab107db2207f9f20775ccc0b3bf39381173fd07d4e82f6821ce7f40be7db8e,054a1961fc0582a33d36413263668b63074b21ae8b03d12269b6e228787f3439,10,approximately_5_km,5,42,baseline,secondary,brier_score,lower_is_better_oriented_by_negation,4,10,0.1962628794634544,0.19953073642370334,0.0751508582843908,-0.1962628794634544,-0.19953073642370334,-0.0751508582843908,-0.0032678569602489493,0.12111202117906358,-0.026982102424146958,interpretable,false,false,true,false,0.19953073642370334,0.19596378000226,0.20280236524061043,0.1952685895004191,0.203469054043097,10,-0.026982102424147072,-0.05399534838484313,0.002469610021222984,389.8,102.5,4.0,0.0,0.0
few_shot_recovery.v1,7e4ca051c3e83074391652e28a163138129c1cb6610f8826248a90cd3d19409a,mugla_2021,manavgat_2021,mugla_2021_to_manavgat_2021,burnable_tree_shrub_grass,c4ab107db2207f9f20775ccc0b3bf39381173fd07d4e82f6821ce7f40be7db8e,054a1961fc0582a33d36413263668b63074b21ae8b03d12269b6e228787f3439,10,approximately_5_km,5,42,baseline,secondary,brier_score,lower_is_better_oriented_by_negation,8,10,0.1962628794634544,0.201083428097487,0.0751508582843908,-0.1962628794634544,-0.201083428097487,-0.0751508582843908,-0.004820548634032612,0.12111202117906358,-0.03980239605534658,interpretable,false,false,true,false,0.201083428097487,0.19793344313479727,0.20465689506679416,0.1973089714564747,0.2052066604985455,10,-0.03980239605534658,-0.06930786491399778,-0.01379354134362077,782.9,214.1,8.0,0.0,0.0
few_shot_recovery.v1,7e4ca051c3e83074391652e28a163138129c1cb6610f8826248a90cd3d19409a,mugla_2021,manavgat_2021,mugla_2021_to_manavgat_2021,burnable_tree_shrub_grass,c4ab107db2207f9f20775ccc0b3bf39381173fd07d4e82f6821ce7f40be7db8e,054a1961fc0582a33d36413263668b63074b21ae8b03d12269b6e228787f3439,10,approximately_5_km,5,42,baseline,secondary,brier_score,lower_is_better_oriented_by_negation,16,10,0.1962628794634544,0.20100740979386095,0.0751508582843908,-0.1962628794634544,-0.20100740979386095,-0.0751508582843908,-0.00474453033040656,0.12111202117906358,-0.039174726705219404,interpretable,false,false,true,false,0.20100740979386095,0.19839817872134466,0.20244214483002754,0.1981539049006541,0.2025433575730137,10,-0.039174726705219404,-0.05102107376638644,-0.017630778820322435,1553.7,390.3,15.0,0.0,1.0
few_shot_recovery.v1,7e4ca051c3e83074391652e28a163138129c1cb6610f8826248a90cd3d19409a,mugla_2021,manavgat_2021,mugla_2021_to_manavgat_2021,burnable_tree_shrub_grass,c4ab107db2207f9f20775ccc0b3bf39381173fd07d4e82f6821ce7f40be7db8e,054a1961fc0582a33d36413263668b63074b21ae8b03d12269b6e228787f3439,10,approximately_5_km,5,42,baseline,secondary,brier_score,lower_is_better_oriented_by_negation,32,10,0.1962628794634544,0.1880325553338603,0.0751508582843908,-0.1962628794634544,-0.1880325553338603,-0.0751508582843908,0.008230324129594097,0.12111202117906358,0.06795629409425509,interpretable,false,false,false,false,0.1880325553338603,0.18554629472454134,0.18940370593679384,0.1855456171886984,0.1897655155997551,10,0.0679562940942551,0.0566349521697709,0.08848489716036222,2999.3,627.0,21.0,2.0,10.0
few_shot_recovery.v1,7e4ca051c3e83074391652e28a163138129c1cb6610f8826248a90cd3d19409a,mugla_2021,manavgat_2021,mugla_2021_to_manavgat_2021,burnable_tree_shrub_grass,c4ab107db2207f9f20775ccc0b3bf39381173fd07d4e82f6821ce7f40be7db8e,054a1961fc0582a33d36413263668b63074b21ae8b03d12269b6e228787f3439,10,approximately_5_km,5,42,baseline,secondary,pr_auc,higher_is_better,0,1,0.0378368644741754,0.0378368644741754,0.0843461463684208,0.0378368644741754,0.0378368644741754,0.0843461463684208,0.0,0.046509281894245406,0.0,interpretable,false,false,false,false,0.0378368644741754,0.0378368644741754,0.0378368644741754,0.0378368644741754,0.0378368644741754,1,0.0,0.0,0.0,0.0,0.0,0.0,0.0,0.0
few_shot_recovery.v1,7e4ca051c3e83074391652e28a163138129c1cb6610f8826248a90cd3d19409a,mugla_2021,manavgat_2021,mugla_2021_to_manavgat_2021,burnable_tree_shrub_grass,c4ab107db2207f9f20775ccc0b3bf39381173fd07d4e82f6821ce7f40be7db8e,054a1961fc0582a33d36413263668b63074b21ae8b03d12269b6e228787f3439,10,approximately_5_km,5,42,baseline,secondary,pr_auc,higher_is_better,1,10,0.0378368644741754,0.03794832851960195,0.0843461463684208,0.0378368644741754,0.03794832851960195,0.0843461463684208,0.00011146404542655003,0.046509281894245406,0.002396597859326258,interpretable,false,false,false,false,0.03794832851960195,0.03758285000438283,0.03826581788031255,0.037553092634874,0.0382731962016189,10,0.002396597859326258,-0.005461586579000685,0.009222963431525942,98.3,29.7,1.0,0.0,0.0
few_shot_recovery.v1,7e4ca051c3e83074391652e28a163138129c1cb6610f8826248a90cd3d19409a,mugla_2021,manavgat_2021,mugla_2021_to_manavgat_2021,burnable_tree_shrub_grass,c4ab107db2207f9f20775ccc0b3bf39381173fd07d4e82f6821ce7f40be7db8e,054a1961fc0582a33d36413263668b63074b21ae8b03d12269b6e228787f3439,10,approximately_5_km,5,42,baseline,secondary,pr_auc,higher_is_better,2,10,0.0378368644741754,0.038151436076632655,0.0843461463684208,0.0378368644741754,0.038151436076632655,0.0843461463684208,0.0003145716024572573,0.046509281894245406,0.006763630605446506,interpretable,false,false,false,false,0.038151436076632655,0.03765547974735135,0.03840062968583856,0.037554599366928,0.0384153561373203,10,0.006763630605446432,-0.003899968338287513,0.01212156345361496,195.0,52.2,2.0,0.0,0.0
few_shot_recovery.v1,7e4ca051c3e83074391652e28a163138129c1cb6610f8826248a90cd3d19409a,mugla_2021,manavgat_2021,mugla_2021_to_manavgat_2021,burnable_tree_shrub_grass,c4ab107db2207f9f20775ccc0b3bf39381173fd07d4e82f6821ce7f40be7db8e,054a1961fc0582a33d36413263668b63074b21ae8b03d12269b6e228787f3439,10,approximately_5_km,5,42,baseline,secondary,pr_auc,higher_is_better,4,10,0.0378368644741754,0.0383760294525705,0.0843461463684208,0.0378368644741754,0.0383760294525705,0.0843461463684208,0.0005391649783951027,0.046509281894245406,0.011592631759421202,interpretable,false,false,false,false,0.0383760294525705,0.03794535056250155,0.03899431728859773,0.0379196327178308,0.0389960780720815,10,0.011592631759421126,0.0023325685520758847,0.024886490766599927,389.8,102.5,4.0,0.0,0.0
few_shot_recovery.v1,7e4ca051c3e83074391652e28a163138129c1cb6610f8826248a90cd3d19409a,mugla_2021,manavgat_2021,mugla_2021_to_manavgat_2021,burnable_tree_shrub_grass,c4ab107db2207f9f20775ccc0b3bf39381173fd07d4e82f6821ce7f40be7db8e,054a1961fc0582a33d36413263668b63074b21ae8b03d12269b6e228787f3439,10,approximately_5_km,5,42,baseline,secondary,pr_auc,higher_is_better,8,10,0.0378368644741754,0.03895804131941305,0.0843461463684208,0.0378368644741754,0.03895804131941305,0.0843461463684208,0.0011211768452376522,0.046509281894245406,0.024106518087873882,interpretable,false,false,false,false,0.03895804131941305,0.03826142284920249,0.03934212502605307,0.0382091254172227,0.0393540646245928,10,0.024106518087873882,0.00912846549625232,0.03236473431906328,782.9,214.1,8.0,0.0,0.0
few_shot_recovery.v1,7e4ca051c3e83074391652e28a163138129c1cb6610f8826248a90cd3d19409a,mugla_2021,manavgat_2021,mugla_2021_to_manavgat_2021,burnable_tree_shrub_grass,c4ab107db2207f9f20775ccc0b3bf39381173fd07d4e82f6821ce7f40be7db8e,054a1961fc0582a33d36413263668b63074b21ae8b03d12269b6e228787f3439,10,approximately_5_km,5,42,baseline,secondary,pr_auc,higher_is_better,16,10,0.0378368644741754,0.0396176875763905,0.0843461463684208,0.0378368644741754,0.0396176875763905,0.0843461463684208,0.0017808231022151053,0.046509281894245406,0.03828962799865217,interpretable,false,false,false,false,0.0396176875763905,0.03876282253237336,0.04037025326544044,0.0386307673115439,0.0403834700452546,10,0.0382896279986521,0.01990910245192442,0.054470606470028056,1553.7,390.3,15.0,0.0,1.0
few_shot_recovery.v1,7e4ca051c3e83074391652e28a163138129c1cb6610f8826248a90cd3d19409a,mugla_2021,manavgat_2021,mugla_2021_to_manavgat_2021,burnable_tree_shrub_grass,c4ab107db2207f9f20775ccc0b3bf39381173fd07d4e82f6821ce7f40be7db8e,054a1961fc0582a33d36413263668b63074b21ae8b03d12269b6e228787f3439,10,approximately_5_km,5,42,baseline,secondary,pr_auc,higher_is_better,32,10,0.0378368644741754,0.041856087787215696,0.0843461463684208,0.0378368644741754,0.041856087787215696,0.0843461463684208,0.004019223313040297,0.046509281894245406,0.08641766007437746,interpretable,false,false,false,false,0.041856087787215696,0.04093559526145929,0.042144472665165744,0.0407770040738778,0.0421529599705449,10,0.08641766007437753,0.06662607249731148,0.09261824770344008,2999.3,627.0,21.0,2.0,10.0
few_shot_recovery.v1,7e4ca051c3e83074391652e28a163138129c1cb6610f8826248a90cd3d19409a,mugla_2021,manavgat_2021,mugla_2021_to_manavgat_2021,burnable_tree_shrub_grass,c4ab107db2207f9f20775ccc0b3bf39381173fd07d4e82f6821ce7f40be7db8e,054a1961fc0582a33d36413263668b63074b21ae8b03d12269b6e228787f3439,10,approximately_5_km,5,42,baseline,secondary,roc_auc,higher_is_better,0,1,0.52151982986128,0.52151982986128,0.7475502988238435,0.52151982986128,0.52151982986128,0.7475502988238435,0.0,0.2260304689625635,0.0,interpretable,false,false,false,false,0.52151982986128,0.52151982986128,0.52151982986128,0.52151982986128,0.52151982986128,1,0.0,0.0,0.0,0.0,0.0,0.0,0.0,0.0
few_shot_recovery.v1,7e4ca051c3e83074391652e28a163138129c1cb6610f8826248a90cd3d19409a,mugla_2021,manavgat_2021,mugla_2021_to_manavgat_2021,burnable_tree_shrub_grass,c4ab107db2207f9f20775ccc0b3bf39381173fd07d4e82f6821ce7f40be7db8e,054a1961fc0582a33d36413263668b63074b21ae8b03d12269b6e228787f3439,10,approximately_5_km,5,42,baseline,secondary,roc_auc,higher_is_better,1,10,0.52151982986128,0.5207021959440237,0.7475502988238435,0.52151982986128,0.5207021959440237,0.7475502988238435,-0.0008176339172563107,0.2260304689625635,-0.0036173615044427132,interpretable,false,false,true,false,0.5207021959440237,0.5184240326890629,0.5241953267975209,0.5183702048264939,0.524423236877252,10,-0.003617361504442713,-0.013696371053098517,0.011836886188489897,98.3,29.7,1.0,0.0,0.0
few_shot_recovery.v1,7e4ca051c3e83074391652e28a163138129c1cb6610f8826248a90cd3d19409a,mugla_2021,manavgat_2021,mugla_2021_to_manavgat_2021,burnable_tree_shrub_grass,c4ab107db2207f9f20775ccc0b3bf39381173fd07d4e82f6821ce7f40be7db8e,054a1961fc0582a33d36413263668b63074b21ae8b03d12269b6e228787f3439,10,approximately_5_km,5,42,baseline,secondary,roc_auc,higher_is_better,2,10,0.52151982986128,0.5228949135288525,0.7475502988238435,0.52151982986128,0.5228949135288525,0.7475502988238435,0.001375083667572552,0.2260304689625635,0.006083620822820579,interpretable,false,false,false,false,0.5228949135288525,0.5172632081612997,0.5260231884612718,0.5162157325037786,0.526224417378854,10,0.006083620822820824,-0.018832070382003744,0.019923679407742617,195.0,52.2,2.0,0.0,0.0
few_shot_recovery.v1,7e4ca051c3e83074391652e28a163138129c1cb6610f8826248a90cd3d19409a,mugla_2021,manavgat_2021,mugla_2021_to_manavgat_2021,burnable_tree_shrub_grass,c4ab107db2207f9f20775ccc0b3bf39381173fd07d4e82f6821ce7f40be7db8e,054a1961fc0582a33d36413263668b63074b21ae8b03d12269b6e228787f3439,10,approximately_5_km,5,42,baseline,secondary,roc_auc,higher_is_better,4,10,0.52151982986128,0.5233702798298819,0.7475502988238435,0.52151982986128,0.5233702798298819,0.7475502988238435,0.0018504499686019527,0.2260304689625635,0.008186727997756953,interpretable,false,false,false,false,0.5233702798298819,0.5207835697707379,0.5290332716322702,0.5204412682090123,0.5292096815407867,10,0.008186727997756953,-0.0032573488606261903,0.033240836093803974,389.8,102.5,4.0,0.0,0.0
few_shot_recovery.v1,7e4ca051c3e83074391652e28a163138129c1cb6610f8826248a90cd3d19409a,mugla_2021,manavgat_2021,mugla_2021_to_manavgat_2021,burnable_tree_shrub_grass,c4ab107db2207f9f20775ccc0b3bf39381173fd07d4e82f6821ce7f40be7db8e,054a1961fc0582a33d36413263668b63074b21ae8b03d12269b6e228787f3439,10,approximately_5_km,5,42,baseline,secondary,roc_auc,higher_is_better,8,10,0.52151982986128,0.5273213096005371,0.7475502988238435,0.52151982986128,0.5273213096005371,0.7475502988238435,0.005801479739257154,0.2260304689625635,0.02566680397507837,interpretable,false,false,false,false,0.5273213096005371,0.5214402890915072,0.5328989106921727,0.5208552093215245,0.5333821976096161,10,0.025666803975078374,-0.00035190286574112925,0.05034312800004556,782.9,214.1,8.0,0.0,0.0
few_shot_recovery.v1,7e4ca051c3e83074391652e28a163138129c1cb6610f8826248a90cd3d19409a,mugla_2021,manavgat_2021,mugla_2021_to_manavgat_2021,burnable_tree_shrub_grass,c4ab107db2207f9f20775ccc0b3bf39381173fd07d4e82f6821ce7f40be7db8e,054a1961fc0582a33d36413263668b63074b21ae8b03d12269b6e228787f3439,10,approximately_5_km,5,42,baseline,secondary,roc_auc,higher_is_better,16,10,0.52151982986128,0.5325853835983625,0.7475502988238435,0.52151982986128,0.5325853835983625,0.7475502988238435,0.011065553737082512,0.2260304689625635,0.048956026981102505,interpretable,false,false,false,false,0.5325853835983625,0.5264516307676312,0.5386818206270697,0.526118960028884,0.5391949601861326,10,0.048956026981102754,0.02181918627602393,0.07592777577536317,1553.7,390.3,15.0,0.0,1.0
few_shot_recovery.v1,7e4ca051c3e83074391652e28a163138129c1cb6610f8826248a90cd3d19409a,mugla_2021,manavgat_2021,mugla_2021_to_manavgat_2021,burnable_tree_shrub_grass,c4ab107db2207f9f20775ccc0b3bf39381173fd07d4e82f6821ce7f40be7db8e,054a1961fc0582a33d36413263668b63074b21ae8b03d12269b6e228787f3439,10,approximately_5_km,5,42,baseline,secondary,roc_auc,higher_is_better,32,10,0.52151982986128,0.554762414483206,0.7475502988238435,0.52151982986128,0.554762414483206,0.7475502988238435,0.033242584621925975,0.2260304689625635,0.1470712544839776,interpretable,false,false,false,false,0.554762414483206,0.549387232018067,0.5579188334671324,0.5482669432653682,0.5584824693805134,10,0.14707125448397734,0.12329046736350655,0.16103582748342257,2999.3,627.0,21.0,2.0,10.0
few_shot_recovery.v1,7e4ca051c3e83074391652e28a163138129c1cb6610f8826248a90cd3d19409a,mugla_2021,manavgat_2021,mugla_2021_to_manavgat_2021,burnable_tree_shrub_grass,c4ab107db2207f9f20775ccc0b3bf39381173fd07d4e82f6821ce7f40be7db8e,054a1961fc0582a33d36413263668b63074b21ae8b03d12269b6e228787f3439,10,approximately_5_km,5,42,thermal,primary,brier_score,lower_is_better_oriented_by_negation,0,1,0.1771174428060858,0.1771174428060858,0.0550903044155172,-0.1771174428060858,-0.1771174428060858,-0.0550903044155172,0.0,0.1220271383905686,0.0,interpretable,false,false,false,false,0.1771174428060858,0.1771174428060858,0.1771174428060858,0.1771174428060858,0.1771174428060858,1,0.0,0.0,0.0,0.0,0.0,0.0,0.0,0.0
few_shot_recovery.v1,7e4ca051c3e83074391652e28a163138129c1cb6610f8826248a90cd3d19409a,mugla_2021,manavgat_2021,mugla_2021_to_manavgat_2021,burnable_tree_shrub_grass,c4ab107db2207f9f20775ccc0b3bf39381173fd07d4e82f6821ce7f40be7db8e,054a1961fc0582a33d36413263668b63074b21ae8b03d12269b6e228787f3439,10,approximately_5_km,5,42,thermal,primary,brier_score,lower_is_better_oriented_by_negation,1,10,0.1771174428060858,0.1810654354609206,0.0550903044155172,-0.1771174428060858,-0.1810654354609206,-0.0550903044155172,-0.003947992654834809,0.1220271383905686,-0.03235339865299953,interpretable,false,false,true,false,0.1810654354609206,0.16756274031782784,0.19186488485770323,0.1660629789471605,0.1925194877149868,10,-0.03235339865299952,-0.12085378913349366,0.07829981604318628,98.3,29.7,1.0,0.0,0.0
few_shot_recovery.v1,7e4ca051c3e83074391652e28a163138129c1cb6610f8826248a90cd3d19409a,mugla_2021,manavgat_2021,mugla_2021_to_manavgat_2021,burnable_tree_shrub_grass,c4ab107db2207f9f20775ccc0b3bf39381173fd07d4e82f6821ce7f40be7db8e,054a1961fc0582a33d36413263668b63074b21ae8b03d12269b6e228787f3439,10,approximately_5_km,5,42,thermal,primary,brier_score,lower_is_better_oriented_by_negation,2,10,0.1771174428060858,0.18464289010625778,0.0550903044155172,-0.1771174428060858,-0.18464289010625778,-0.0550903044155172,-0.007525447300171989,0.1220271383905686,-0.061670275968330225,interpretable,false,false,true,false,0.18464289010625778,0.16710385369284908,0.19552061012304872,0.1656528428276883,0.1958225123371202,10,-0.06167027596833034,-0.1508120862267576,0.08206034530766866,195.0,52.2,2.0,0.0,0.0
few_shot_recovery.v1,7e4ca051c3e83074391652e28a163138129c1cb6610f8826248a90cd3d19409a,mugla_2021,manavgat_2021,mugla_2021_to_manavgat_2021,burnable_tree_shrub_grass,c4ab107db2207f9f20775ccc0b3bf39381173fd07d4e82f6821ce7f40be7db8e,054a1961fc0582a33d36413263668b63074b21ae8b03d12269b6e228787f3439,10,approximately_5_km,5,42,thermal,primary,brier_score,lower_is_better_oriented_by_negation,4,10,0.1771174428060858,0.18768399006497594,0.0550903044155172,-0.1771174428060858,-0.18768399006497594,-0.0550903044155172,-0.010566547258890141,0.1220271383905686,-0.08659178112552399,interpretable,false,false,true,false,0.18768399006497594,0.16648337437633265,0.20458099248492037,0.1626137997462899,0.2075423132574859,10,-0.0865917811255241,-0.22506099906180554,0.08714511025995714,389.8,102.5,4.0,0.0,0.0
few_shot_recovery.v1,7e4ca051c3e83074391652e28a163138129c1cb6610f8826248a90cd3d19409a,mugla_2021,manavgat_2021,mugla_2021_to_manavgat_2021,burnable_tree_shrub_grass,c4ab107db2207f9f20775ccc0b3bf39381173fd07d4e82f6821ce7f40be7db8e,054a1961fc0582a33d36413263668b63074b21ae8b03d12269b6e228787f3439,10,approximately_5_km,5,42,thermal,primary,brier_score,lower_is_better_oriented_by_negation,8,10,0.1771174428060858,0.1941746559352939,0.0550903044155172,-0.1771174428060858,-0.1941746559352939,-0.0550903044155172,-0.017057213129208104,0.1220271383905686,-0.13978212841977491,interpretable,false,false,true,false,0.1941746559352939,0.17080180008246437,0.2112586566000401,0.1682171790061769,0.2122054734310651,10,-0.1397821284197749,-0.2797837779714176,0.05175605039107896,782.9,214.1,8.0,0.0,0.0
few_shot_recovery.v1,7e4ca051c3e83074391652e28a163138129c1cb6610f8826248a90cd3d19409a,mugla_2021,manavgat_2021,mugla_2021_to_manavgat_2021,burnable_tree_shrub_grass,c4ab107db2207f9f20775ccc0b3bf39381173fd07d4e82f6821ce7f40be7db8e,054a1961fc0582a33d36413263668b63074b21ae8b03d12269b6e228787f3439,10,approximately_5_km,5,42,thermal,primary,brier_score,lower_is_better_oriented_by_negation,16,10,0.1771174428060858,0.1880517766366405,0.0550903044155172,-0.1771174428060858,-0.1880517766366405,-0.0550903044155172,-0.010934333830554699,0.1220271383905686,-0.08960575470972289,interpretable,false,false,true,false,0.1880517766366405,0.18062908351856166,0.1980964148977169,0.1803971469024487,0.1984750824797408,10,-0.08960575470972289,-0.17192054462905088,-0.028777538822849977,1553.7,390.3,15.0,0.0,1.0
few_shot_recovery.v1,7e4ca051c3e83074391652e28a163138129c1cb6610f8826248a90cd3d19409a,mugla_2021,manavgat_2021,mugla_2021_to_manavgat_2021,burnable_tree_shrub_grass,c4ab107db2207f9f20775ccc0b3bf39381173fd07d4e82f6821ce7f40be7db8e,054a1961fc0582a33d36413263668b63074b21ae8b03d12269b6e228787f3439,10,approximately_5_km,5,42,thermal,primary,brier_score,lower_is_better_oriented_by_negation,32,10,0.1771174428060858,0.15313791713068886,0.0550903044155172,-0.1771174428060858,-0.15313791713068886,-0.0550903044155172,0.023979525675396934,0.1220271383905686,0.19650977636340522,interpretable,false,false,false,false,0.15313791713068886,0.14668069971186243,0.1569807647614873,0.1466324132048634,0.1577563091354292,10,0.19650977636340533,0.16501803049865538,0.24942601699636185,2999.3,627.0,21.0,2.0,10.0
few_shot_recovery.v1,7e4ca051c3e83074391652e28a163138129c1cb6610f8826248a90cd3d19409a,mugla_2021,manavgat_2021,mugla_2021_to_manavgat_2021,burnable_tree_shrub_grass,c4ab107db2207f9f20775ccc0b3bf39381173fd07d4e82f6821ce7f40be7db8e,054a1961fc0582a33d36413263668b63074b21ae8b03d12269b6e228787f3439,10,approximately_5_km,5,42,thermal,primary,pr_auc,higher_is_better,0,1,0.0287387742102901,0.0287387742102901,0.1356418692841229,0.0287387742102901,0.0287387742102901,0.1356418692841229,0.0,0.10690309507383279,0.0,interpretable,false,false,false,false,0.0287387742102901,0.0287387742102901,0.0287387742102901,0.0287387742102901,0.0287387742102901,1,0.0,0.0,0.0,0.0,0.0,0.0,0.0,0.0
few_shot_recovery.v1,7e4ca051c3e83074391652e28a163138129c1cb6610f8826248a90cd3d19409a,mugla_2021,manavgat_2021,mugla_2021_to_manavgat_2021,burnable_tree_shrub_grass,c4ab107db2207f9f20775ccc0b3bf39381173fd07d4e82f6821ce7f40be7db8e,054a1961fc0582a33d36413263668b63074b21ae8b03d12269b6e228787f3439,10,approximately_5_km,5,42,thermal,primary,pr_auc,higher_is_better,1,10,0.0287387742102901,0.0293065904213308,0.1356418692841229,0.0287387742102901,0.0293065904213308,0.1356418692841229,0.000567816211040701,0.10690309507383279,0.005311503943347364,interpretable,false,false,false,false,0.0293065904213308,0.02878330958822386,0.030485472537399545,0.0287660776480192,0.0306802973600822,10,0.005311503943347364,0.00041659577679206174,0.016339080977057635,98.3,29.7,1.0,0.0,0.0
few_shot_recovery.v1,7e4ca051c3e83074391652e28a163138129c1cb6610f8826248a90cd3d19409a,mugla_2021,manavgat_2021,mugla_2021_to_manavgat_2021,burnable_tree_shrub_grass,c4ab107db2207f9f20775ccc0b3bf39381173fd07d4e82f6821ce7f40be7db8e,054a1961fc0582a33d36413263668b63074b21ae8b03d12269b6e228787f3439,10,approximately_5_km,5,42,thermal,primary,pr_auc,higher_is_better,2,10,0.0287387742102901,0.0296438840392996,0.1356418692841229,0.0287387742102901,0.0296438840392996,0.1356418692841229,0.0009051098290095011,0.10690309507383279,0.0084666382052305,interpretable,false,false,false,false,0.0296438840392996,0.028838773104499796,0.030664638191734806,0.0286321314207001,0.0307005583214061,10,0.008466638205230484,0.0009354162677949825,0.018015044186649662,195.0,52.2,2.0,0.0,0.0
few_shot_recovery.v1,7e4ca051c3e83074391652e28a163138129c1cb6610f8826248a90cd3d19409a,mugla_2021,manavgat_2021,mugla_2021_to_manavgat_2021,burnable_tree_shrub_grass,c4ab107db2207f9f20775ccc0b3bf39381173fd07d4e82f6821ce7f40be7db8e,054a1961fc0582a33d36413263668b63074b21ae8b03d12269b6e228787f3439,10,approximately_5_km,5,42,thermal,primary,pr_auc,higher_is_better,4,10,0.0287387742102901,0.031531863031462395,0.1356418692841229,0.0287387742102901,0.031531863031462395,0.1356418692841229,0.002793088821172296,0.10690309507383279,0.026127296120315738,interpretable,false,false,false,false,0.031531863031462395,0.029226007213688888,0.03276616663393292,0.0291953878840812,0.032965185933027,10,0.026127296120315772,0.004557707174542326,0.03767330048640122,389.8,102.5,4.0,0.0,0.0
few_shot_recovery.v1,7e4ca051c3e83074391652e28a163138129c1cb6610f8826248a90cd3d19409a,mugla_2021,manavgat_2021,mugla_2021_to_manavgat_2021,burnable_tree_shrub_grass,c4ab107db2207f9f20775ccc0b3bf39381173fd07d4e82f6821ce7f40be7db8e,054a1961fc0582a33d36413263668b63074b21ae8b03d12269b6e228787f3439,10,approximately_5_km,5,42,thermal,primary,pr_auc,higher_is_better,8,10,0.0287387742102901,0.033089385229889606,0.1356418692841229,0.0287387742102901,0.033089385229889606,0.1356418692841229,0.004350611019599507,0.10690309507383279,0.0406967732467872,interpretable,false,false,false,false,0.033089385229889606,0.03202202461115061,0.03634899543145911,0.0320057425196114,0.0369741795318007,10,0.040696773246787166,0.030712397976811925,0.07118803450838343,782.9,214.1,8.0,0.0,0.0
few_shot_recovery.v1,7e4ca051c3e83074391652e28a163138129c1cb6610f8826248a90cd3d19409a,mugla_2021,manavgat_2021,mugla_2021_to_manavgat_2021,burnable_tree_shrub_grass,c4ab107db2207f9f20775ccc0b3bf39381173fd07d4e82f6821ce7f40be7db8e,054a1961fc0582a33d36413263668b63074b21ae8b03d12269b6e228787f3439,10,approximately_5_km,5,42,thermal,primary,pr_auc,higher_is_better,16,10,0.0287387742102901,0.0373222182089948,0.1356418692841229,0.0287387742102901,0.0373222182089948,0.1356418692841229,0.008583443998704698,0.10690309507383279,0.08029181936010861,interpretable,false,false,false,false,0.0373222182089948,0.03486420119469558,0.03994907487096252,0.0343881648250219,0.0401757277705221,10,0.0802918193601086,0.05729887408942598,0.10486413562610145,1553.7,390.3,15.0,0.0,1.0
few_shot_recovery.v1,7e4ca051c3e83074391652e28a163138129c1cb6610f8826248a90cd3d19409a,mugla_2021,manavgat_2021,mugla_2021_to_manavgat_2021,burnable_tree_shrub_grass,c4ab107db2207f9f20775ccc0b3bf39381173fd07d4e82f6821ce7f40be7db8e,054a1961fc0582a33d36413263668b63074b21ae8b03d12269b6e228787f3439,10,approximately_5_km,5,42,thermal,primary,pr_auc,higher_is_better,32,10,0.0287387742102901,0.0514682438661488,0.1356418692841229,0.0287387742102901,0.0514682438661488,0.1356418692841229,0.022729469655858703,0.10690309507383279,0.21261750784821112,interpretable,false,false,false,false,0.0514682438661488,0.05032237058391639,0.05520347162944127,0.0502496344324747,0.0554304530818954,10,0.2126175078482111,0.20189870423040188,0.24755782235185317,2999.3,627.0,21.0,2.0,10.0
few_shot_recovery.v1,7e4ca051c3e83074391652e28a163138129c1cb6610f8826248a90cd3d19409a,mugla_2021,manavgat_2021,mugla_2021_to_manavgat_2021,burnable_tree_shrub_grass,c4ab107db2207f9f20775ccc0b3bf39381173fd07d4e82f6821ce7f40be7db8e,054a1961fc0582a33d36413263668b63074b21ae8b03d12269b6e228787f3439,10,approximately_5_km,5,42,thermal,primary,roc_auc,higher_is_better,0,1,0.4009996658469744,0.4009996658469744,0.797429847262066,0.4009996658469744,0.4009996658469744,0.797429847262066,0.0,0.3964301814150916,0.0,interpretable,false,false,false,false,0.4009996658469744,0.4009996658469744,0.4009996658469744,0.4009996658469744,0.4009996658469744,1,0.0,0.0,0.0,0.0,0.0,0.0,0.0,0.0
few_shot_recovery.v1,7e4ca051c3e83074391652e28a163138129c1cb6610f8826248a90cd3d19409a,mugla_2021,manavgat_2021,mugla_2021_to_manavgat_2021,burnable_tree_shrub_grass,c4ab107db2207f9f20775ccc0b3bf39381173fd07d4e82f6821ce7f40be7db8e,054a1961fc0582a33d36413263668b63074b21ae8b03d12269b6e228787f3439,10,approximately_5_km,5,42,thermal,primary,roc_auc,higher_is_better,1,10,0.4009996658469744,0.4128019662267502,0.797429847262066,0.4009996658469744,0.4128019662267502,0.797429847262066,0.01180230037977581,0.3964301814150916,0.029771447616946025,interpretable,false,false,false,false,0.4128019662267502,0.40061155240978125,0.4342950680487636,0.4000167981726071,0.4374772403512021,10,0.029771447616946025,-0.0009790209105868712,0.08398806085585721,98.3,29.7,1.0,0.0,0.0
few_shot_recovery.v1,7e4ca051c3e83074391652e28a163138129c1cb6610f8826248a90cd3d19409a,mugla_2021,manavgat_2021,mugla_2021_to_manavgat_2021,burnable_tree_shrub_grass,c4ab107db2207f9f20775ccc0b3bf39381173fd07d4e82f6821ce7f40be7db8e,054a1961fc0582a33d36413263668b63074b21ae8b03d12269b6e228787f3439,10,approximately_5_km,5,42,thermal,primary,roc_auc,higher_is_better,2,10,0.4009996658469744,0.41954596699023294,0.797429847262066,0.4009996658469744,0.41954596699023294,0.797429847262066,0.01854630114325856,0.3964301814150916,0.04678327234585405,interpretable,false,false,false,false,0.41954596699023294,0.399977264597987,0.43750209330576656,0.3957302898855086,0.4375140954643123,10,0.04678327234585405,-0.002579019703640703,0.09207782144258946,195.0,52.2,2.0,0.0,0.0
few_shot_recovery.v1,7e4ca051c3e83074391652e28a163138129c1cb6610f8826248a90cd3d19409a,mugla_2021,manavgat_2021,mugla_2021_to_manavgat_2021,burnable_tree_shrub_grass,c4ab107db2207f9f20775ccc0b3bf39381173fd07d4e82f6821ce7f40be7db8e,054a1961fc0582a33d36413263668b63074b21ae8b03d12269b6e228787f3439,10,approximately_5_km,5,42,thermal,primary,roc_auc,higher_is_better,4,10,0.4009996658469744,0.44722279911609797,0.797429847262066,0.4009996658469744,0.44722279911609797,0.797429847262066,0.046223133269123584,0.3964301814150916,0.11659842120023792,interpretable,false,false,false,false,0.44722279911609797,0.40818428888511865,0.47339755261358357,0.4063667401872292,0.4776283644192203,10,0.11659842120023799,0.018123299826713787,0.1826245582719729,389.8,102.5,4.0,0.0,0.0
few_shot_recovery.v1,7e4ca051c3e83074391652e28a163138129c1cb6610f8826248a90cd3d19409a,mugla_2021,manavgat_2021,mugla_2021_to_manavgat_2021,burnable_tree_shrub_grass,c4ab107db2207f9f20775ccc0b3bf39381173fd07d4e82f6821ce7f40be7db8e,054a1961fc0582a33d36413263668b63074b21ae8b03d12269b6e228787f3439,10,approximately_5_km,5,42,thermal,primary,roc_auc,higher_is_better,8,10,0.4009996658469744,0.47093573451076576,0.797429847262066,0.4009996658469744,0.47093573451076576,0.797429847262066,0.06993606866379137,0.3964301814150916,0.17641459188134606,interpretable,false,false,false,false,0.47093573451076576,0.4503933572085497,0.512239688133326,0.4487876866161885,0.5187481313811072,10,0.17641459188134614,0.12459619291664505,0.28060432202530805,782.9,214.1,8.0,0.0,0.0
few_shot_recovery.v1,7e4ca051c3e83074391652e28a163138129c1cb6610f8826248a90cd3d19409a,mugla_2021,manavgat_2021,mugla_2021_to_manavgat_2021,burnable_tree_shrub_grass,c4ab107db2207f9f20775ccc0b3bf39381173fd07d4e82f6821ce7f40be7db8e,054a1961fc0582a33d36413263668b63074b21ae8b03d12269b6e228787f3439,10,approximately_5_km,5,42,thermal,primary,roc_auc,higher_is_better,16,10,0.4009996658469744,0.5167305402416453,0.797429847262066,0.4009996658469744,0.5167305402416453,0.797429847262066,0.11573087439467095,0.3964301814150916,0.29193255160734644,interpretable,false,false,false,false,0.5167305402416453,0.4904486030231021,0.5364653832207593,0.4862141832958662,0.5380772803874934,10,0.2919325516073466,0.22563604228323902,0.3417139353270943,1553.7,390.3,15.0,0.0,1.0
few_shot_recovery.v1,7e4ca051c3e83074391652e28a163138129c1cb6610f8826248a90cd3d19409a,mugla_2021,manavgat_2021,mugla_2021_to_manavgat_2021,burnable_tree_shrub_grass,c4ab107db2207f9f20775ccc0b3bf39381173fd07d4e82f6821ce7f40be7db8e,054a1961fc0582a33d36413263668b63074b21ae8b03d12269b6e228787f3439,10,approximately_5_km,5,42,thermal,primary,roc_auc,higher_is_better,32,10,0.4009996658469744,0.6261843746217503,0.797429847262066,0.4009996658469744,0.6261843746217503,0.797429847262066,0.22518470877477587,0.3964301814150916,0.568031192708284,interpretable,false,false,false,false,0.6261843746217503,0.6200451339353605,0.6433956186900168,0.6196757293174278,0.643412814509897,10,0.568031192708284,0.5525448826991035,0.611446767190604,2999.3,627.0,21.0,2.0,10.0
